condition_id,condition_name,parent_field,parent_record,values_raw,programs_in_scope,condition_group_size
COND::AUD-TRANSACTION::AUD-TYPE,AUD-TRANSACTION,AUD-TYPE,REC-AUDITLOG-AUDIT-RECORD,[],AUDPROC,1
COND::AUD-USER-ACTION::AUD-TYPE,AUD-USER-ACTION,AUD-TYPE,REC-AUDITLOG-AUDIT-RECORD,[],AUDPROC,1
COND::AUD-SYSTEM-EVENT::AUD-TYPE,AUD-SYSTEM-EVENT,AUD-TYPE,REC-AUDITLOG-AUDIT-RECORD,[],AUDPROC,1
COND::AUD-CREATE::AUD-ACTION,AUD-CREATE,AUD-ACTION,REC-AUDITLOG-AUDIT-RECORD,[],AUDPROC,1
COND::AUD-UPDATE::AUD-ACTION,AUD-UPDATE,AUD-ACTION,REC-AUDITLOG-AUDIT-RECORD,[],AUDPROC,1
COND::AUD-DELETE::AUD-ACTION,AUD-DELETE,AUD-ACTION,REC-AUDITLOG-AUDIT-RECORD,[],AUDPROC,1
COND::AUD-INQUIRE::AUD-ACTION,AUD-INQUIRE,AUD-ACTION,REC-AUDITLOG-AUDIT-RECORD,[],AUDPROC,1
COND::AUD-LOGIN::AUD-ACTION,AUD-LOGIN,AUD-ACTION,REC-AUDITLOG-AUDIT-RECORD,[],AUDPROC,1
COND::AUD-LOGOUT::AUD-ACTION,AUD-LOGOUT,AUD-ACTION,REC-AUDITLOG-AUDIT-RECORD,[],AUDPROC,1
COND::AUD-STARTUP::AUD-ACTION,AUD-STARTUP,AUD-ACTION,REC-AUDITLOG-AUDIT-RECORD,[],AUDPROC,1
COND::AUD-SHUTDOWN::AUD-ACTION,AUD-SHUTDOWN,AUD-ACTION,REC-AUDITLOG-AUDIT-RECORD,[],AUDPROC,1
COND::AUD-SUCCESS::AUD-STATUS,AUD-SUCCESS,AUD-STATUS,REC-AUDITLOG-AUDIT-RECORD,[],AUDPROC,1
COND::AUD-FAILURE::AUD-STATUS,AUD-FAILURE,AUD-STATUS,REC-AUDITLOG-AUDIT-RECORD,[],AUDPROC,1
COND::AUD-WARNING::AUD-STATUS,AUD-WARNING,AUD-STATUS,REC-AUDITLOG-AUDIT-RECORD,[],AUDPROC,1
COND::BCT-STATUS-READY::BCT-STATUS,BCT-STATUS-READY,BCT-STATUS,REC-BCHCTL-BATCH-CONTROL-RECORD,[],BCHCTL00|CKPRST|HISTLD00|PRCSEQ00|RCVPRC00,1
COND::BCT-STATUS-ACTIVE::BCT-STATUS,BCT-STATUS-ACTIVE,BCT-STATUS,REC-BCHCTL-BATCH-CONTROL-RECORD,[],BCHCTL00|CKPRST|HISTLD00|PRCSEQ00|RCVPRC00,1
COND::BCT-STATUS-WAITING::BCT-STATUS,BCT-STATUS-WAITING,BCT-STATUS,REC-BCHCTL-BATCH-CONTROL-RECORD,[],BCHCTL00|CKPRST|HISTLD00|PRCSEQ00|RCVPRC00,1
COND::BCT-STATUS-DONE::BCT-STATUS,BCT-STATUS-DONE,BCT-STATUS,REC-BCHCTL-BATCH-CONTROL-RECORD,[],BCHCTL00|CKPRST|HISTLD00|PRCSEQ00|RCVPRC00,1
COND::BCT-STATUS-ERROR::BCT-STATUS,BCT-STATUS-ERROR,BCT-STATUS,REC-BCHCTL-BATCH-CONTROL-RECORD,[],BCHCTL00|CKPRST|HISTLD00|PRCSEQ00|RCVPRC00,1
COND::CK-INITIAL::CK-STATUS,CK-INITIAL,CK-STATUS,REC-CKPRST-CHECKPOINT-CONTROL,[],CKPRST,1
COND::CK-ACTIVE::CK-STATUS,CK-ACTIVE,CK-STATUS,REC-CKPRST-CHECKPOINT-CONTROL,[],CKPRST,1
COND::CK-COMPLETE::CK-STATUS,CK-COMPLETE,CK-STATUS,REC-CKPRST-CHECKPOINT-CONTROL,[],CKPRST,1
COND::CK-FAILED::CK-STATUS,CK-FAILED,CK-STATUS,REC-CKPRST-CHECKPOINT-CONTROL,[],CKPRST,1
COND::CK-RESTARTED::CK-STATUS,CK-RESTARTED,CK-STATUS,REC-CKPRST-CHECKPOINT-CONTROL,[],CKPRST,1
COND::CK-PHASE-INIT::CK-PHASE,CK-PHASE-INIT,CK-PHASE,REC-CKPRST-CHECKPOINT-CONTROL,[],CKPRST,1
COND::CK-PHASE-READ::CK-PHASE,CK-PHASE-READ,CK-PHASE,REC-CKPRST-CHECKPOINT-CONTROL,[],CKPRST,1
COND::CK-PHASE-PROC::CK-PHASE,CK-PHASE-PROC,CK-PHASE,REC-CKPRST-CHECKPOINT-CONTROL,[],CKPRST,1
COND::CK-PHASE-UPDT::CK-PHASE,CK-PHASE-UPDT,CK-PHASE,REC-CKPRST-CHECKPOINT-CONTROL,[],CKPRST,1
COND::CK-PHASE-TERM::CK-PHASE,CK-PHASE-TERM,CK-PHASE,REC-CKPRST-CHECKPOINT-CONTROL,[],CKPRST,1
COND::CK-MODE-NORMAL::CK-RESTART-MODE,CK-MODE-NORMAL,CK-RESTART-MODE,REC-CKPRST-CHECKPOINT-CONTROL,[],CKPRST,1
COND::CK-MODE-RESTART::CK-RESTART-MODE,CK-MODE-RESTART,CK-RESTART-MODE,REC-CKPRST-CHECKPOINT-CONTROL,[],CKPRST,1
COND::CK-MODE-RECOVER::CK-RESTART-MODE,CK-MODE-RECOVER,CK-RESTART-MODE,REC-CKPRST-CHECKPOINT-CONTROL,[],CKPRST,1
COND::HIST-TYPE-PORT::HIST-RECORD-TYPE,HIST-TYPE-PORT,HIST-RECORD-TYPE,REC-HISTREC-HISTORY-RECORD,[],,1
COND::HIST-TYPE-POS::HIST-RECORD-TYPE,HIST-TYPE-POS,HIST-RECORD-TYPE,REC-HISTREC-HISTORY-RECORD,[],,1
COND::HIST-TYPE-TRN::HIST-RECORD-TYPE,HIST-TYPE-TRN,HIST-RECORD-TYPE,REC-HISTREC-HISTORY-RECORD,[],,1
COND::HIST-ACTION-ADD::HIST-ACTION-CODE,HIST-ACTION-ADD,HIST-ACTION-CODE,REC-HISTREC-HISTORY-RECORD,[],,1
COND::HIST-ACTION-CHG::HIST-ACTION-CODE,HIST-ACTION-CHG,HIST-ACTION-CODE,REC-HISTREC-HISTORY-RECORD,[],,1
COND::HIST-ACTION-DEL::HIST-ACTION-CODE,HIST-ACTION-DEL,HIST-ACTION-CODE,REC-HISTREC-HISTORY-RECORD,[],,1
COND::PORT-INDIVIDUAL::PORT-CLIENT-TYPE,PORT-INDIVIDUAL,PORT-CLIENT-TYPE,REC-PORTFLIO-PORT-RECORD,[],PORTTEST,1
COND::PORT-CORPORATE::PORT-CLIENT-TYPE,PORT-CORPORATE,PORT-CLIENT-TYPE,REC-PORTFLIO-PORT-RECORD,[],PORTTEST,1
COND::PORT-TRUST::PORT-CLIENT-TYPE,PORT-TRUST,PORT-CLIENT-TYPE,REC-PORTFLIO-PORT-RECORD,[],PORTTEST,1
COND::PORT-ACTIVE::PORT-STATUS,PORT-ACTIVE,PORT-STATUS,REC-PORTFLIO-PORT-RECORD,[],PORTTEST,1
COND::PORT-CLOSED::PORT-STATUS,PORT-CLOSED,PORT-STATUS,REC-PORTFLIO-PORT-RECORD,[],PORTTEST,1
COND::PORT-SUSPENDED::PORT-STATUS,PORT-SUSPENDED,PORT-STATUS,REC-PORTFLIO-PORT-RECORD,[],PORTTEST,1
COND::POS-STATUS-ACTIVE::POS-STATUS,POS-STATUS-ACTIVE,POS-STATUS,REC-POSREC-POSITION-RECORD,[],INQPORT,1
COND::POS-STATUS-CLOSED::POS-STATUS,POS-STATUS-CLOSED,POS-STATUS,REC-POSREC-POSITION-RECORD,[],INQPORT,1
COND::POS-STATUS-PEND::POS-STATUS,POS-STATUS-PEND,POS-STATUS,REC-POSREC-POSITION-RECORD,[],INQPORT,1
COND::RC-SUCCESS::RETURN-CODE,RC-SUCCESS,RETURN-CODE,REC-RETHND-RETURN-HANDLING,[],CKPRST,1
COND::RC-WARNING::RETURN-CODE,RC-WARNING,RETURN-CODE,REC-RETHND-RETURN-HANDLING,[],CKPRST,1
COND::RC-ERROR::RETURN-CODE,RC-ERROR,RETURN-CODE,REC-RETHND-RETURN-HANDLING,[],CKPRST,1
COND::RC-SEVERE::RETURN-CODE,RC-SEVERE,RETURN-CODE,REC-RETHND-RETURN-HANDLING,[],CKPRST,1
COND::RC-CRITICAL::RETURN-CODE,RC-CRITICAL,RETURN-CODE,REC-RETHND-RETURN-HANDLING,[],CKPRST,1
COND::ERR-VALIDATION::ERROR-TYPE,ERR-VALIDATION,ERROR-TYPE,REC-RETHND-RETURN-HANDLING,[],CKPRST,1
COND::ERR-PROCESSING::ERROR-TYPE,ERR-PROCESSING,ERROR-TYPE,REC-RETHND-RETURN-HANDLING,[],CKPRST,1
COND::ERR-DATABASE::ERROR-TYPE,ERR-DATABASE,ERROR-TYPE,REC-RETHND-RETURN-HANDLING,[],CKPRST,1
COND::ERR-FILE::ERROR-TYPE,ERR-FILE,ERROR-TYPE,REC-RETHND-RETURN-HANDLING,[],CKPRST,1
COND::ERR-SECURITY::ERROR-TYPE,ERR-SECURITY,ERROR-TYPE,REC-RETHND-RETURN-HANDLING,[],CKPRST,1
COND::ACTION-CONTINUE::ACTION-FLAG,ACTION-CONTINUE,ACTION-FLAG,REC-RETHND-RETURN-HANDLING,[],CKPRST,1
COND::ACTION-ABORT::ACTION-FLAG,ACTION-ABORT,ACTION-FLAG,REC-RETHND-RETURN-HANDLING,[],CKPRST,1
COND::ACTION-RETRY::ACTION-FLAG,ACTION-RETRY,ACTION-FLAG,REC-RETHND-RETURN-HANDLING,[],CKPRST,1
COND::RC-INITIALIZE::RC-REQUEST-TYPE,RC-INITIALIZE,RC-REQUEST-TYPE,REC-RTNCODE-RETURN-CODE-AREA,[],RTNCDE00,1
COND::RC-SET-CODE::RC-REQUEST-TYPE,RC-SET-CODE,RC-REQUEST-TYPE,REC-RTNCODE-RETURN-CODE-AREA,[],RTNCDE00,1
COND::RC-GET-CODE::RC-REQUEST-TYPE,RC-GET-CODE,RC-REQUEST-TYPE,REC-RTNCODE-RETURN-CODE-AREA,[],RTNCDE00,1
COND::RC-LOG-CODE::RC-REQUEST-TYPE,RC-LOG-CODE,RC-REQUEST-TYPE,REC-RTNCODE-RETURN-CODE-AREA,[],RTNCDE00,1
COND::RC-ANALYZE::RC-REQUEST-TYPE,RC-ANALYZE,RC-REQUEST-TYPE,REC-RTNCODE-RETURN-CODE-AREA,[],RTNCDE00,1
COND::RC-STATUS-SUCCESS::RC-STATUS,RC-STATUS-SUCCESS,RC-STATUS,REC-RTNCODE-RETURN-CODE-AREA,[],RTNCDE00,1
COND::RC-STATUS-WARNING::RC-STATUS,RC-STATUS-WARNING,RC-STATUS,REC-RTNCODE-RETURN-CODE-AREA,[],RTNCDE00,1
COND::RC-STATUS-ERROR::RC-STATUS,RC-STATUS-ERROR,RC-STATUS,REC-RTNCODE-RETURN-CODE-AREA,[],RTNCDE00,1
COND::RC-STATUS-SEVERE::RC-STATUS,RC-STATUS-SEVERE,RC-STATUS,REC-RTNCODE-RETURN-CODE-AREA,[],RTNCDE00,1
COND::TRN-TYPE-BUY::TRN-TYPE,TRN-TYPE-BUY,TRN-TYPE,REC-TRNREC-TRANSACTION-RECORD,[],,1
COND::TRN-TYPE-SELL::TRN-TYPE,TRN-TYPE-SELL,TRN-TYPE,REC-TRNREC-TRANSACTION-RECORD,[],,1
COND::TRN-TYPE-TRANS::TRN-TYPE,TRN-TYPE-TRANS,TRN-TYPE,REC-TRNREC-TRANSACTION-RECORD,[],,1
COND::TRN-TYPE-FEE::TRN-TYPE,TRN-TYPE-FEE,TRN-TYPE,REC-TRNREC-TRANSACTION-RECORD,[],,1
COND::TRN-STATUS-PEND::TRN-STATUS,TRN-STATUS-PEND,TRN-STATUS,REC-TRNREC-TRANSACTION-RECORD,[],,1
COND::TRN-STATUS-DONE::TRN-STATUS,TRN-STATUS-DONE,TRN-STATUS,REC-TRNREC-TRANSACTION-RECORD,[],,1
COND::TRN-STATUS-FAIL::TRN-STATUS,TRN-STATUS-FAIL,TRN-STATUS,REC-TRNREC-TRANSACTION-RECORD,[],,1
COND::TRN-STATUS-REV::TRN-STATUS,TRN-STATUS-REV,TRN-STATUS,REC-TRNREC-TRANSACTION-RECORD,[],,1
COND::EL-TYPE-SYSTEM::EL-ERROR-TYPE,EL-TYPE-SYSTEM,EL-ERROR-TYPE,REC-DBTBLS-ERRLOG-RECORD,[],DB2ERR,1
COND::EL-TYPE-APP::EL-ERROR-TYPE,EL-TYPE-APP,EL-ERROR-TYPE,REC-DBTBLS-ERRLOG-RECORD,[],DB2ERR,1
COND::EL-TYPE-DATA::EL-ERROR-TYPE,EL-TYPE-DATA,EL-ERROR-TYPE,REC-DBTBLS-ERRLOG-RECORD,[],DB2ERR,1
COND::EL-SEV-INFO::EL-ERROR-SEVERITY,EL-SEV-INFO,EL-ERROR-SEVERITY,REC-DBTBLS-ERRLOG-RECORD,[],DB2ERR,1
COND::EL-SEV-WARN::EL-ERROR-SEVERITY,EL-SEV-WARN,EL-ERROR-SEVERITY,REC-DBTBLS-ERRLOG-RECORD,[],DB2ERR,1
COND::EL-SEV-ERROR::EL-ERROR-SEVERITY,EL-SEV-ERROR,EL-ERROR-SEVERITY,REC-DBTBLS-ERRLOG-RECORD,[],DB2ERR,1
COND::EL-SEV-SEVERE::EL-ERROR-SEVERITY,EL-SEV-SEVERE,EL-ERROR-SEVERITY,REC-DBTBLS-ERRLOG-RECORD,[],DB2ERR,1
COND::DB2-CONNECT::DB2-REQUEST-TYPE,DB2-CONNECT,DB2-REQUEST-TYPE,REC-DB2REQ-DB2-REQUEST-AREA,[],DB2RECV,1
COND::DB2-DISCONNECT::DB2-REQUEST-TYPE,DB2-DISCONNECT,DB2-REQUEST-TYPE,REC-DB2REQ-DB2-REQUEST-AREA,[],DB2RECV,1
COND::DB2-STATUS::DB2-REQUEST-TYPE,DB2-STATUS,DB2-REQUEST-TYPE,REC-DB2REQ-DB2-REQUEST-AREA,[],DB2RECV,1
COND::ERR-FATAL::ERR-SEVERITY,ERR-FATAL,ERR-SEVERITY,REC-ERRHND-ERROR-HANDLING,[],,1
COND::ERR-WARNING::ERR-SEVERITY,ERR-WARNING,ERR-SEVERITY,REC-ERRHND-ERROR-HANDLING,[],,1
COND::ERR-INFO::ERR-SEVERITY,ERR-INFO,ERR-SEVERITY,REC-ERRHND-ERROR-HANDLING,[],,1
COND::ERR-RETURN::ERR-ACTION,ERR-RETURN,ERR-ACTION,REC-ERRHND-ERROR-HANDLING,[],,1
COND::ERR-CONTINUE::ERR-ACTION,ERR-CONTINUE,ERR-ACTION,REC-ERRHND-ERROR-HANDLING,[],,1
COND::ERR-ABEND::ERR-ACTION,ERR-ABEND,ERR-ACTION,REC-ERRHND-ERROR-HANDLING,[],,1
COND::INQCOM-MENU::INQCOM-FUNCTION,INQCOM-MENU,INQCOM-FUNCTION,REC-INQCOM-INQCOM-AREA,[],INQHIST|INQONLN|INQPORT,1
COND::INQCOM-PORTFOLIO::INQCOM-FUNCTION,INQCOM-PORTFOLIO,INQCOM-FUNCTION,REC-INQCOM-INQCOM-AREA,[],INQHIST|INQONLN|INQPORT,1
COND::INQCOM-HISTORY::INQCOM-FUNCTION,INQCOM-HISTORY,INQCOM-FUNCTION,REC-INQCOM-INQCOM-AREA,[],INQHIST|INQONLN|INQPORT,1
COND::INQCOM-EXIT::INQCOM-FUNCTION,INQCOM-EXIT,INQCOM-FUNCTION,REC-INQCOM-INQCOM-AREA,[],INQHIST|INQONLN|INQPORT,1
COND::PSR-TYPE-INIT::PSR-TYPE,PSR-TYPE-INIT,PSR-TYPE,REC-PRCSEQ-PROCESS-SEQUENCE-RECORD,[],,1
COND::PSR-TYPE-PROC::PSR-TYPE,PSR-TYPE-PROC,PSR-TYPE,REC-PRCSEQ-PROCESS-SEQUENCE-RECORD,[],,1
COND::PSR-TYPE-RPT::PSR-TYPE,PSR-TYPE-RPT,PSR-TYPE,REC-PRCSEQ-PROCESS-SEQUENCE-RECORD,[],,1
COND::PSR-TYPE-TERM::PSR-TYPE,PSR-TYPE-TERM,PSR-TYPE,REC-PRCSEQ-PROCESS-SEQUENCE-RECORD,[],,1
COND::PSR-DAILY::PSR-FREQ,PSR-DAILY,PSR-FREQ,REC-PRCSEQ-PROCESS-SEQUENCE-RECORD,[],,1
COND::PSR-WEEKLY::PSR-FREQ,PSR-WEEKLY,PSR-FREQ,REC-PRCSEQ-PROCESS-SEQUENCE-RECORD,[],,1
COND::PSR-MONTHLY::PSR-FREQ,PSR-MONTHLY,PSR-FREQ,REC-PRCSEQ-PROCESS-SEQUENCE-RECORD,[],,1
COND::PSR-DEP-HARD::PSR-DEP-TYPE,PSR-DEP-HARD,PSR-DEP-TYPE,REC-PRCSEQ-PROCESS-SEQUENCE-RECORD,[],,1
COND::PSR-DEP-SOFT::PSR-DEP-TYPE,PSR-DEP-SOFT,PSR-DEP-TYPE,REC-PRCSEQ-PROCESS-SEQUENCE-RECORD,[],,1
COND::PSR-RESTARTABLE::PSR-RESTART,PSR-RESTARTABLE,PSR-RESTART,REC-PRCSEQ-PROCESS-SEQUENCE-RECORD,[],,1
COND::PSR-NO-RESTART::PSR-RESTART,PSR-NO-RESTART,PSR-RESTART,REC-PRCSEQ-PROCESS-SEQUENCE-RECORD,[],,1
COND::PSR-WEEKDAY::PSR-ACTIVE-DAYS,PSR-WEEKDAY,PSR-ACTIVE-DAYS,REC-PRCSEQ-PROCESS-SEQUENCE-RECORD,[],,1
COND::PSR-WEEKEND::PSR-ACTIVE-DAYS,PSR-WEEKEND,PSR-ACTIVE-DAYS,REC-PRCSEQ-PROCESS-SEQUENCE-RECORD,[],,1
COND::PSR-ALL-DAYS::PSR-ACTIVE-DAYS,PSR-ALL-DAYS,PSR-ACTIVE-DAYS,REC-PRCSEQ-PROCESS-SEQUENCE-RECORD,[],,1
COND::PSR-LAST-DAY::PSR-MONTH-END,PSR-LAST-DAY,PSR-MONTH-END,REC-PRCSEQ-PROCESS-SEQUENCE-RECORD,[],,1
COND::PSR-SKIP-HOL::PSR-HOLIDAY-RUN,PSR-SKIP-HOL,PSR-HOLIDAY-RUN,REC-PRCSEQ-PROCESS-SEQUENCE-RECORD,[],,1
COND::PSR-RUN-HOL::PSR-HOLIDAY-RUN,PSR-RUN-HOL,PSR-HOLIDAY-RUN,REC-PRCSEQ-PROCESS-SEQUENCE-RECORD,[],,1
