field_id,record_id,field_name,qualified_name,level,normalized_type,length,decimal_places,signed,storage_type,pic_raw,is_filler,is_condition,occurs_max,shared_level,source_line
FLD-REC-AUDITLOG-AUDIT-RECORD-AUD-TIMESTAMP,REC-AUDITLOG-AUDIT-RECORD,AUD-TIMESTAMP,AUDIT-RECORD.AUD-HEADER.AUD-TIMESTAMP,10,STRING,1,0,False,DISPLAY,X(,False,False,,local,9
FLD-REC-AUDITLOG-AUDIT-RECORD-AUD-SYSTEM-ID,REC-AUDITLOG-AUDIT-RECORD,AUD-SYSTEM-ID,AUDIT-RECORD.AUD-HEADER.AUD-SYSTEM-ID,10,STRING,1,0,False,DISPLAY,X(,False,False,,local,10
FLD-REC-AUDITLOG-AUDIT-RECORD-AUD-USER-ID,REC-AUDITLOG-AUDIT-RECORD,AUD-USER-ID,AUDIT-RECORD.AUD-HEADER.AUD-USER-ID,10,STRING,1,0,False,DISPLAY,X(,False,False,,local,11
FLD-REC-AUDITLOG-AUDIT-RECORD-AUD-PROGRAM,REC-AUDITLOG-AUDIT-RECORD,AUD-PROGRAM,AUDIT-RECORD.AUD-HEADER.AUD-PROGRAM,10,STRING,1,0,False,DISPLAY,X(,False,False,,local,12
FLD-REC-AUDITLOG-AUDIT-RECORD-AUD-TERMINAL,REC-AUDITLOG-AUDIT-RECORD,AUD-TERMINAL,AUDIT-RECORD.AUD-HEADER.AUD-TERMINAL,10,STRING,1,0,False,DISPLAY,X(,False,False,,local,13
FLD-REC-AUDITLOG-AUDIT-RECORD-AUD-TRANSACTION,REC-AUDITLOG-AUDIT-RECORD,AUD-TRANSACTION,AUDIT-RECORD.AUD-TYPE.AUD-TRANSACTION,88,CONDITION,0,0,False,N/A,,False,True,,local,15
FLD-REC-AUDITLOG-AUDIT-RECORD-AUD-USER-ACTION,REC-AUDITLOG-AUDIT-RECORD,AUD-USER-ACTION,AUDIT-RECORD.AUD-TYPE.AUD-USER-ACTION,88,CONDITION,0,0,False,N/A,,False,True,,local,16
FLD-REC-AUDITLOG-AUDIT-RECORD-AUD-SYSTEM-EVENT,REC-AUDITLOG-AUDIT-RECORD,AUD-SYSTEM-EVENT,AUDIT-RECORD.AUD-TYPE.AUD-SYSTEM-EVENT,88,CONDITION,0,0,False,N/A,,False,True,,local,17
FLD-REC-AUDITLOG-AUDIT-RECORD-AUD-CREATE,REC-AUDITLOG-AUDIT-RECORD,AUD-CREATE,AUDIT-RECORD.AUD-ACTION.AUD-CREATE,88,CONDITION,0,0,False,N/A,,False,True,,local,19
FLD-REC-AUDITLOG-AUDIT-RECORD-AUD-UPDATE,REC-AUDITLOG-AUDIT-RECORD,AUD-UPDATE,AUDIT-RECORD.AUD-ACTION.AUD-UPDATE,88,CONDITION,0,0,False,N/A,,False,True,,local,20
FLD-REC-AUDITLOG-AUDIT-RECORD-AUD-DELETE,REC-AUDITLOG-AUDIT-RECORD,AUD-DELETE,AUDIT-RECORD.AUD-ACTION.AUD-DELETE,88,CONDITION,0,0,False,N/A,,False,True,,local,21
FLD-REC-AUDITLOG-AUDIT-RECORD-AUD-INQUIRE,REC-AUDITLOG-AUDIT-RECORD,AUD-INQUIRE,AUDIT-RECORD.AUD-ACTION.AUD-INQUIRE,88,CONDITION,0,0,False,N/A,,False,True,,local,22
FLD-REC-AUDITLOG-AUDIT-RECORD-AUD-LOGIN,REC-AUDITLOG-AUDIT-RECORD,AUD-LOGIN,AUDIT-RECORD.AUD-ACTION.AUD-LOGIN,88,CONDITION,0,0,False,N/A,,False,True,,local,23
FLD-REC-AUDITLOG-AUDIT-RECORD-AUD-LOGOUT,REC-AUDITLOG-AUDIT-RECORD,AUD-LOGOUT,AUDIT-RECORD.AUD-ACTION.AUD-LOGOUT,88,CONDITION,0,0,False,N/A,,False,True,,local,24
FLD-REC-AUDITLOG-AUDIT-RECORD-AUD-STARTUP,REC-AUDITLOG-AUDIT-RECORD,AUD-STARTUP,AUDIT-RECORD.AUD-ACTION.AUD-STARTUP,88,CONDITION,0,0,False,N/A,,False,True,,local,25
FLD-REC-AUDITLOG-AUDIT-RECORD-AUD-SHUTDOWN,REC-AUDITLOG-AUDIT-RECORD,AUD-SHUTDOWN,AUDIT-RECORD.AUD-ACTION.AUD-SHUTDOWN,88,CONDITION,0,0,False,N/A,,False,True,,local,26
FLD-REC-AUDITLOG-AUDIT-RECORD-AUD-SUCCESS,REC-AUDITLOG-AUDIT-RECORD,AUD-SUCCESS,AUDIT-RECORD.AUD-STATUS.AUD-SUCCESS,88,CONDITION,0,0,False,N/A,,False,True,,local,28
FLD-REC-AUDITLOG-AUDIT-RECORD-AUD-FAILURE,REC-AUDITLOG-AUDIT-RECORD,AUD-FAILURE,AUDIT-RECORD.AUD-STATUS.AUD-FAILURE,88,CONDITION,0,0,False,N/A,,False,True,,local,29
FLD-REC-AUDITLOG-AUDIT-RECORD-AUD-WARNING,REC-AUDITLOG-AUDIT-RECORD,AUD-WARNING,AUDIT-RECORD.AUD-STATUS.AUD-WARNING,88,CONDITION,0,0,False,N/A,,False,True,,local,30
FLD-REC-AUDITLOG-AUDIT-RECORD-AUD-PORTFOLIO-ID,REC-AUDITLOG-AUDIT-RECORD,AUD-PORTFOLIO-ID,AUDIT-RECORD.AUD-KEY-INFO.AUD-PORTFOLIO-ID,10,STRING,1,0,False,DISPLAY,X(,False,False,,local,32
FLD-REC-AUDITLOG-AUDIT-RECORD-AUD-ACCOUNT-NO,REC-AUDITLOG-AUDIT-RECORD,AUD-ACCOUNT-NO,AUDIT-RECORD.AUD-KEY-INFO.AUD-ACCOUNT-NO,10,STRING,1,0,False,DISPLAY,X(,False,False,,local,33
FLD-REC-AUDITLOG-AUDIT-RECORD-AUD-BEFORE-IMAGE,REC-AUDITLOG-AUDIT-RECORD,AUD-BEFORE-IMAGE,AUDIT-RECORD.AUD-BEFORE-IMAGE,5,STRING,1,0,False,DISPLAY,X(,False,False,,local,34
FLD-REC-AUDITLOG-AUDIT-RECORD-AUD-AFTER-IMAGE,REC-AUDITLOG-AUDIT-RECORD,AUD-AFTER-IMAGE,AUDIT-RECORD.AUD-AFTER-IMAGE,5,STRING,1,0,False,DISPLAY,X(,False,False,,local,35
FLD-REC-AUDITLOG-AUDIT-RECORD-AUD-MESSAGE,REC-AUDITLOG-AUDIT-RECORD,AUD-MESSAGE,AUDIT-RECORD.AUD-MESSAGE,5,STRING,1,0,False,DISPLAY,X(,False,False,,local,36
FLD-REC-BCHCON-BATCH-CONTROL-CONSTANTS-BCT-STAT-READY,REC-BCHCON-BATCH-CONTROL-CONSTANTS,BCT-STAT-READY,BATCH-CONTROL-CONSTANTS.BCT-STAT-VALUES.BCT-STAT-READY,10,STRING,1,0,False,DISPLAY,X(,False,False,,local,9
FLD-REC-BCHCON-BATCH-CONTROL-CONSTANTS-BCT-STAT-ACTIVE,REC-BCHCON-BATCH-CONTROL-CONSTANTS,BCT-STAT-ACTIVE,BATCH-CONTROL-CONSTANTS.BCT-STAT-VALUES.BCT-STAT-ACTIVE,10,STRING,1,0,False,DISPLAY,X(,False,False,,local,10
FLD-REC-BCHCON-BATCH-CONTROL-CONSTANTS-BCT-STAT-WAITING,REC-BCHCON-BATCH-CONTROL-CONSTANTS,BCT-STAT-WAITING,BATCH-CONTROL-CONSTANTS.BCT-STAT-VALUES.BCT-STAT-WAITING,10,STRING,1,0,False,DISPLAY,X(,False,False,,local,11
FLD-REC-BCHCON-BATCH-CONTROL-CONSTANTS-BCT-STAT-DONE,REC-BCHCON-BATCH-CONTROL-CONSTANTS,BCT-STAT-DONE,BATCH-CONTROL-CONSTANTS.BCT-STAT-VALUES.BCT-STAT-DONE,10,STRING,1,0,False,DISPLAY,X(,False,False,,local,12
FLD-REC-BCHCON-BATCH-CONTROL-CONSTANTS-BCT-STAT-ERROR,REC-BCHCON-BATCH-CONTROL-CONSTANTS,BCT-STAT-ERROR,BATCH-CONTROL-CONSTANTS.BCT-STAT-VALUES.BCT-STAT-ERROR,10,STRING,1,0,False,DISPLAY,X(,False,False,,local,13
FLD-REC-BCHCON-BATCH-CONTROL-CONSTANTS-BCT-RC-SUCCESS,REC-BCHCON-BATCH-CONTROL-CONSTANTS,BCT-RC-SUCCESS,BATCH-CONTROL-CONSTANTS.BCT-RC-THRESHOLDS.BCT-RC-SUCCESS,10,SIGNED_INTEGER,1,0,True,DISPLAY,S9(,False,False,,local,17
FLD-REC-BCHCON-BATCH-CONTROL-CONSTANTS-BCT-RC-WARNING,REC-BCHCON-BATCH-CONTROL-CONSTANTS,BCT-RC-WARNING,BATCH-CONTROL-CONSTANTS.BCT-RC-THRESHOLDS.BCT-RC-WARNING,10,SIGNED_INTEGER,1,0,True,DISPLAY,S9(,False,False,,local,18
FLD-REC-BCHCON-BATCH-CONTROL-CONSTANTS-BCT-RC-ERROR,REC-BCHCON-BATCH-CONTROL-CONSTANTS,BCT-RC-ERROR,BATCH-CONTROL-CONSTANTS.BCT-RC-THRESHOLDS.BCT-RC-ERROR,10,SIGNED_INTEGER,1,0,True,DISPLAY,S9(,False,False,,local,19
FLD-REC-BCHCON-BATCH-CONTROL-CONSTANTS-BCT-RC-SEVERE,REC-BCHCON-BATCH-CONTROL-CONSTANTS,BCT-RC-SEVERE,BATCH-CONTROL-CONSTANTS.BCT-RC-THRESHOLDS.BCT-RC-SEVERE,10,SIGNED_INTEGER,1,0,True,DISPLAY,S9(,False,False,,local,20
FLD-REC-BCHCON-BATCH-CONTROL-CONSTANTS-BCT-RC-CRITICAL,REC-BCHCON-BATCH-CONTROL-CONSTANTS,BCT-RC-CRITICAL,BATCH-CONTROL-CONSTANTS.BCT-RC-THRESHOLDS.BCT-RC-CRITICAL,10,SIGNED_INTEGER,1,0,True,DISPLAY,S9(,False,False,,local,21
FLD-REC-BCHCON-BATCH-CONTROL-CONSTANTS-BCT-MAX-PREREQ,REC-BCHCON-BATCH-CONTROL-CONSTANTS,BCT-MAX-PREREQ,BATCH-CONTROL-CONSTANTS.BCT-CTRL-VALUES.BCT-MAX-PREREQ,10,INTEGER,1,0,False,DISPLAY,9(,False,False,,local,25
FLD-REC-BCHCON-BATCH-CONTROL-CONSTANTS-BCT-MAX-RESTARTS,REC-BCHCON-BATCH-CONTROL-CONSTANTS,BCT-MAX-RESTARTS,BATCH-CONTROL-CONSTANTS.BCT-CTRL-VALUES.BCT-MAX-RESTARTS,10,INTEGER,1,0,False,DISPLAY,9(,False,False,,local,26
FLD-REC-BCHCON-BATCH-CONTROL-CONSTANTS-BCT-WAIT-INTERVAL,REC-BCHCON-BATCH-CONTROL-CONSTANTS,BCT-WAIT-INTERVAL,BATCH-CONTROL-CONSTANTS.BCT-CTRL-VALUES.BCT-WAIT-INTERVAL,10,INTEGER,1,0,False,DISPLAY,9(,False,False,,local,27
FLD-REC-BCHCON-BATCH-CONTROL-CONSTANTS-BCT-MAX-WAIT-TIME,REC-BCHCON-BATCH-CONTROL-CONSTANTS,BCT-MAX-WAIT-TIME,BATCH-CONTROL-CONSTANTS.BCT-CTRL-VALUES.BCT-MAX-WAIT-TIME,10,INTEGER,1,0,False,DISPLAY,9(,False,False,,local,28
FLD-REC-BCHCON-BATCH-CONTROL-CONSTANTS-BCT-TYPE-INITIAL,REC-BCHCON-BATCH-CONTROL-CONSTANTS,BCT-TYPE-INITIAL,BATCH-CONTROL-CONSTANTS.BCT-PROC-TYPES.BCT-TYPE-INITIAL,10,STRING,1,0,False,DISPLAY,X(,False,False,,local,32
FLD-REC-BCHCON-BATCH-CONTROL-CONSTANTS-BCT-TYPE-UPDATE,REC-BCHCON-BATCH-CONTROL-CONSTANTS,BCT-TYPE-UPDATE,BATCH-CONTROL-CONSTANTS.BCT-PROC-TYPES.BCT-TYPE-UPDATE,10,STRING,1,0,False,DISPLAY,X(,False,False,,local,33
FLD-REC-BCHCON-BATCH-CONTROL-CONSTANTS-BCT-TYPE-REPORT,REC-BCHCON-BATCH-CONTROL-CONSTANTS,BCT-TYPE-REPORT,BATCH-CONTROL-CONSTANTS.BCT-PROC-TYPES.BCT-TYPE-REPORT,10,STRING,1,0,False,DISPLAY,X(,False,False,,local,34
FLD-REC-BCHCON-BATCH-CONTROL-CONSTANTS-BCT-TYPE-CLEANUP,REC-BCHCON-BATCH-CONTROL-CONSTANTS,BCT-TYPE-CLEANUP,BATCH-CONTROL-CONSTANTS.BCT-PROC-TYPES.BCT-TYPE-CLEANUP,10,STRING,1,0,False,DISPLAY,X(,False,False,,local,35
FLD-REC-BCHCON-BATCH-CONTROL-CONSTANTS-BCT-DEP-REQUIRED,REC-BCHCON-BATCH-CONTROL-CONSTANTS,BCT-DEP-REQUIRED,BATCH-CONTROL-CONSTANTS.BCT-DEP-TYPES.BCT-DEP-REQUIRED,10,STRING,1,0,False,DISPLAY,X(,False,False,,local,39
FLD-REC-BCHCON-BATCH-CONTROL-CONSTANTS-BCT-DEP-OPTIONAL,REC-BCHCON-BATCH-CONTROL-CONSTANTS,BCT-DEP-OPTIONAL,BATCH-CONTROL-CONSTANTS.BCT-DEP-TYPES.BCT-DEP-OPTIONAL,10,STRING,1,0,False,DISPLAY,X(,False,False,,local,40
FLD-REC-BCHCON-BATCH-CONTROL-CONSTANTS-BCT-DEP-EXCLUSIVE,REC-BCHCON-BATCH-CONTROL-CONSTANTS,BCT-DEP-EXCLUSIVE,BATCH-CONTROL-CONSTANTS.BCT-DEP-TYPES.BCT-DEP-EXCLUSIVE,10,STRING,1,0,False,DISPLAY,X(,False,False,,local,41
FLD-REC-BCHCON-BATCH-CONTROL-CONSTANTS-BCT-START-OF-DAY,REC-BCHCON-BATCH-CONTROL-CONSTANTS,BCT-START-OF-DAY,BATCH-CONTROL-CONSTANTS.BCT-PROC-NAMES.BCT-START-OF-DAY,10,STRING,1,0,False,DISPLAY,X(,False,False,,local,45
FLD-REC-BCHCON-BATCH-CONTROL-CONSTANTS-BCT-END-OF-DAY,REC-BCHCON-BATCH-CONTROL-CONSTANTS,BCT-END-OF-DAY,BATCH-CONTROL-CONSTANTS.BCT-PROC-NAMES.BCT-END-OF-DAY,10,STRING,1,0,False,DISPLAY,X(,False,False,,local,46
FLD-REC-BCHCON-BATCH-CONTROL-CONSTANTS-BCT-EMERGENCY,REC-BCHCON-BATCH-CONTROL-CONSTANTS,BCT-EMERGENCY,BATCH-CONTROL-CONSTANTS.BCT-PROC-NAMES.BCT-EMERGENCY,10,STRING,1,0,False,DISPLAY,X(,False,False,,local,47
FLD-REC-BCHCON-BATCH-CONTROL-CONSTANTS-BCT-REC-CONTROL,REC-BCHCON-BATCH-CONTROL-CONSTANTS,BCT-REC-CONTROL,BATCH-CONTROL-CONSTANTS.BCT-REC-TYPES.BCT-REC-CONTROL,10,STRING,1,0,False,DISPLAY,X(,False,False,,local,51
FLD-REC-BCHCON-BATCH-CONTROL-CONSTANTS-BCT-REC-PROCESS,REC-BCHCON-BATCH-CONTROL-CONSTANTS,BCT-REC-PROCESS,BATCH-CONTROL-CONSTANTS.BCT-REC-TYPES.BCT-REC-PROCESS,10,STRING,1,0,False,DISPLAY,X(,False,False,,local,52
FLD-REC-BCHCON-BATCH-CONTROL-CONSTANTS-BCT-REC-DEPEND,REC-BCHCON-BATCH-CONTROL-CONSTANTS,BCT-REC-DEPEND,BATCH-CONTROL-CONSTANTS.BCT-REC-TYPES.BCT-REC-DEPEND,10,STRING,1,0,False,DISPLAY,X(,False,False,,local,53
FLD-REC-BCHCON-BATCH-CONTROL-CONSTANTS-BCT-REC-HISTORY,REC-BCHCON-BATCH-CONTROL-CONSTANTS,BCT-REC-HISTORY,BATCH-CONTROL-CONSTANTS.BCT-REC-TYPES.BCT-REC-HISTORY,10,STRING,1,0,False,DISPLAY,X(,False,False,,local,54
FLD-REC-BCHCON-BATCH-CONTROL-CONSTANTS-BCT-MSG-STARTING,REC-BCHCON-BATCH-CONTROL-CONSTANTS,BCT-MSG-STARTING,BATCH-CONTROL-CONSTANTS.BCT-MESSAGES.BCT-MSG-STARTING,10,STRING,1,0,False,DISPLAY,X(,False,False,,local,58
FLD-REC-BCHCON-BATCH-CONTROL-CONSTANTS-BCT-MSG-COMPLETE,REC-BCHCON-BATCH-CONTROL-CONSTANTS,BCT-MSG-COMPLETE,BATCH-CONTROL-CONSTANTS.BCT-MESSAGES.BCT-MSG-COMPLETE,10,STRING,1,0,False,DISPLAY,X(,False,False,,local,60
FLD-REC-BCHCON-BATCH-CONTROL-CONSTANTS-BCT-MSG-FAILED,REC-BCHCON-BATCH-CONTROL-CONSTANTS,BCT-MSG-FAILED,BATCH-CONTROL-CONSTANTS.BCT-MESSAGES.BCT-MSG-FAILED,10,STRING,1,0,False,DISPLAY,X(,False,False,,local,62
FLD-REC-BCHCON-BATCH-CONTROL-CONSTANTS-BCT-MSG-WAITING,REC-BCHCON-BATCH-CONTROL-CONSTANTS,BCT-MSG-WAITING,BATCH-CONTROL-CONSTANTS.BCT-MESSAGES.BCT-MSG-WAITING,10,STRING,1,0,False,DISPLAY,X(,False,False,,local,64
FLD-REC-BCHCTL-BATCH-CONTROL-RECORD-BCT-JOB-NAME,REC-BCHCTL-BATCH-CONTROL-RECORD,BCT-JOB-NAME,BATCH-CONTROL-RECORD.BCT-KEY.BCT-JOB-NAME,10,STRING,1,0,False,DISPLAY,X(,False,False,,high_shared,11
FLD-REC-BCHCTL-BATCH-CONTROL-RECORD-BCT-PROCESS-DATE,REC-BCHCTL-BATCH-CONTROL-RECORD,BCT-PROCESS-DATE,BATCH-CONTROL-RECORD.BCT-KEY.BCT-PROCESS-DATE,10,STRING,1,0,False,DISPLAY,X(,False,False,,high_shared,12
FLD-REC-BCHCTL-BATCH-CONTROL-RECORD-BCT-SEQUENCE-NO,REC-BCHCTL-BATCH-CONTROL-RECORD,BCT-SEQUENCE-NO,BATCH-CONTROL-RECORD.BCT-KEY.BCT-SEQUENCE-NO,10,INTEGER,1,0,False,DISPLAY,9(,False,False,,high_shared,13
FLD-REC-BCHCTL-BATCH-CONTROL-RECORD-BCT-STATUS-READY,REC-BCHCTL-BATCH-CONTROL-RECORD,BCT-STATUS-READY,BATCH-CONTROL-RECORD.BCT-DATA.BCT-STATUS.BCT-STATUS-READY,88,CONDITION,0,0,False,N/A,,False,True,,high_shared,16
FLD-REC-BCHCTL-BATCH-CONTROL-RECORD-BCT-STATUS-ACTIVE,REC-BCHCTL-BATCH-CONTROL-RECORD,BCT-STATUS-ACTIVE,BATCH-CONTROL-RECORD.BCT-DATA.BCT-STATUS.BCT-STATUS-ACTIVE,88,CONDITION,0,0,False,N/A,,False,True,,high_shared,17
FLD-REC-BCHCTL-BATCH-CONTROL-RECORD-BCT-STATUS-WAITING,REC-BCHCTL-BATCH-CONTROL-RECORD,BCT-STATUS-WAITING,BATCH-CONTROL-RECORD.BCT-DATA.BCT-STATUS.BCT-STATUS-WAITING,88,CONDITION,0,0,False,N/A,,False,True,,high_shared,18
FLD-REC-BCHCTL-BATCH-CONTROL-RECORD-BCT-STATUS-DONE,REC-BCHCTL-BATCH-CONTROL-RECORD,BCT-STATUS-DONE,BATCH-CONTROL-RECORD.BCT-DATA.BCT-STATUS.BCT-STATUS-DONE,88,CONDITION,0,0,False,N/A,,False,True,,high_shared,19
FLD-REC-BCHCTL-BATCH-CONTROL-RECORD-BCT-STATUS-ERROR,REC-BCHCTL-BATCH-CONTROL-RECORD,BCT-STATUS-ERROR,BATCH-CONTROL-RECORD.BCT-DATA.BCT-STATUS.BCT-STATUS-ERROR,88,CONDITION,0,0,False,N/A,,False,True,,high_shared,20
FLD-REC-BCHCTL-BATCH-CONTROL-RECORD-BCT-STEP-NAME,REC-BCHCTL-BATCH-CONTROL-RECORD,BCT-STEP-NAME,BATCH-CONTROL-RECORD.BCT-DATA.BCT-PROCESS-CONTROL.BCT-STEP-NAME,15,STRING,1,0,False,DISPLAY,X(,False,False,,high_shared,22
FLD-REC-BCHCTL-BATCH-CONTROL-RECORD-BCT-PROGRAM-NAME,REC-BCHCTL-BATCH-CONTROL-RECORD,BCT-PROGRAM-NAME,BATCH-CONTROL-RECORD.BCT-DATA.BCT-PROCESS-CONTROL.BCT-PROGRAM-NAME,15,STRING,1,0,False,DISPLAY,X(,False,False,,high_shared,23
FLD-REC-BCHCTL-BATCH-CONTROL-RECORD-BCT-START-TIME,REC-BCHCTL-BATCH-CONTROL-RECORD,BCT-START-TIME,BATCH-CONTROL-RECORD.BCT-DATA.BCT-PROCESS-CONTROL.BCT-START-TIME,15,STRING,1,0,False,DISPLAY,X(,False,False,,high_shared,24
FLD-REC-BCHCTL-BATCH-CONTROL-RECORD-BCT-END-TIME,REC-BCHCTL-BATCH-CONTROL-RECORD,BCT-END-TIME,BATCH-CONTROL-RECORD.BCT-DATA.BCT-PROCESS-CONTROL.BCT-END-TIME,15,STRING,1,0,False,DISPLAY,X(,False,False,,high_shared,25
FLD-REC-BCHCTL-BATCH-CONTROL-RECORD-BCT-PREREQ-COUNT,REC-BCHCTL-BATCH-CONTROL-RECORD,BCT-PREREQ-COUNT,BATCH-CONTROL-RECORD.BCT-DATA.BCT-DEPENDENCIES.BCT-PREREQ-COUNT,15,INTEGER,1,0,False,DISPLAY,9(,False,False,,high_shared,27
FLD-REC-BCHCTL-BATCH-CONTROL-RECORD-BCT-PREREQ-NAME,REC-BCHCTL-BATCH-CONTROL-RECORD,BCT-PREREQ-NAME,BATCH-CONTROL-RECORD.BCT-DATA.BCT-DEPENDENCIES.BCT-PREREQ-JOBS.BCT-PREREQ-NAME,20,STRING,1,0,False,DISPLAY,X(,False,False,,high_shared,29
FLD-REC-BCHCTL-BATCH-CONTROL-RECORD-BCT-PREREQ-SEQ,REC-BCHCTL-BATCH-CONTROL-RECORD,BCT-PREREQ-SEQ,BATCH-CONTROL-RECORD.BCT-DATA.BCT-DEPENDENCIES.BCT-PREREQ-JOBS.BCT-PREREQ-SEQ,20,INTEGER,1,0,False,DISPLAY,9(,False,False,,high_shared,30
FLD-REC-BCHCTL-BATCH-CONTROL-RECORD-BCT-PREREQ-RC,REC-BCHCTL-BATCH-CONTROL-RECORD,BCT-PREREQ-RC,BATCH-CONTROL-RECORD.BCT-DATA.BCT-DEPENDENCIES.BCT-PREREQ-JOBS.BCT-PREREQ-RC,20,SIGNED_INTEGER,1,0,True,DISPLAY,S9(,False,False,,high_shared,31
FLD-REC-BCHCTL-BATCH-CONTROL-RECORD-BCT-RETURN-CODE,REC-BCHCTL-BATCH-CONTROL-RECORD,BCT-RETURN-CODE,BATCH-CONTROL-RECORD.BCT-DATA.BCT-RETURN-INFO.BCT-RETURN-CODE,15,SIGNED_INTEGER,1,0,True,DISPLAY,S9(,False,False,,high_shared,33
FLD-REC-BCHCTL-BATCH-CONTROL-RECORD-BCT-ERROR-DESC,REC-BCHCTL-BATCH-CONTROL-RECORD,BCT-ERROR-DESC,BATCH-CONTROL-RECORD.BCT-DATA.BCT-RETURN-INFO.BCT-ERROR-DESC,15,STRING,1,0,False,DISPLAY,X(,False,False,,high_shared,34
FLD-REC-BCHCTL-BATCH-CONTROL-RECORD-BCT-RESTART-COUNT,REC-BCHCTL-BATCH-CONTROL-RECORD,BCT-RESTART-COUNT,BATCH-CONTROL-RECORD.BCT-STATISTICS.BCT-RESTART-COUNT,10,INTEGER,1,0,False,DISPLAY,9(,False,False,,high_shared,36
FLD-REC-BCHCTL-BATCH-CONTROL-RECORD-BCT-ATTEMPT-TS,REC-BCHCTL-BATCH-CONTROL-RECORD,BCT-ATTEMPT-TS,BATCH-CONTROL-RECORD.BCT-STATISTICS.BCT-ATTEMPT-TS,10,STRING,1,0,False,DISPLAY,X(,False,False,,high_shared,37
FLD-REC-BCHCTL-BATCH-CONTROL-RECORD-BCT-COMPLETE-TS,REC-BCHCTL-BATCH-CONTROL-RECORD,BCT-COMPLETE-TS,BATCH-CONTROL-RECORD.BCT-STATISTICS.BCT-COMPLETE-TS,10,STRING,1,0,False,DISPLAY,X(,False,False,,high_shared,38
FLD-REC-BCHCTL-BATCH-CONTROL-RECORD-BCT-FILLER,REC-BCHCTL-BATCH-CONTROL-RECORD,BCT-FILLER,BATCH-CONTROL-RECORD.BCT-FILLER,5,STRING,1,0,False,DISPLAY,X(,False,False,,high_shared,39
FLD-REC-CKPRST-CHECKPOINT-CONTROL-CK-PROGRAM-ID,REC-CKPRST-CHECKPOINT-CONTROL,CK-PROGRAM-ID,CHECKPOINT-CONTROL.CK-HEADER.CK-PROGRAM-ID,10,STRING,1,0,False,DISPLAY,X(,False,False,,local,8
FLD-REC-CKPRST-CHECKPOINT-CONTROL-CK-RUN-DATE,REC-CKPRST-CHECKPOINT-CONTROL,CK-RUN-DATE,CHECKPOINT-CONTROL.CK-HEADER.CK-RUN-DATE,10,STRING,1,0,False,DISPLAY,X(,False,False,,local,9
FLD-REC-CKPRST-CHECKPOINT-CONTROL-CK-RUN-TIME,REC-CKPRST-CHECKPOINT-CONTROL,CK-RUN-TIME,CHECKPOINT-CONTROL.CK-HEADER.CK-RUN-TIME,10,STRING,1,0,False,DISPLAY,X(,False,False,,local,10
FLD-REC-CKPRST-CHECKPOINT-CONTROL-CK-INITIAL,REC-CKPRST-CHECKPOINT-CONTROL,CK-INITIAL,CHECKPOINT-CONTROL.CK-HEADER.CK-STATUS.CK-INITIAL,88,CONDITION,0,0,False,N/A,,False,True,,local,12
FLD-REC-CKPRST-CHECKPOINT-CONTROL-CK-ACTIVE,REC-CKPRST-CHECKPOINT-CONTROL,CK-ACTIVE,CHECKPOINT-CONTROL.CK-HEADER.CK-STATUS.CK-ACTIVE,88,CONDITION,0,0,False,N/A,,False,True,,local,13
FLD-REC-CKPRST-CHECKPOINT-CONTROL-CK-COMPLETE,REC-CKPRST-CHECKPOINT-CONTROL,CK-COMPLETE,CHECKPOINT-CONTROL.CK-HEADER.CK-STATUS.CK-COMPLETE,88,CONDITION,0,0,False,N/A,,False,True,,local,14
FLD-REC-CKPRST-CHECKPOINT-CONTROL-CK-FAILED,REC-CKPRST-CHECKPOINT-CONTROL,CK-FAILED,CHECKPOINT-CONTROL.CK-HEADER.CK-STATUS.CK-FAILED,88,CONDITION,0,0,False,N/A,,False,True,,local,15
FLD-REC-CKPRST-CHECKPOINT-CONTROL-CK-RESTARTED,REC-CKPRST-CHECKPOINT-CONTROL,CK-RESTARTED,CHECKPOINT-CONTROL.CK-HEADER.CK-STATUS.CK-RESTARTED,88,CONDITION,0,0,False,N/A,,False,True,,local,16
FLD-REC-CKPRST-CHECKPOINT-CONTROL-CK-RECORDS-READ,REC-CKPRST-CHECKPOINT-CONTROL,CK-RECORDS-READ,CHECKPOINT-CONTROL.CK-COUNTERS.CK-RECORDS-READ,10,INTEGER,9,0,False,DISPLAY,9(9),False,False,,local,19
FLD-REC-CKPRST-CHECKPOINT-CONTROL-CK-RECORDS-PROC,REC-CKPRST-CHECKPOINT-CONTROL,CK-RECORDS-PROC,CHECKPOINT-CONTROL.CK-COUNTERS.CK-RECORDS-PROC,10,INTEGER,9,0,False,DISPLAY,9(9),False,False,,local,20
FLD-REC-CKPRST-CHECKPOINT-CONTROL-CK-RECORDS-ERROR,REC-CKPRST-CHECKPOINT-CONTROL,CK-RECORDS-ERROR,CHECKPOINT-CONTROL.CK-COUNTERS.CK-RECORDS-ERROR,10,INTEGER,9,0,False,DISPLAY,9(9),False,False,,local,21
FLD-REC-CKPRST-CHECKPOINT-CONTROL-CK-RESTART-COUNT,REC-CKPRST-CHECKPOINT-CONTROL,CK-RESTART-COUNT,CHECKPOINT-CONTROL.CK-COUNTERS.CK-RESTART-COUNT,10,INTEGER,1,0,False,DISPLAY,9(,False,False,,local,22
FLD-REC-CKPRST-CHECKPOINT-CONTROL-CK-LAST-KEY,REC-CKPRST-CHECKPOINT-CONTROL,CK-LAST-KEY,CHECKPOINT-CONTROL.CK-POSITION.CK-LAST-KEY,10,STRING,1,0,False,DISPLAY,X(,False,False,,local,25
FLD-REC-CKPRST-CHECKPOINT-CONTROL-CK-LAST-TIME,REC-CKPRST-CHECKPOINT-CONTROL,CK-LAST-TIME,CHECKPOINT-CONTROL.CK-POSITION.CK-LAST-TIME,10,STRING,1,0,False,DISPLAY,X(,False,False,,local,26
FLD-REC-CKPRST-CHECKPOINT-CONTROL-CK-PHASE-INIT,REC-CKPRST-CHECKPOINT-CONTROL,CK-PHASE-INIT,CHECKPOINT-CONTROL.CK-POSITION.CK-PHASE.CK-PHASE-INIT,88,CONDITION,0,0,False,N/A,,False,True,,local,28
FLD-REC-CKPRST-CHECKPOINT-CONTROL-CK-PHASE-READ,REC-CKPRST-CHECKPOINT-CONTROL,CK-PHASE-READ,CHECKPOINT-CONTROL.CK-POSITION.CK-PHASE.CK-PHASE-READ,88,CONDITION,0,0,False,N/A,,False,True,,local,29
FLD-REC-CKPRST-CHECKPOINT-CONTROL-CK-PHASE-PROC,REC-CKPRST-CHECKPOINT-CONTROL,CK-PHASE-PROC,CHECKPOINT-CONTROL.CK-POSITION.CK-PHASE.CK-PHASE-PROC,88,CONDITION,0,0,False,N/A,,False,True,,local,30
FLD-REC-CKPRST-CHECKPOINT-CONTROL-CK-PHASE-UPDT,REC-CKPRST-CHECKPOINT-CONTROL,CK-PHASE-UPDT,CHECKPOINT-CONTROL.CK-POSITION.CK-PHASE.CK-PHASE-UPDT,88,CONDITION,0,0,False,N/A,,False,True,,local,31
FLD-REC-CKPRST-CHECKPOINT-CONTROL-CK-PHASE-TERM,REC-CKPRST-CHECKPOINT-CONTROL,CK-PHASE-TERM,CHECKPOINT-CONTROL.CK-POSITION.CK-PHASE.CK-PHASE-TERM,88,CONDITION,0,0,False,N/A,,False,True,,local,32
FLD-REC-CKPRST-CHECKPOINT-CONTROL-CK-FILE-NAME,REC-CKPRST-CHECKPOINT-CONTROL,CK-FILE-NAME,CHECKPOINT-CONTROL.CK-RESOURCES.CK-FILE-STATUS.CK-FILE-NAME,15,STRING,1,0,False,DISPLAY,X(,False,False,,local,36
FLD-REC-CKPRST-CHECKPOINT-CONTROL-CK-FILE-POS,REC-CKPRST-CHECKPOINT-CONTROL,CK-FILE-POS,CHECKPOINT-CONTROL.CK-RESOURCES.CK-FILE-STATUS.CK-FILE-POS,15,STRING,1,0,False,DISPLAY,X(,False,False,,local,37
FLD-REC-CKPRST-CHECKPOINT-CONTROL-CK-FILE-STATUS,REC-CKPRST-CHECKPOINT-CONTROL,CK-FILE-STATUS,CHECKPOINT-CONTROL.CK-RESOURCES.CK-FILE-STATUS.CK-FILE-STATUS,15,STRING,1,0,False,DISPLAY,X(,False,False,,local,38
FLD-REC-CKPRST-CHECKPOINT-CONTROL-CK-COMMIT-FREQ,REC-CKPRST-CHECKPOINT-CONTROL,CK-COMMIT-FREQ,CHECKPOINT-CONTROL.CK-CONTROL-INFO.CK-COMMIT-FREQ,10,INTEGER,1,0,False,DISPLAY,9(,False,False,,local,41
FLD-REC-CKPRST-CHECKPOINT-CONTROL-CK-MAX-ERRORS,REC-CKPRST-CHECKPOINT-CONTROL,CK-MAX-ERRORS,CHECKPOINT-CONTROL.CK-CONTROL-INFO.CK-MAX-ERRORS,10,INTEGER,1,0,False,DISPLAY,9(,False,False,,local,42
FLD-REC-CKPRST-CHECKPOINT-CONTROL-CK-MAX-RESTARTS,REC-CKPRST-CHECKPOINT-CONTROL,CK-MAX-RESTARTS,CHECKPOINT-CONTROL.CK-CONTROL-INFO.CK-MAX-RESTARTS,10,INTEGER,1,0,False,DISPLAY,9(,False,False,,local,43
FLD-REC-CKPRST-CHECKPOINT-CONTROL-CK-MODE-NORMAL,REC-CKPRST-CHECKPOINT-CONTROL,CK-MODE-NORMAL,CHECKPOINT-CONTROL.CK-CONTROL-INFO.CK-RESTART-MODE.CK-MODE-NORMAL,88,CONDITION,0,0,False,N/A,,False,True,,local,45
FLD-REC-CKPRST-CHECKPOINT-CONTROL-CK-MODE-RESTART,REC-CKPRST-CHECKPOINT-CONTROL,CK-MODE-RESTART,CHECKPOINT-CONTROL.CK-CONTROL-INFO.CK-RESTART-MODE.CK-MODE-RESTART,88,CONDITION,0,0,False,N/A,,False,True,,local,46
FLD-REC-CKPRST-CHECKPOINT-CONTROL-CK-MODE-RECOVER,REC-CKPRST-CHECKPOINT-CONTROL,CK-MODE-RECOVER,CHECKPOINT-CONTROL.CK-CONTROL-INFO.CK-RESTART-MODE.CK-MODE-RECOVER,88,CONDITION,0,0,False,N/A,,False,True,,local,47
FLD-REC-CKPRST-CHECKPOINT-RECORD-CKR-PROGRAM-ID,REC-CKPRST-CHECKPOINT-RECORD,CKR-PROGRAM-ID,CHECKPOINT-RECORD.CKR-KEY.CKR-PROGRAM-ID,10,STRING,1,0,False,DISPLAY,X(,False,False,,local,54
FLD-REC-CKPRST-CHECKPOINT-RECORD-CKR-RUN-DATE,REC-CKPRST-CHECKPOINT-RECORD,CKR-RUN-DATE,CHECKPOINT-RECORD.CKR-KEY.CKR-RUN-DATE,10,STRING,1,0,False,DISPLAY,X(,False,False,,local,55
FLD-REC-CKPRST-CHECKPOINT-RECORD-CKR-DATA,REC-CKPRST-CHECKPOINT-RECORD,CKR-DATA,CHECKPOINT-RECORD.CKR-DATA,5,STRING,1,0,False,DISPLAY,X(,False,False,,local,56
FLD-REC-COMMON-RETURN-CODES-RC-SUCCESS,REC-COMMON-RETURN-CODES,RC-SUCCESS,RETURN-CODES.RC-SUCCESS,5,SIGNED_INTEGER,1,0,True,DISPLAY,S9(,False,False,,local,9
FLD-REC-COMMON-RETURN-CODES-RC-WARNING,REC-COMMON-RETURN-CODES,RC-WARNING,RETURN-CODES.RC-WARNING,5,SIGNED_INTEGER,1,0,True,DISPLAY,S9(,False,False,,local,10
FLD-REC-COMMON-RETURN-CODES-RC-ERROR,REC-COMMON-RETURN-CODES,RC-ERROR,RETURN-CODES.RC-ERROR,5,SIGNED_INTEGER,1,0,True,DISPLAY,S9(,False,False,,local,11
FLD-REC-COMMON-RETURN-CODES-RC-SEVERE,REC-COMMON-RETURN-CODES,RC-SEVERE,RETURN-CODES.RC-SEVERE,5,SIGNED_INTEGER,1,0,True,DISPLAY,S9(,False,False,,local,12
FLD-REC-COMMON-RETURN-CODES-RC-CRITICAL,REC-COMMON-RETURN-CODES,RC-CRITICAL,RETURN-CODES.RC-CRITICAL,5,SIGNED_INTEGER,1,0,True,DISPLAY,S9(,False,False,,local,13
FLD-REC-COMMON-STATUS-CODES-STATUS-ACTIVE,REC-COMMON-STATUS-CODES,STATUS-ACTIVE,STATUS-CODES.STATUS-ACTIVE,5,STRING,1,0,False,DISPLAY,X(,False,False,,local,17
FLD-REC-COMMON-STATUS-CODES-STATUS-CLOSED,REC-COMMON-STATUS-CODES,STATUS-CLOSED,STATUS-CODES.STATUS-CLOSED,5,STRING,1,0,False,DISPLAY,X(,False,False,,local,18
FLD-REC-COMMON-STATUS-CODES-STATUS-PENDING,REC-COMMON-STATUS-CODES,STATUS-PENDING,STATUS-CODES.STATUS-PENDING,5,STRING,1,0,False,DISPLAY,X(,False,False,,local,19
FLD-REC-COMMON-STATUS-CODES-STATUS-SUSPENDED,REC-COMMON-STATUS-CODES,STATUS-SUSPENDED,STATUS-CODES.STATUS-SUSPENDED,5,STRING,1,0,False,DISPLAY,X(,False,False,,local,20
FLD-REC-COMMON-STATUS-CODES-STATUS-FAILED,REC-COMMON-STATUS-CODES,STATUS-FAILED,STATUS-CODES.STATUS-FAILED,5,STRING,1,0,False,DISPLAY,X(,False,False,,local,21
FLD-REC-COMMON-STATUS-CODES-STATUS-REVERSED,REC-COMMON-STATUS-CODES,STATUS-REVERSED,STATUS-CODES.STATUS-REVERSED,5,STRING,1,0,False,DISPLAY,X(,False,False,,local,22
FLD-REC-COMMON-TRANSACTION-TYPES-TRN-TYPE-BUY,REC-COMMON-TRANSACTION-TYPES,TRN-TYPE-BUY,TRANSACTION-TYPES.TRN-TYPE-BUY,5,STRING,1,0,False,DISPLAY,X(,False,False,,local,26
FLD-REC-COMMON-TRANSACTION-TYPES-TRN-TYPE-SELL,REC-COMMON-TRANSACTION-TYPES,TRN-TYPE-SELL,TRANSACTION-TYPES.TRN-TYPE-SELL,5,STRING,1,0,False,DISPLAY,X(,False,False,,local,27
FLD-REC-COMMON-TRANSACTION-TYPES-TRN-TYPE-TRANSFER,REC-COMMON-TRANSACTION-TYPES,TRN-TYPE-TRANSFER,TRANSACTION-TYPES.TRN-TYPE-TRANSFER,5,STRING,1,0,False,DISPLAY,X(,False,False,,local,28
FLD-REC-COMMON-TRANSACTION-TYPES-TRN-TYPE-FEE,REC-COMMON-TRANSACTION-TYPES,TRN-TYPE-FEE,TRANSACTION-TYPES.TRN-TYPE-FEE,5,STRING,1,0,False,DISPLAY,X(,False,False,,local,29
FLD-REC-COMMON-COMMON-DATETIME-CURR-YEAR,REC-COMMON-COMMON-DATETIME,CURR-YEAR,COMMON-DATETIME.CURRENT-DATE.CURR-YEAR,10,STRING,1,0,False,DISPLAY,X(,False,False,,local,34
FLD-REC-COMMON-COMMON-DATETIME-CURR-MONTH,REC-COMMON-COMMON-DATETIME,CURR-MONTH,COMMON-DATETIME.CURRENT-DATE.CURR-MONTH,10,STRING,1,0,False,DISPLAY,X(,False,False,,local,35
FLD-REC-COMMON-COMMON-DATETIME-CURR-DAY,REC-COMMON-COMMON-DATETIME,CURR-DAY,COMMON-DATETIME.CURRENT-DATE.CURR-DAY,10,STRING,1,0,False,DISPLAY,X(,False,False,,local,36
FLD-REC-COMMON-COMMON-DATETIME-CURR-HOUR,REC-COMMON-COMMON-DATETIME,CURR-HOUR,COMMON-DATETIME.CURRENT-TIME.CURR-HOUR,10,STRING,1,0,False,DISPLAY,X(,False,False,,local,38
FLD-REC-COMMON-COMMON-DATETIME-CURR-MINUTE,REC-COMMON-COMMON-DATETIME,CURR-MINUTE,COMMON-DATETIME.CURRENT-TIME.CURR-MINUTE,10,STRING,1,0,False,DISPLAY,X(,False,False,,local,39
FLD-REC-COMMON-COMMON-DATETIME-CURR-SECOND,REC-COMMON-COMMON-DATETIME,CURR-SECOND,COMMON-DATETIME.CURRENT-TIME.CURR-SECOND,10,STRING,1,0,False,DISPLAY,X(,False,False,,local,40
FLD-REC-COMMON-COMMON-DATETIME-CURR-MSEC,REC-COMMON-COMMON-DATETIME,CURR-MSEC,COMMON-DATETIME.CURRENT-TIME.CURR-MSEC,10,STRING,1,0,False,DISPLAY,X(,False,False,,local,41
FLD-REC-COMMON-ERROR-HANDLING-ERROR-CODE,REC-COMMON-ERROR-HANDLING,ERROR-CODE,ERROR-HANDLING.ERROR-CODE,5,STRING,1,0,False,DISPLAY,X(,False,False,,local,45
FLD-REC-COMMON-ERROR-HANDLING-ERROR-MODULE,REC-COMMON-ERROR-HANDLING,ERROR-MODULE,ERROR-HANDLING.ERROR-MODULE,5,STRING,1,0,False,DISPLAY,X(,False,False,,local,46
FLD-REC-COMMON-ERROR-HANDLING-ERROR-ROUTINE,REC-COMMON-ERROR-HANDLING,ERROR-ROUTINE,ERROR-HANDLING.ERROR-ROUTINE,5,STRING,1,0,False,DISPLAY,X(,False,False,,local,47
FLD-REC-COMMON-ERROR-HANDLING-ERROR-MESSAGE,REC-COMMON-ERROR-HANDLING,ERROR-MESSAGE,ERROR-HANDLING.ERROR-MESSAGE,5,STRING,1,0,False,DISPLAY,X(,False,False,,local,48
FLD-REC-COMMON-AUDIT-FIELDS-AUDIT-TIMESTAMP,REC-COMMON-AUDIT-FIELDS,AUDIT-TIMESTAMP,AUDIT-FIELDS.AUDIT-TIMESTAMP,5,STRING,1,0,False,DISPLAY,X(,False,False,,local,52
FLD-REC-COMMON-AUDIT-FIELDS-AUDIT-USER,REC-COMMON-AUDIT-FIELDS,AUDIT-USER,AUDIT-FIELDS.AUDIT-USER,5,STRING,1,0,False,DISPLAY,X(,False,False,,local,53
FLD-REC-COMMON-AUDIT-FIELDS-AUDIT-TERMINAL,REC-COMMON-AUDIT-FIELDS,AUDIT-TERMINAL,AUDIT-FIELDS.AUDIT-TERMINAL,5,STRING,1,0,False,DISPLAY,X(,False,False,,local,54
FLD-REC-COMMON-AUDIT-FIELDS-AUDIT-PROGRAM,REC-COMMON-AUDIT-FIELDS,AUDIT-PROGRAM,AUDIT-FIELDS.AUDIT-PROGRAM,5,STRING,1,0,False,DISPLAY,X(,False,False,,local,55
FLD-REC-COMMON-CURRENCY-CODES-CURR-USD,REC-COMMON-CURRENCY-CODES,CURR-USD,CURRENCY-CODES.CURR-USD,5,STRING,1,0,False,DISPLAY,X(,False,False,,local,59
FLD-REC-COMMON-CURRENCY-CODES-CURR-EUR,REC-COMMON-CURRENCY-CODES,CURR-EUR,CURRENCY-CODES.CURR-EUR,5,STRING,1,0,False,DISPLAY,X(,False,False,,local,60
FLD-REC-COMMON-CURRENCY-CODES-CURR-GBP,REC-COMMON-CURRENCY-CODES,CURR-GBP,CURRENCY-CODES.CURR-GBP,5,STRING,1,0,False,DISPLAY,X(,False,False,,local,61
FLD-REC-COMMON-CURRENCY-CODES-CURR-JPY,REC-COMMON-CURRENCY-CODES,CURR-JPY,CURRENCY-CODES.CURR-JPY,5,STRING,1,0,False,DISPLAY,X(,False,False,,local,62
FLD-REC-COMMON-CURRENCY-CODES-CURR-CAD,REC-COMMON-CURRENCY-CODES,CURR-CAD,CURRENCY-CODES.CURR-CAD,5,STRING,1,0,False,DISPLAY,X(,False,False,,local,63
FLD-REC-ERRHAND-ERR-CATEGORIES-ERR-CAT-VSAM,REC-ERRHAND-ERR-CATEGORIES,ERR-CAT-VSAM,ERR-CATEGORIES.ERR-CAT-VSAM,5,STRING,1,0,False,DISPLAY,X(,False,False,,high_shared,12
FLD-REC-ERRHAND-ERR-CATEGORIES-ERR-CAT-VALID,REC-ERRHAND-ERR-CATEGORIES,ERR-CAT-VALID,ERR-CATEGORIES.ERR-CAT-VALID,5,STRING,1,0,False,DISPLAY,X(,False,False,,high_shared,13
FLD-REC-ERRHAND-ERR-CATEGORIES-ERR-CAT-PROC,REC-ERRHAND-ERR-CATEGORIES,ERR-CAT-PROC,ERR-CATEGORIES.ERR-CAT-PROC,5,STRING,1,0,False,DISPLAY,X(,False,False,,high_shared,14
FLD-REC-ERRHAND-ERR-CATEGORIES-ERR-CAT-SYSTEM,REC-ERRHAND-ERR-CATEGORIES,ERR-CAT-SYSTEM,ERR-CATEGORIES.ERR-CAT-SYSTEM,5,STRING,1,0,False,DISPLAY,X(,False,False,,high_shared,15
FLD-REC-ERRHAND-ERR-RETURN-CODES-ERR-SUCCESS,REC-ERRHAND-ERR-RETURN-CODES,ERR-SUCCESS,ERR-RETURN-CODES.ERR-SUCCESS,5,SIGNED_INTEGER,1,0,True,DISPLAY,S9(,False,False,,high_shared,21
FLD-REC-ERRHAND-ERR-RETURN-CODES-ERR-WARNING,REC-ERRHAND-ERR-RETURN-CODES,ERR-WARNING,ERR-RETURN-CODES.ERR-WARNING,5,SIGNED_INTEGER,1,0,True,DISPLAY,S9(,False,False,,high_shared,22
FLD-REC-ERRHAND-ERR-RETURN-CODES-ERR-ERROR,REC-ERRHAND-ERR-RETURN-CODES,ERR-ERROR,ERR-RETURN-CODES.ERR-ERROR,5,SIGNED_INTEGER,1,0,True,DISPLAY,S9(,False,False,,high_shared,23
FLD-REC-ERRHAND-ERR-RETURN-CODES-ERR-SEVERE,REC-ERRHAND-ERR-RETURN-CODES,ERR-SEVERE,ERR-RETURN-CODES.ERR-SEVERE,5,SIGNED_INTEGER,1,0,True,DISPLAY,S9(,False,False,,high_shared,24
FLD-REC-ERRHAND-ERR-RETURN-CODES-ERR-TERMINAL,REC-ERRHAND-ERR-RETURN-CODES,ERR-TERMINAL,ERR-RETURN-CODES.ERR-TERMINAL,5,SIGNED_INTEGER,1,0,True,DISPLAY,S9(,False,False,,high_shared,25
FLD-REC-ERRHAND-ERR-MESSAGE-ERR-DATE,REC-ERRHAND-ERR-MESSAGE,ERR-DATE,ERR-MESSAGE.ERR-TIMESTAMP.ERR-DATE,10,STRING,1,0,False,DISPLAY,X(,False,False,,high_shared,32
FLD-REC-ERRHAND-ERR-MESSAGE-ERR-TIME,REC-ERRHAND-ERR-MESSAGE,ERR-TIME,ERR-MESSAGE.ERR-TIMESTAMP.ERR-TIME,10,STRING,1,0,False,DISPLAY,X(,False,False,,high_shared,33
FLD-REC-ERRHAND-ERR-MESSAGE-ERR-PROGRAM,REC-ERRHAND-ERR-MESSAGE,ERR-PROGRAM,ERR-MESSAGE.ERR-PROGRAM,5,STRING,1,0,False,DISPLAY,X(,False,False,,high_shared,34
FLD-REC-ERRHAND-ERR-MESSAGE-ERR-CATEGORY,REC-ERRHAND-ERR-MESSAGE,ERR-CATEGORY,ERR-MESSAGE.ERR-CATEGORY,5,STRING,1,0,False,DISPLAY,X(,False,False,,high_shared,35
FLD-REC-ERRHAND-ERR-MESSAGE-ERR-CODE,REC-ERRHAND-ERR-MESSAGE,ERR-CODE,ERR-MESSAGE.ERR-CODE,5,STRING,1,0,False,DISPLAY,X(,False,False,,high_shared,36
FLD-REC-ERRHAND-ERR-MESSAGE-ERR-SEVERITY,REC-ERRHAND-ERR-MESSAGE,ERR-SEVERITY,ERR-MESSAGE.ERR-SEVERITY,5,SIGNED_INTEGER,1,0,True,DISPLAY,S9(,False,False,,high_shared,37
FLD-REC-ERRHAND-ERR-MESSAGE-ERR-TEXT,REC-ERRHAND-ERR-MESSAGE,ERR-TEXT,ERR-MESSAGE.ERR-TEXT,5,STRING,1,0,False,DISPLAY,X(,False,False,,high_shared,38
FLD-REC-ERRHAND-ERR-MESSAGE-ERR-DETAILS,REC-ERRHAND-ERR-MESSAGE,ERR-DETAILS,ERR-MESSAGE.ERR-DETAILS,5,STRING,1,0,False,DISPLAY,X(,False,False,,high_shared,39
FLD-REC-ERRHAND-ERR-VSAM-STATUSES-ERR-VSAM-SUCCESS,REC-ERRHAND-ERR-VSAM-STATUSES,ERR-VSAM-SUCCESS,ERR-VSAM-STATUSES.ERR-VSAM-SUCCESS,5,STRING,1,0,False,DISPLAY,X(,False,False,,high_shared,45
FLD-REC-ERRHAND-ERR-VSAM-STATUSES-ERR-VSAM-DUPKEY,REC-ERRHAND-ERR-VSAM-STATUSES,ERR-VSAM-DUPKEY,ERR-VSAM-STATUSES.ERR-VSAM-DUPKEY,5,STRING,1,0,False,DISPLAY,X(,False,False,,high_shared,46
FLD-REC-ERRHAND-ERR-VSAM-STATUSES-ERR-VSAM-NOTFND,REC-ERRHAND-ERR-VSAM-STATUSES,ERR-VSAM-NOTFND,ERR-VSAM-STATUSES.ERR-VSAM-NOTFND,5,STRING,1,0,False,DISPLAY,X(,False,False,,high_shared,47
FLD-REC-ERRHAND-ERR-VSAM-STATUSES-ERR-VSAM-EOF,REC-ERRHAND-ERR-VSAM-STATUSES,ERR-VSAM-EOF,ERR-VSAM-STATUSES.ERR-VSAM-EOF,5,STRING,1,0,False,DISPLAY,X(,False,False,,high_shared,48
FLD-REC-ERRHAND-ERR-VSAM-MSGS-ERR-VSAM-22,REC-ERRHAND-ERR-VSAM-MSGS,ERR-VSAM-22,ERR-VSAM-MSGS.ERR-VSAM-22,5,STRING,1,0,False,DISPLAY,X(,False,False,,high_shared,51
FLD-REC-ERRHAND-ERR-VSAM-MSGS-ERR-VSAM-23,REC-ERRHAND-ERR-VSAM-MSGS,ERR-VSAM-23,ERR-VSAM-MSGS.ERR-VSAM-23,5,STRING,1,0,False,DISPLAY,X(,False,False,,high_shared,53
FLD-REC-ERRHAND-ERR-VSAM-MSGS-ERR-OTHER,REC-ERRHAND-ERR-VSAM-MSGS,ERR-OTHER,ERR-VSAM-MSGS.ERR-OTHER,5,STRING,1,0,False,DISPLAY,X(,False,False,,high_shared,55
FLD-REC-HISTREC-HISTORY-RECORD-HIST-PORTFOLIO-ID,REC-HISTREC-HISTORY-RECORD,HIST-PORTFOLIO-ID,HISTORY-RECORD.HIST-KEY.HIST-PORTFOLIO-ID,10,STRING,1,0,False,DISPLAY,X(,False,False,,local,8
FLD-REC-HISTREC-HISTORY-RECORD-HIST-DATE,REC-HISTREC-HISTORY-RECORD,HIST-DATE,HISTORY-RECORD.HIST-KEY.HIST-DATE,10,STRING,1,0,False,DISPLAY,X(,False,False,,local,9
FLD-REC-HISTREC-HISTORY-RECORD-HIST-TIME,REC-HISTREC-HISTORY-RECORD,HIST-TIME,HISTORY-RECORD.HIST-KEY.HIST-TIME,10,STRING,1,0,False,DISPLAY,X(,False,False,,local,10
FLD-REC-HISTREC-HISTORY-RECORD-HIST-SEQ-NO,REC-HISTREC-HISTORY-RECORD,HIST-SEQ-NO,HISTORY-RECORD.HIST-KEY.HIST-SEQ-NO,10,STRING,1,0,False,DISPLAY,X(,False,False,,local,11
FLD-REC-HISTREC-HISTORY-RECORD-HIST-TYPE-PORT,REC-HISTREC-HISTORY-RECORD,HIST-TYPE-PORT,HISTORY-RECORD.HIST-DATA.HIST-RECORD-TYPE.HIST-TYPE-PORT,88,CONDITION,0,0,False,N/A,,False,True,,local,14
FLD-REC-HISTREC-HISTORY-RECORD-HIST-TYPE-POS,REC-HISTREC-HISTORY-RECORD,HIST-TYPE-POS,HISTORY-RECORD.HIST-DATA.HIST-RECORD-TYPE.HIST-TYPE-POS,88,CONDITION,0,0,False,N/A,,False,True,,local,15
FLD-REC-HISTREC-HISTORY-RECORD-HIST-TYPE-TRN,REC-HISTREC-HISTORY-RECORD,HIST-TYPE-TRN,HISTORY-RECORD.HIST-DATA.HIST-RECORD-TYPE.HIST-TYPE-TRN,88,CONDITION,0,0,False,N/A,,False,True,,local,16
FLD-REC-HISTREC-HISTORY-RECORD-HIST-ACTION-ADD,REC-HISTREC-HISTORY-RECORD,HIST-ACTION-ADD,HISTORY-RECORD.HIST-DATA.HIST-ACTION-CODE.HIST-ACTION-ADD,88,CONDITION,0,0,False,N/A,,False,True,,local,18
FLD-REC-HISTREC-HISTORY-RECORD-HIST-ACTION-CHG,REC-HISTREC-HISTORY-RECORD,HIST-ACTION-CHG,HISTORY-RECORD.HIST-DATA.HIST-ACTION-CODE.HIST-ACTION-CHG,88,CONDITION,0,0,False,N/A,,False,True,,local,19
FLD-REC-HISTREC-HISTORY-RECORD-HIST-ACTION-DEL,REC-HISTREC-HISTORY-RECORD,HIST-ACTION-DEL,HISTORY-RECORD.HIST-DATA.HIST-ACTION-CODE.HIST-ACTION-DEL,88,CONDITION,0,0,False,N/A,,False,True,,local,20
FLD-REC-HISTREC-HISTORY-RECORD-HIST-BEFORE-IMAGE,REC-HISTREC-HISTORY-RECORD,HIST-BEFORE-IMAGE,HISTORY-RECORD.HIST-DATA.HIST-BEFORE-IMAGE,10,STRING,1,0,False,DISPLAY,X(,False,False,,local,21
FLD-REC-HISTREC-HISTORY-RECORD-HIST-AFTER-IMAGE,REC-HISTREC-HISTORY-RECORD,HIST-AFTER-IMAGE,HISTORY-RECORD.HIST-DATA.HIST-AFTER-IMAGE,10,STRING,1,0,False,DISPLAY,X(,False,False,,local,22
FLD-REC-HISTREC-HISTORY-RECORD-HIST-REASON-CODE,REC-HISTREC-HISTORY-RECORD,HIST-REASON-CODE,HISTORY-RECORD.HIST-DATA.HIST-REASON-CODE,10,STRING,1,0,False,DISPLAY,X(,False,False,,local,23
FLD-REC-HISTREC-HISTORY-RECORD-HIST-PROCESS-DATE,REC-HISTREC-HISTORY-RECORD,HIST-PROCESS-DATE,HISTORY-RECORD.HIST-AUDIT.HIST-PROCESS-DATE,10,STRING,1,0,False,DISPLAY,X(,False,False,,local,25
FLD-REC-HISTREC-HISTORY-RECORD-HIST-PROCESS-USER,REC-HISTREC-HISTORY-RECORD,HIST-PROCESS-USER,HISTORY-RECORD.HIST-AUDIT.HIST-PROCESS-USER,10,STRING,1,0,False,DISPLAY,X(,False,False,,local,26
FLD-REC-HISTREC-HISTORY-RECORD-HIST-FILLER,REC-HISTREC-HISTORY-RECORD,HIST-FILLER,HISTORY-RECORD.HIST-FILLER,5,STRING,1,0,False,DISPLAY,X(,False,False,,local,27
FLD-REC-PORTFLIO-PORT-RECORD-PORT-ID,REC-PORTFLIO-PORT-RECORD,PORT-ID,PORT-RECORD.PORT-KEY.PORT-ID,10,STRING,1,0,False,DISPLAY,X(,False,False,,local,13
FLD-REC-PORTFLIO-PORT-RECORD-PORT-ACCOUNT-NO,REC-PORTFLIO-PORT-RECORD,PORT-ACCOUNT-NO,PORT-RECORD.PORT-KEY.PORT-ACCOUNT-NO,10,STRING,1,0,False,DISPLAY,X(,False,False,,local,14
FLD-REC-PORTFLIO-PORT-RECORD-PORT-CLIENT-NAME,REC-PORTFLIO-PORT-RECORD,PORT-CLIENT-NAME,PORT-RECORD.PORT-CLIENT-INFO.PORT-CLIENT-NAME,10,STRING,1,0,False,DISPLAY,X(,False,False,,local,16
FLD-REC-PORTFLIO-PORT-RECORD-PORT-INDIVIDUAL,REC-PORTFLIO-PORT-RECORD,PORT-INDIVIDUAL,PORT-RECORD.PORT-CLIENT-INFO.PORT-CLIENT-TYPE.PORT-INDIVIDUAL,88,CONDITION,0,0,False,N/A,,False,True,,local,18
FLD-REC-PORTFLIO-PORT-RECORD-PORT-CORPORATE,REC-PORTFLIO-PORT-RECORD,PORT-CORPORATE,PORT-RECORD.PORT-CLIENT-INFO.PORT-CLIENT-TYPE.PORT-CORPORATE,88,CONDITION,0,0,False,N/A,,False,True,,local,19
FLD-REC-PORTFLIO-PORT-RECORD-PORT-TRUST,REC-PORTFLIO-PORT-RECORD,PORT-TRUST,PORT-RECORD.PORT-CLIENT-INFO.PORT-CLIENT-TYPE.PORT-TRUST,88,CONDITION,0,0,False,N/A,,False,True,,local,20
FLD-REC-PORTFLIO-PORT-RECORD-PORT-CREATE-DATE,REC-PORTFLIO-PORT-RECORD,PORT-CREATE-DATE,PORT-RECORD.PORT-PORTFOLIO-INFO.PORT-CREATE-DATE,10,INTEGER,1,0,False,DISPLAY,9(,False,False,,local,22
FLD-REC-PORTFLIO-PORT-RECORD-PORT-LAST-MAINT,REC-PORTFLIO-PORT-RECORD,PORT-LAST-MAINT,PORT-RECORD.PORT-PORTFOLIO-INFO.PORT-LAST-MAINT,10,INTEGER,1,0,False,DISPLAY,9(,False,False,,local,23
FLD-REC-PORTFLIO-PORT-RECORD-PORT-ACTIVE,REC-PORTFLIO-PORT-RECORD,PORT-ACTIVE,PORT-RECORD.PORT-PORTFOLIO-INFO.PORT-STATUS.PORT-ACTIVE,88,CONDITION,0,0,False,N/A,,False,True,,local,25
FLD-REC-PORTFLIO-PORT-RECORD-PORT-CLOSED,REC-PORTFLIO-PORT-RECORD,PORT-CLOSED,PORT-RECORD.PORT-PORTFOLIO-INFO.PORT-STATUS.PORT-CLOSED,88,CONDITION,0,0,False,N/A,,False,True,,local,26
FLD-REC-PORTFLIO-PORT-RECORD-PORT-SUSPENDED,REC-PORTFLIO-PORT-RECORD,PORT-SUSPENDED,PORT-RECORD.PORT-PORTFOLIO-INFO.PORT-STATUS.PORT-SUSPENDED,88,CONDITION,0,0,False,N/A,,False,True,,local,27
FLD-REC-PORTFLIO-PORT-RECORD-PORT-TOTAL-VALUE,REC-PORTFLIO-PORT-RECORD,PORT-TOTAL-VALUE,PORT-RECORD.PORT-FINANCIAL-INFO.PORT-TOTAL-VALUE,10,SIGNED_INTEGER,1,0,True,DISPLAY,S9(,False,False,,local,29
FLD-REC-PORTFLIO-PORT-RECORD-PORT-CASH-BALANCE,REC-PORTFLIO-PORT-RECORD,PORT-CASH-BALANCE,PORT-RECORD.PORT-FINANCIAL-INFO.PORT-CASH-BALANCE,10,SIGNED_INTEGER,1,0,True,DISPLAY,S9(,False,False,,local,30
FLD-REC-PORTFLIO-PORT-RECORD-PORT-LAST-USER,REC-PORTFLIO-PORT-RECORD,PORT-LAST-USER,PORT-RECORD.PORT-AUDIT-INFO.PORT-LAST-USER,10,STRING,1,0,False,DISPLAY,X(,False,False,,local,32
FLD-REC-PORTFLIO-PORT-RECORD-PORT-LAST-TRANS,REC-PORTFLIO-PORT-RECORD,PORT-LAST-TRANS,PORT-RECORD.PORT-AUDIT-INFO.PORT-LAST-TRANS,10,INTEGER,1,0,False,DISPLAY,9(,False,False,,local,33
FLD-REC-PORTFLIO-PORT-RECORD-PORT-FILLER,REC-PORTFLIO-PORT-RECORD,PORT-FILLER,PORT-RECORD.PORT-FILLER,5,STRING,1,0,False,DISPLAY,X(,False,False,,local,34
FLD-REC-PORTVAL-VAL-RETURN-CODES-VAL-SUCCESS,REC-PORTVAL-VAL-RETURN-CODES,VAL-SUCCESS,VAL-RETURN-CODES.VAL-SUCCESS,5,SIGNED_INTEGER,1,0,True,DISPLAY,S9(,False,False,,local,12
FLD-REC-PORTVAL-VAL-RETURN-CODES-VAL-INVALID-ID,REC-PORTVAL-VAL-RETURN-CODES,VAL-INVALID-ID,VAL-RETURN-CODES.VAL-INVALID-ID,5,SIGNED_INTEGER,1,0,True,DISPLAY,S9(,False,False,,local,13
FLD-REC-PORTVAL-VAL-RETURN-CODES-VAL-INVALID-ACCT,REC-PORTVAL-VAL-RETURN-CODES,VAL-INVALID-ACCT,VAL-RETURN-CODES.VAL-INVALID-ACCT,5,SIGNED_INTEGER,1,0,True,DISPLAY,S9(,False,False,,local,14
FLD-REC-PORTVAL-VAL-RETURN-CODES-VAL-INVALID-TYPE,REC-PORTVAL-VAL-RETURN-CODES,VAL-INVALID-TYPE,VAL-RETURN-CODES.VAL-INVALID-TYPE,5,SIGNED_INTEGER,1,0,True,DISPLAY,S9(,False,False,,local,15
FLD-REC-PORTVAL-VAL-RETURN-CODES-VAL-INVALID-AMT,REC-PORTVAL-VAL-RETURN-CODES,VAL-INVALID-AMT,VAL-RETURN-CODES.VAL-INVALID-AMT,5,SIGNED_INTEGER,1,0,True,DISPLAY,S9(,False,False,,local,16
FLD-REC-PORTVAL-VAL-ERROR-MESSAGES-VAL-ERR-ID,REC-PORTVAL-VAL-ERROR-MESSAGES,VAL-ERR-ID,VAL-ERROR-MESSAGES.VAL-ERR-ID,5,STRING,1,0,False,DISPLAY,X(,False,False,,local,22
FLD-REC-PORTVAL-VAL-ERROR-MESSAGES-VAL-ERR-ACCT,REC-PORTVAL-VAL-ERROR-MESSAGES,VAL-ERR-ACCT,VAL-ERROR-MESSAGES.VAL-ERR-ACCT,5,STRING,1,0,False,DISPLAY,X(,False,False,,local,24
FLD-REC-PORTVAL-VAL-ERROR-MESSAGES-VAL-ERR-TYPE,REC-PORTVAL-VAL-ERROR-MESSAGES,VAL-ERR-TYPE,VAL-ERROR-MESSAGES.VAL-ERR-TYPE,5,STRING,1,0,False,DISPLAY,X(,False,False,,local,26
FLD-REC-PORTVAL-VAL-ERROR-MESSAGES-VAL-ERR-AMT,REC-PORTVAL-VAL-ERROR-MESSAGES,VAL-ERR-AMT,VAL-ERROR-MESSAGES.VAL-ERR-AMT,5,STRING,1,0,False,DISPLAY,X(,False,False,,local,28
FLD-REC-PORTVAL-VAL-CONSTANTS-VAL-MIN-AMOUNT,REC-PORTVAL-VAL-CONSTANTS,VAL-MIN-AMOUNT,VAL-CONSTANTS.VAL-MIN-AMOUNT,5,SIGNED_INTEGER,1,0,True,DISPLAY,S9(,False,False,,local,35
FLD-REC-PORTVAL-VAL-CONSTANTS-VAL-MAX-AMOUNT,REC-PORTVAL-VAL-CONSTANTS,VAL-MAX-AMOUNT,VAL-CONSTANTS.VAL-MAX-AMOUNT,5,SIGNED_INTEGER,1,0,True,DISPLAY,S9(,False,False,,local,36
FLD-REC-PORTVAL-VAL-CONSTANTS-VAL-ID-PREFIX,REC-PORTVAL-VAL-CONSTANTS,VAL-ID-PREFIX,VAL-CONSTANTS.VAL-ID-PREFIX,5,STRING,1,0,False,DISPLAY,X(,False,False,,local,37
FLD-REC-PORTVAL-VAL-WORK-AREAS-VAL-NUMERIC-CHECK,REC-PORTVAL-VAL-WORK-AREAS,VAL-NUMERIC-CHECK,VAL-WORK-AREAS.VAL-NUMERIC-CHECK,5,STRING,1,0,False,DISPLAY,X(,False,False,,local,43
FLD-REC-PORTVAL-VAL-WORK-AREAS-VAL-TEMP-NUM,REC-PORTVAL-VAL-WORK-AREAS,VAL-TEMP-NUM,VAL-WORK-AREAS.VAL-TEMP-NUM,5,SIGNED_INTEGER,1,0,True,DISPLAY,S9(,False,False,,local,44
FLD-REC-PORTVAL-VAL-WORK-AREAS-VAL-ERROR-CODE,REC-PORTVAL-VAL-WORK-AREAS,VAL-ERROR-CODE,VAL-WORK-AREAS.VAL-ERROR-CODE,5,SIGNED_INTEGER,1,0,True,DISPLAY,S9(,False,False,,local,45
FLD-REC-PORTVAL-VAL-WORK-AREAS-VAL-ERROR-MSG,REC-PORTVAL-VAL-WORK-AREAS,VAL-ERROR-MSG,VAL-WORK-AREAS.VAL-ERROR-MSG,5,STRING,1,0,False,DISPLAY,X(,False,False,,local,46
FLD-REC-POSREC-POSITION-RECORD-POS-PORTFOLIO-ID,REC-POSREC-POSITION-RECORD,POS-PORTFOLIO-ID,POSITION-RECORD.POS-KEY.POS-PORTFOLIO-ID,10,STRING,1,0,False,DISPLAY,X(,False,False,,local,8
FLD-REC-POSREC-POSITION-RECORD-POS-DATE,REC-POSREC-POSITION-RECORD,POS-DATE,POSITION-RECORD.POS-KEY.POS-DATE,10,STRING,1,0,False,DISPLAY,X(,False,False,,local,9
FLD-REC-POSREC-POSITION-RECORD-POS-INVESTMENT-ID,REC-POSREC-POSITION-RECORD,POS-INVESTMENT-ID,POSITION-RECORD.POS-KEY.POS-INVESTMENT-ID,10,STRING,1,0,False,DISPLAY,X(,False,False,,local,10
FLD-REC-POSREC-POSITION-RECORD-POS-QUANTITY,REC-POSREC-POSITION-RECORD,POS-QUANTITY,POSITION-RECORD.POS-DATA.POS-QUANTITY,10,SIGNED_INTEGER,1,0,True,DISPLAY,S9(,False,False,,local,12
FLD-REC-POSREC-POSITION-RECORD-POS-COST-BASIS,REC-POSREC-POSITION-RECORD,POS-COST-BASIS,POSITION-RECORD.POS-DATA.POS-COST-BASIS,10,SIGNED_INTEGER,1,0,True,DISPLAY,S9(,False,False,,local,13
FLD-REC-POSREC-POSITION-RECORD-POS-MARKET-VALUE,REC-POSREC-POSITION-RECORD,POS-MARKET-VALUE,POSITION-RECORD.POS-DATA.POS-MARKET-VALUE,10,SIGNED_INTEGER,1,0,True,DISPLAY,S9(,False,False,,local,14
FLD-REC-POSREC-POSITION-RECORD-POS-CURRENCY,REC-POSREC-POSITION-RECORD,POS-CURRENCY,POSITION-RECORD.POS-DATA.POS-CURRENCY,10,STRING,1,0,False,DISPLAY,X(,False,False,,local,15
FLD-REC-POSREC-POSITION-RECORD-POS-STATUS-ACTIVE,REC-POSREC-POSITION-RECORD,POS-STATUS-ACTIVE,POSITION-RECORD.POS-DATA.POS-STATUS.POS-STATUS-ACTIVE,88,CONDITION,0,0,False,N/A,,False,True,,local,17
FLD-REC-POSREC-POSITION-RECORD-POS-STATUS-CLOSED,REC-POSREC-POSITION-RECORD,POS-STATUS-CLOSED,POSITION-RECORD.POS-DATA.POS-STATUS.POS-STATUS-CLOSED,88,CONDITION,0,0,False,N/A,,False,True,,local,18
FLD-REC-POSREC-POSITION-RECORD-POS-STATUS-PEND,REC-POSREC-POSITION-RECORD,POS-STATUS-PEND,POSITION-RECORD.POS-DATA.POS-STATUS.POS-STATUS-PEND,88,CONDITION,0,0,False,N/A,,False,True,,local,19
FLD-REC-POSREC-POSITION-RECORD-POS-LAST-MAINT-DATE,REC-POSREC-POSITION-RECORD,POS-LAST-MAINT-DATE,POSITION-RECORD.POS-AUDIT.POS-LAST-MAINT-DATE,10,STRING,1,0,False,DISPLAY,X(,False,False,,local,21
FLD-REC-POSREC-POSITION-RECORD-POS-LAST-MAINT-USER,REC-POSREC-POSITION-RECORD,POS-LAST-MAINT-USER,POSITION-RECORD.POS-AUDIT.POS-LAST-MAINT-USER,10,STRING,1,0,False,DISPLAY,X(,False,False,,local,22
FLD-REC-POSREC-POSITION-RECORD-POS-FILLER,REC-POSREC-POSITION-RECORD,POS-FILLER,POSITION-RECORD.POS-FILLER,5,STRING,1,0,False,DISPLAY,X(,False,False,,local,23
FLD-REC-RETHND-RETURN-HANDLING-RC-SUCCESS,REC-RETHND-RETURN-HANDLING,RC-SUCCESS,RETURN-HANDLING.RETURN-STATUS.RETURN-CODE.RC-SUCCESS,88,CONDITION,0,0,False,N/A,,False,True,,local,9
FLD-REC-RETHND-RETURN-HANDLING-RC-WARNING,REC-RETHND-RETURN-HANDLING,RC-WARNING,RETURN-HANDLING.RETURN-STATUS.RETURN-CODE.RC-WARNING,88,CONDITION,0,0,False,N/A,,False,True,,local,10
FLD-REC-RETHND-RETURN-HANDLING-RC-ERROR,REC-RETHND-RETURN-HANDLING,RC-ERROR,RETURN-HANDLING.RETURN-STATUS.RETURN-CODE.RC-ERROR,88,CONDITION,0,0,False,N/A,,False,True,,local,11
FLD-REC-RETHND-RETURN-HANDLING-RC-SEVERE,REC-RETHND-RETURN-HANDLING,RC-SEVERE,RETURN-HANDLING.RETURN-STATUS.RETURN-CODE.RC-SEVERE,88,CONDITION,0,0,False,N/A,,False,True,,local,12
FLD-REC-RETHND-RETURN-HANDLING-RC-CRITICAL,REC-RETHND-RETURN-HANDLING,RC-CRITICAL,RETURN-HANDLING.RETURN-STATUS.RETURN-CODE.RC-CRITICAL,88,CONDITION,0,0,False,N/A,,False,True,,local,13
FLD-REC-RETHND-RETURN-HANDLING-REASON-CODE,REC-RETHND-RETURN-HANDLING,REASON-CODE,RETURN-HANDLING.RETURN-STATUS.REASON-CODE,10,SIGNED_INTEGER,1,0,True,DISPLAY,S9(,False,False,,local,14
FLD-REC-RETHND-RETURN-HANDLING-MODULE-ID,REC-RETHND-RETURN-HANDLING,MODULE-ID,RETURN-HANDLING.RETURN-STATUS.MODULE-ID,10,STRING,1,0,False,DISPLAY,X(,False,False,,local,15
FLD-REC-RETHND-RETURN-HANDLING-FUNCTION-ID,REC-RETHND-RETURN-HANDLING,FUNCTION-ID,RETURN-HANDLING.RETURN-STATUS.FUNCTION-ID,10,STRING,1,0,False,DISPLAY,X(,False,False,,local,16
FLD-REC-RETHND-RETURN-HANDLING-PROGRAM-NAME,REC-RETHND-RETURN-HANDLING,PROGRAM-NAME,RETURN-HANDLING.RETURN-DETAILS.ERROR-LOCATION.PROGRAM-NAME,15,STRING,1,0,False,DISPLAY,X(,False,False,,local,20
FLD-REC-RETHND-RETURN-HANDLING-PARAGRAPH-NAME,REC-RETHND-RETURN-HANDLING,PARAGRAPH-NAME,RETURN-HANDLING.RETURN-DETAILS.ERROR-LOCATION.PARAGRAPH-NAME,15,STRING,1,0,False,DISPLAY,X(,False,False,,local,21
FLD-REC-RETHND-RETURN-HANDLING-ERROR-ROUTINE,REC-RETHND-RETURN-HANDLING,ERROR-ROUTINE,RETURN-HANDLING.RETURN-DETAILS.ERROR-LOCATION.ERROR-ROUTINE,15,STRING,1,0,False,DISPLAY,X(,False,False,,local,22
FLD-REC-RETHND-RETURN-HANDLING-ERR-VALIDATION,REC-RETHND-RETURN-HANDLING,ERR-VALIDATION,RETURN-HANDLING.RETURN-DETAILS.ERROR-INFO.ERROR-TYPE.ERR-VALIDATION,88,CONDITION,0,0,False,N/A,,False,True,,local,25
FLD-REC-RETHND-RETURN-HANDLING-ERR-PROCESSING,REC-RETHND-RETURN-HANDLING,ERR-PROCESSING,RETURN-HANDLING.RETURN-DETAILS.ERROR-INFO.ERROR-TYPE.ERR-PROCESSING,88,CONDITION,0,0,False,N/A,,False,True,,local,26
FLD-REC-RETHND-RETURN-HANDLING-ERR-DATABASE,REC-RETHND-RETURN-HANDLING,ERR-DATABASE,RETURN-HANDLING.RETURN-DETAILS.ERROR-INFO.ERROR-TYPE.ERR-DATABASE,88,CONDITION,0,0,False,N/A,,False,True,,local,27
FLD-REC-RETHND-RETURN-HANDLING-ERR-FILE,REC-RETHND-RETURN-HANDLING,ERR-FILE,RETURN-HANDLING.RETURN-DETAILS.ERROR-INFO.ERROR-TYPE.ERR-FILE,88,CONDITION,0,0,False,N/A,,False,True,,local,28
FLD-REC-RETHND-RETURN-HANDLING-ERR-SECURITY,REC-RETHND-RETURN-HANDLING,ERR-SECURITY,RETURN-HANDLING.RETURN-DETAILS.ERROR-INFO.ERROR-TYPE.ERR-SECURITY,88,CONDITION,0,0,False,N/A,,False,True,,local,29
FLD-REC-RETHND-RETURN-HANDLING-ERROR-CODE,REC-RETHND-RETURN-HANDLING,ERROR-CODE,RETURN-HANDLING.RETURN-DETAILS.ERROR-INFO.ERROR-CODE,15,STRING,1,0,False,DISPLAY,X(,False,False,,local,30
FLD-REC-RETHND-RETURN-HANDLING-ERROR-TEXT,REC-RETHND-RETURN-HANDLING,ERROR-TEXT,RETURN-HANDLING.RETURN-DETAILS.ERROR-INFO.ERROR-TEXT,15,STRING,1,0,False,DISPLAY,X(,False,False,,local,31
FLD-REC-RETHND-RETURN-HANDLING-SYSTEM-CODE,REC-RETHND-RETURN-HANDLING,SYSTEM-CODE,RETURN-HANDLING.RETURN-DETAILS.SYSTEM-INFO.SYSTEM-CODE,15,STRING,1,0,False,DISPLAY,X(,False,False,,local,33
FLD-REC-RETHND-RETURN-HANDLING-SYSTEM-MSG,REC-RETHND-RETURN-HANDLING,SYSTEM-MSG,RETURN-HANDLING.RETURN-DETAILS.SYSTEM-INFO.SYSTEM-MSG,15,STRING,1,0,False,DISPLAY,X(,False,False,,local,34
FLD-REC-RETHND-RETURN-HANDLING-ACTION-CONTINUE,REC-RETHND-RETURN-HANDLING,ACTION-CONTINUE,RETURN-HANDLING.RETURN-ACTIONS.ACTION-FLAG.ACTION-CONTINUE,88,CONDITION,0,0,False,N/A,,False,True,,local,38
FLD-REC-RETHND-RETURN-HANDLING-ACTION-ABORT,REC-RETHND-RETURN-HANDLING,ACTION-ABORT,RETURN-HANDLING.RETURN-ACTIONS.ACTION-FLAG.ACTION-ABORT,88,CONDITION,0,0,False,N/A,,False,True,,local,39
FLD-REC-RETHND-RETURN-HANDLING-ACTION-RETRY,REC-RETHND-RETURN-HANDLING,ACTION-RETRY,RETURN-HANDLING.RETURN-ACTIONS.ACTION-FLAG.ACTION-RETRY,88,CONDITION,0,0,False,N/A,,False,True,,local,40
FLD-REC-RETHND-RETURN-HANDLING-RETRY-COUNT,REC-RETHND-RETURN-HANDLING,RETRY-COUNT,RETURN-HANDLING.RETURN-ACTIONS.RETRY-COUNT,10,INTEGER,1,0,False,DISPLAY,9(,False,False,,local,41
FLD-REC-RETHND-RETURN-HANDLING-MAX-RETRIES,REC-RETHND-RETURN-HANDLING,MAX-RETRIES,RETURN-HANDLING.RETURN-ACTIONS.MAX-RETRIES,10,INTEGER,1,0,False,DISPLAY,9(,False,False,,local,42
FLD-REC-RETHND-STD-ERROR-CODES-ERR-INVALID-DATA,REC-RETHND-STD-ERROR-CODES,ERR-INVALID-DATA,STD-ERROR-CODES.ERR-INVALID-DATA,5,STRING,1,0,False,DISPLAY,X(,False,False,,local,47
FLD-REC-RETHND-STD-ERROR-CODES-ERR-NOT-FOUND,REC-RETHND-STD-ERROR-CODES,ERR-NOT-FOUND,STD-ERROR-CODES.ERR-NOT-FOUND,5,STRING,1,0,False,DISPLAY,X(,False,False,,local,48
FLD-REC-RETHND-STD-ERROR-CODES-ERR-DUPLICATE,REC-RETHND-STD-ERROR-CODES,ERR-DUPLICATE,STD-ERROR-CODES.ERR-DUPLICATE,5,STRING,1,0,False,DISPLAY,X(,False,False,,local,49
FLD-REC-RETHND-STD-ERROR-CODES-ERR-FILE-ERROR,REC-RETHND-STD-ERROR-CODES,ERR-FILE-ERROR,STD-ERROR-CODES.ERR-FILE-ERROR,5,STRING,1,0,False,DISPLAY,X(,False,False,,local,50
FLD-REC-RETHND-STD-ERROR-CODES-ERR-DB-ERROR,REC-RETHND-STD-ERROR-CODES,ERR-DB-ERROR,STD-ERROR-CODES.ERR-DB-ERROR,5,STRING,1,0,False,DISPLAY,X(,False,False,,local,51
FLD-REC-RETHND-STD-ERROR-CODES-ERR-SECURITY,REC-RETHND-STD-ERROR-CODES,ERR-SECURITY,STD-ERROR-CODES.ERR-SECURITY,5,STRING,1,0,False,DISPLAY,X(,False,False,,local,52
FLD-REC-RETHND-STD-ERROR-CODES-ERR-PROCESSING,REC-RETHND-STD-ERROR-CODES,ERR-PROCESSING,STD-ERROR-CODES.ERR-PROCESSING,5,STRING,1,0,False,DISPLAY,X(,False,False,,local,53
FLD-REC-RETHND-STD-ERROR-CODES-ERR-VALIDATION,REC-RETHND-STD-ERROR-CODES,ERR-VALIDATION,STD-ERROR-CODES.ERR-VALIDATION,5,STRING,1,0,False,DISPLAY,X(,False,False,,local,54
FLD-REC-RETHND-STD-ERROR-CODES-ERR-VERSION,REC-RETHND-STD-ERROR-CODES,ERR-VERSION,STD-ERROR-CODES.ERR-VERSION,5,STRING,1,0,False,DISPLAY,X(,False,False,,local,55
FLD-REC-RETHND-STD-ERROR-CODES-ERR-TIMEOUT,REC-RETHND-STD-ERROR-CODES,ERR-TIMEOUT,STD-ERROR-CODES.ERR-TIMEOUT,5,STRING,1,0,False,DISPLAY,X(,False,False,,local,56
FLD-REC-RTNCODE-RETURN-CODE-AREA-RC-INITIALIZE,REC-RTNCODE-RETURN-CODE-AREA,RC-INITIALIZE,RETURN-CODE-AREA.RC-REQUEST-TYPE.RC-INITIALIZE,88,CONDITION,0,0,False,N/A,,False,True,,local,6
FLD-REC-RTNCODE-RETURN-CODE-AREA-RC-SET-CODE,REC-RTNCODE-RETURN-CODE-AREA,RC-SET-CODE,RETURN-CODE-AREA.RC-REQUEST-TYPE.RC-SET-CODE,88,CONDITION,0,0,False,N/A,,False,True,,local,7
FLD-REC-RTNCODE-RETURN-CODE-AREA-RC-GET-CODE,REC-RTNCODE-RETURN-CODE-AREA,RC-GET-CODE,RETURN-CODE-AREA.RC-REQUEST-TYPE.RC-GET-CODE,88,CONDITION,0,0,False,N/A,,False,True,,local,8
FLD-REC-RTNCODE-RETURN-CODE-AREA-RC-LOG-CODE,REC-RTNCODE-RETURN-CODE-AREA,RC-LOG-CODE,RETURN-CODE-AREA.RC-REQUEST-TYPE.RC-LOG-CODE,88,CONDITION,0,0,False,N/A,,False,True,,local,9
FLD-REC-RTNCODE-RETURN-CODE-AREA-RC-ANALYZE,REC-RTNCODE-RETURN-CODE-AREA,RC-ANALYZE,RETURN-CODE-AREA.RC-REQUEST-TYPE.RC-ANALYZE,88,CONDITION,0,0,False,N/A,,False,True,,local,10
FLD-REC-RTNCODE-RETURN-CODE-AREA-RC-PROGRAM-ID,REC-RTNCODE-RETURN-CODE-AREA,RC-PROGRAM-ID,RETURN-CODE-AREA.RC-PROGRAM-ID,5,STRING,1,0,False,DISPLAY,X(,False,False,,local,11
FLD-REC-RTNCODE-RETURN-CODE-AREA-RC-CURRENT-CODE,REC-RTNCODE-RETURN-CODE-AREA,RC-CURRENT-CODE,RETURN-CODE-AREA.RC-CODES-AREA.RC-CURRENT-CODE,10,SIGNED_INTEGER,1,0,True,DISPLAY,S9(,False,False,,local,13
FLD-REC-RTNCODE-RETURN-CODE-AREA-RC-HIGHEST-CODE,REC-RTNCODE-RETURN-CODE-AREA,RC-HIGHEST-CODE,RETURN-CODE-AREA.RC-CODES-AREA.RC-HIGHEST-CODE,10,SIGNED_INTEGER,1,0,True,DISPLAY,S9(,False,False,,local,14
FLD-REC-RTNCODE-RETURN-CODE-AREA-RC-NEW-CODE,REC-RTNCODE-RETURN-CODE-AREA,RC-NEW-CODE,RETURN-CODE-AREA.RC-CODES-AREA.RC-NEW-CODE,10,SIGNED_INTEGER,1,0,True,DISPLAY,S9(,False,False,,local,15
FLD-REC-RTNCODE-RETURN-CODE-AREA-RC-STATUS-SUCCESS,REC-RTNCODE-RETURN-CODE-AREA,RC-STATUS-SUCCESS,RETURN-CODE-AREA.RC-CODES-AREA.RC-STATUS.RC-STATUS-SUCCESS,88,CONDITION,0,0,False,N/A,,False,True,,local,17
FLD-REC-RTNCODE-RETURN-CODE-AREA-RC-STATUS-WARNING,REC-RTNCODE-RETURN-CODE-AREA,RC-STATUS-WARNING,RETURN-CODE-AREA.RC-CODES-AREA.RC-STATUS.RC-STATUS-WARNING,88,CONDITION,0,0,False,N/A,,False,True,,local,18
FLD-REC-RTNCODE-RETURN-CODE-AREA-RC-STATUS-ERROR,REC-RTNCODE-RETURN-CODE-AREA,RC-STATUS-ERROR,RETURN-CODE-AREA.RC-CODES-AREA.RC-STATUS.RC-STATUS-ERROR,88,CONDITION,0,0,False,N/A,,False,True,,local,19
FLD-REC-RTNCODE-RETURN-CODE-AREA-RC-STATUS-SEVERE,REC-RTNCODE-RETURN-CODE-AREA,RC-STATUS-SEVERE,RETURN-CODE-AREA.RC-CODES-AREA.RC-STATUS.RC-STATUS-SEVERE,88,CONDITION,0,0,False,N/A,,False,True,,local,20
FLD-REC-RTNCODE-RETURN-CODE-AREA-RC-MESSAGE,REC-RTNCODE-RETURN-CODE-AREA,RC-MESSAGE,RETURN-CODE-AREA.RC-MESSAGE,5,STRING,1,0,False,DISPLAY,X(,False,False,,local,21
FLD-REC-RTNCODE-RETURN-CODE-AREA-RC-RESPONSE-CODE,REC-RTNCODE-RETURN-CODE-AREA,RC-RESPONSE-CODE,RETURN-CODE-AREA.RC-RESPONSE-CODE,5,SIGNED_INTEGER,1,0,True,DISPLAY,S9(,False,False,,local,22
FLD-REC-RTNCODE-RETURN-CODE-AREA-RC-START-TIME,REC-RTNCODE-RETURN-CODE-AREA,RC-START-TIME,RETURN-CODE-AREA.RC-ANALYSIS-DATA.RC-START-TIME,10,STRING,1,0,False,DISPLAY,X(,False,False,,local,24
FLD-REC-RTNCODE-RETURN-CODE-AREA-RC-END-TIME,REC-RTNCODE-RETURN-CODE-AREA,RC-END-TIME,RETURN-CODE-AREA.RC-ANALYSIS-DATA.RC-END-TIME,10,STRING,1,0,False,DISPLAY,X(,False,False,,local,25
FLD-REC-RTNCODE-RETURN-CODE-AREA-RC-TOTAL-CODES,REC-RTNCODE-RETURN-CODE-AREA,RC-TOTAL-CODES,RETURN-CODE-AREA.RC-ANALYSIS-DATA.RC-TOTAL-CODES,10,SIGNED_INTEGER,1,0,True,DISPLAY,S9(,False,False,,local,26
FLD-REC-RTNCODE-RETURN-CODE-AREA-RC-MAX-CODE,REC-RTNCODE-RETURN-CODE-AREA,RC-MAX-CODE,RETURN-CODE-AREA.RC-ANALYSIS-DATA.RC-MAX-CODE,10,SIGNED_INTEGER,1,0,True,DISPLAY,S9(,False,False,,local,27
FLD-REC-RTNCODE-RETURN-CODE-AREA-RC-MIN-CODE,REC-RTNCODE-RETURN-CODE-AREA,RC-MIN-CODE,RETURN-CODE-AREA.RC-ANALYSIS-DATA.RC-MIN-CODE,10,SIGNED_INTEGER,1,0,True,DISPLAY,S9(,False,False,,local,28
FLD-REC-RTNCODE-RETURN-CODE-AREA-RC-RETURN-VALUE,REC-RTNCODE-RETURN-CODE-AREA,RC-RETURN-VALUE,RETURN-CODE-AREA.RC-RETURN-DATA.RC-RETURN-VALUE,10,SIGNED_INTEGER,1,0,True,DISPLAY,S9(,False,False,,local,30
FLD-REC-RTNCODE-RETURN-CODE-AREA-RC-HIGHEST-RETURN,REC-RTNCODE-RETURN-CODE-AREA,RC-HIGHEST-RETURN,RETURN-CODE-AREA.RC-RETURN-DATA.RC-HIGHEST-RETURN,10,SIGNED_INTEGER,1,0,True,DISPLAY,S9(,False,False,,local,31
FLD-REC-RTNCODE-RETURN-CODE-AREA-RC-RETURN-STATUS,REC-RTNCODE-RETURN-CODE-AREA,RC-RETURN-STATUS,RETURN-CODE-AREA.RC-RETURN-DATA.RC-RETURN-STATUS,10,STRING,1,0,False,DISPLAY,X.,False,False,,local,32
FLD-REC-TRNREC-TRANSACTION-RECORD-TRN-DATE,REC-TRNREC-TRANSACTION-RECORD,TRN-DATE,TRANSACTION-RECORD.TRN-KEY.TRN-DATE,10,STRING,1,0,False,DISPLAY,X(,False,False,,local,8
FLD-REC-TRNREC-TRANSACTION-RECORD-TRN-TIME,REC-TRNREC-TRANSACTION-RECORD,TRN-TIME,TRANSACTION-RECORD.TRN-KEY.TRN-TIME,10,STRING,1,0,False,DISPLAY,X(,False,False,,local,9
FLD-REC-TRNREC-TRANSACTION-RECORD-TRN-PORTFOLIO-ID,REC-TRNREC-TRANSACTION-RECORD,TRN-PORTFOLIO-ID,TRANSACTION-RECORD.TRN-KEY.TRN-PORTFOLIO-ID,10,STRING,1,0,False,DISPLAY,X(,False,False,,local,10
FLD-REC-TRNREC-TRANSACTION-RECORD-TRN-SEQUENCE-NO,REC-TRNREC-TRANSACTION-RECORD,TRN-SEQUENCE-NO,TRANSACTION-RECORD.TRN-KEY.TRN-SEQUENCE-NO,10,STRING,1,0,False,DISPLAY,X(,False,False,,local,11
FLD-REC-TRNREC-TRANSACTION-RECORD-TRN-INVESTMENT-ID,REC-TRNREC-TRANSACTION-RECORD,TRN-INVESTMENT-ID,TRANSACTION-RECORD.TRN-DATA.TRN-INVESTMENT-ID,10,STRING,1,0,False,DISPLAY,X(,False,False,,local,13
FLD-REC-TRNREC-TRANSACTION-RECORD-TRN-TYPE-BUY,REC-TRNREC-TRANSACTION-RECORD,TRN-TYPE-BUY,TRANSACTION-RECORD.TRN-DATA.TRN-TYPE.TRN-TYPE-BUY,88,CONDITION,0,0,False,N/A,,False,True,,local,15
FLD-REC-TRNREC-TRANSACTION-RECORD-TRN-TYPE-SELL,REC-TRNREC-TRANSACTION-RECORD,TRN-TYPE-SELL,TRANSACTION-RECORD.TRN-DATA.TRN-TYPE.TRN-TYPE-SELL,88,CONDITION,0,0,False,N/A,,False,True,,local,16
FLD-REC-TRNREC-TRANSACTION-RECORD-TRN-TYPE-TRANS,REC-TRNREC-TRANSACTION-RECORD,TRN-TYPE-TRANS,TRANSACTION-RECORD.TRN-DATA.TRN-TYPE.TRN-TYPE-TRANS,88,CONDITION,0,0,False,N/A,,False,True,,local,17
FLD-REC-TRNREC-TRANSACTION-RECORD-TRN-TYPE-FEE,REC-TRNREC-TRANSACTION-RECORD,TRN-TYPE-FEE,TRANSACTION-RECORD.TRN-DATA.TRN-TYPE.TRN-TYPE-FEE,88,CONDITION,0,0,False,N/A,,False,True,,local,18
FLD-REC-TRNREC-TRANSACTION-RECORD-TRN-QUANTITY,REC-TRNREC-TRANSACTION-RECORD,TRN-QUANTITY,TRANSACTION-RECORD.TRN-DATA.TRN-QUANTITY,10,SIGNED_INTEGER,1,0,True,DISPLAY,S9(,False,False,,local,19
FLD-REC-TRNREC-TRANSACTION-RECORD-TRN-PRICE,REC-TRNREC-TRANSACTION-RECORD,TRN-PRICE,TRANSACTION-RECORD.TRN-DATA.TRN-PRICE,10,SIGNED_INTEGER,1,0,True,DISPLAY,S9(,False,False,,local,20
FLD-REC-TRNREC-TRANSACTION-RECORD-TRN-AMOUNT,REC-TRNREC-TRANSACTION-RECORD,TRN-AMOUNT,TRANSACTION-RECORD.TRN-DATA.TRN-AMOUNT,10,SIGNED_INTEGER,1,0,True,DISPLAY,S9(,False,False,,local,21
FLD-REC-TRNREC-TRANSACTION-RECORD-TRN-CURRENCY,REC-TRNREC-TRANSACTION-RECORD,TRN-CURRENCY,TRANSACTION-RECORD.TRN-DATA.TRN-CURRENCY,10,STRING,1,0,False,DISPLAY,X(,False,False,,local,22
FLD-REC-TRNREC-TRANSACTION-RECORD-TRN-STATUS-PEND,REC-TRNREC-TRANSACTION-RECORD,TRN-STATUS-PEND,TRANSACTION-RECORD.TRN-DATA.TRN-STATUS.TRN-STATUS-PEND,88,CONDITION,0,0,False,N/A,,False,True,,local,24
FLD-REC-TRNREC-TRANSACTION-RECORD-TRN-STATUS-DONE,REC-TRNREC-TRANSACTION-RECORD,TRN-STATUS-DONE,TRANSACTION-RECORD.TRN-DATA.TRN-STATUS.TRN-STATUS-DONE,88,CONDITION,0,0,False,N/A,,False,True,,local,25
FLD-REC-TRNREC-TRANSACTION-RECORD-TRN-STATUS-FAIL,REC-TRNREC-TRANSACTION-RECORD,TRN-STATUS-FAIL,TRANSACTION-RECORD.TRN-DATA.TRN-STATUS.TRN-STATUS-FAIL,88,CONDITION,0,0,False,N/A,,False,True,,local,26
FLD-REC-TRNREC-TRANSACTION-RECORD-TRN-STATUS-REV,REC-TRNREC-TRANSACTION-RECORD,TRN-STATUS-REV,TRANSACTION-RECORD.TRN-DATA.TRN-STATUS.TRN-STATUS-REV,88,CONDITION,0,0,False,N/A,,False,True,,local,27
FLD-REC-TRNREC-TRANSACTION-RECORD-TRN-PROCESS-DATE,REC-TRNREC-TRANSACTION-RECORD,TRN-PROCESS-DATE,TRANSACTION-RECORD.TRN-AUDIT.TRN-PROCESS-DATE,10,STRING,1,0,False,DISPLAY,X(,False,False,,local,29
FLD-REC-TRNREC-TRANSACTION-RECORD-TRN-PROCESS-USER,REC-TRNREC-TRANSACTION-RECORD,TRN-PROCESS-USER,TRANSACTION-RECORD.TRN-AUDIT.TRN-PROCESS-USER,10,STRING,1,0,False,DISPLAY,X(,False,False,,local,30
FLD-REC-TRNREC-TRANSACTION-RECORD-TRN-FILLER,REC-TRNREC-TRANSACTION-RECORD,TRN-FILLER,TRANSACTION-RECORD.TRN-FILLER,5,STRING,1,0,False,DISPLAY,X(,False,False,,local,31
FLD-REC-DBPROC-DB2-ERROR-HANDLING-FILLER_0012,REC-DBPROC-DB2-ERROR-HANDLING,FILLER_0012,DB2-ERROR-HANDLING.DB2-ERROR-MESSAGE.FILLER_0012,10,STRING,9,0,False,DISPLAY,X(9),True,False,,medium_shared,12
FLD-REC-DBPROC-DB2-ERROR-HANDLING-DB2-SQLCODE-TXT,REC-DBPROC-DB2-ERROR-HANDLING,DB2-SQLCODE-TXT,DB2-ERROR-HANDLING.DB2-ERROR-MESSAGE.DB2-SQLCODE-TXT,10,STRING,1,0,False,DISPLAY,X(,False,False,,medium_shared,13
FLD-REC-DBPROC-DB2-ERROR-HANDLING-FILLER_0014,REC-DBPROC-DB2-ERROR-HANDLING,FILLER_0014,DB2-ERROR-HANDLING.DB2-ERROR-MESSAGE.FILLER_0014,10,STRING,9,0,False,DISPLAY,X(9),True,False,,medium_shared,14
FLD-REC-DBPROC-DB2-ERROR-HANDLING-DB2-STATE,REC-DBPROC-DB2-ERROR-HANDLING,DB2-STATE,DB2-ERROR-HANDLING.DB2-ERROR-MESSAGE.DB2-STATE,10,STRING,1,0,False,DISPLAY,X(,False,False,,medium_shared,15
FLD-REC-DBPROC-DB2-ERROR-HANDLING-FILLER_0016,REC-DBPROC-DB2-ERROR-HANDLING,FILLER_0016,DB2-ERROR-HANDLING.DB2-ERROR-MESSAGE.FILLER_0016,10,STRING,1,0,False,DISPLAY,X(,True,False,,medium_shared,16
FLD-REC-DBPROC-DB2-ERROR-HANDLING-DB2-ERROR-TEXT,REC-DBPROC-DB2-ERROR-HANDLING,DB2-ERROR-TEXT,DB2-ERROR-HANDLING.DB2-ERROR-MESSAGE.DB2-ERROR-TEXT,10,STRING,1,0,False,DISPLAY,X(,False,False,,medium_shared,17
FLD-REC-DBPROC-DB2-ERROR-HANDLING-DB2-SAVE-STATUS,REC-DBPROC-DB2-ERROR-HANDLING,DB2-SAVE-STATUS,DB2-ERROR-HANDLING.DB2-SAVE-STATUS,5,STRING,1,0,False,DISPLAY,X(,False,False,,medium_shared,18
FLD-REC-DBPROC-DB2-ERROR-HANDLING-DB2-RETRY-COUNT,REC-DBPROC-DB2-ERROR-HANDLING,DB2-RETRY-COUNT,DB2-ERROR-HANDLING.DB2-RETRY-COUNT,5,SIGNED_INTEGER,1,0,True,DISPLAY,S9(,False,False,,medium_shared,19
FLD-REC-DBPROC-DB2-ERROR-HANDLING-DB2-MAX-RETRIES,REC-DBPROC-DB2-ERROR-HANDLING,DB2-MAX-RETRIES,DB2-ERROR-HANDLING.DB2-MAX-RETRIES,5,SIGNED_INTEGER,1,0,True,DISPLAY,S9(,False,False,,medium_shared,20
FLD-REC-DBPROC-DB2-ERROR-HANDLING-DB2-RETRY-WAIT,REC-DBPROC-DB2-ERROR-HANDLING,DB2-RETRY-WAIT,DB2-ERROR-HANDLING.DB2-RETRY-WAIT,5,SIGNED_INTEGER,1,0,True,DISPLAY,S9(,False,False,,medium_shared,21
FLD-REC-DBTBLS-POSHIST-RECORD-PH-ACCOUNT-NO,REC-DBTBLS-POSHIST-RECORD,PH-ACCOUNT-NO,POSHIST-RECORD.PH-ACCOUNT-NO,5,STRING,1,0,False,DISPLAY,X(,False,False,,local,11
FLD-REC-DBTBLS-POSHIST-RECORD-PH-PORTFOLIO-ID,REC-DBTBLS-POSHIST-RECORD,PH-PORTFOLIO-ID,POSHIST-RECORD.PH-PORTFOLIO-ID,5,STRING,1,0,False,DISPLAY,X(,False,False,,local,12
FLD-REC-DBTBLS-POSHIST-RECORD-PH-TRANS-DATE,REC-DBTBLS-POSHIST-RECORD,PH-TRANS-DATE,POSHIST-RECORD.PH-TRANS-DATE,5,STRING,1,0,False,DISPLAY,X(,False,False,,local,13
FLD-REC-DBTBLS-POSHIST-RECORD-PH-TRANS-TIME,REC-DBTBLS-POSHIST-RECORD,PH-TRANS-TIME,POSHIST-RECORD.PH-TRANS-TIME,5,STRING,1,0,False,DISPLAY,X(,False,False,,local,14
FLD-REC-DBTBLS-POSHIST-RECORD-PH-TRANS-TYPE,REC-DBTBLS-POSHIST-RECORD,PH-TRANS-TYPE,POSHIST-RECORD.PH-TRANS-TYPE,5,STRING,1,0,False,DISPLAY,X(,False,False,,local,15
FLD-REC-DBTBLS-POSHIST-RECORD-PH-SECURITY-ID,REC-DBTBLS-POSHIST-RECORD,PH-SECURITY-ID,POSHIST-RECORD.PH-SECURITY-ID,5,STRING,1,0,False,DISPLAY,X(,False,False,,local,16
FLD-REC-DBTBLS-POSHIST-RECORD-PH-QUANTITY,REC-DBTBLS-POSHIST-RECORD,PH-QUANTITY,POSHIST-RECORD.PH-QUANTITY,5,SIGNED_INTEGER,1,0,True,DISPLAY,S9(,False,False,,local,17
FLD-REC-DBTBLS-POSHIST-RECORD-PH-PRICE,REC-DBTBLS-POSHIST-RECORD,PH-PRICE,POSHIST-RECORD.PH-PRICE,5,SIGNED_INTEGER,1,0,True,DISPLAY,S9(,False,False,,local,18
FLD-REC-DBTBLS-POSHIST-RECORD-PH-AMOUNT,REC-DBTBLS-POSHIST-RECORD,PH-AMOUNT,POSHIST-RECORD.PH-AMOUNT,5,SIGNED_INTEGER,1,0,True,DISPLAY,S9(,False,False,,local,19
FLD-REC-DBTBLS-POSHIST-RECORD-PH-FEES,REC-DBTBLS-POSHIST-RECORD,PH-FEES,POSHIST-RECORD.PH-FEES,5,SIGNED_INTEGER,1,0,True,DISPLAY,S9(,False,False,,local,20
FLD-REC-DBTBLS-POSHIST-RECORD-PH-TOTAL-AMOUNT,REC-DBTBLS-POSHIST-RECORD,PH-TOTAL-AMOUNT,POSHIST-RECORD.PH-TOTAL-AMOUNT,5,SIGNED_INTEGER,1,0,True,DISPLAY,S9(,False,False,,local,21
FLD-REC-DBTBLS-POSHIST-RECORD-PH-COST-BASIS,REC-DBTBLS-POSHIST-RECORD,PH-COST-BASIS,POSHIST-RECORD.PH-COST-BASIS,5,SIGNED_INTEGER,1,0,True,DISPLAY,S9(,False,False,,local,22
FLD-REC-DBTBLS-POSHIST-RECORD-PH-GAIN-LOSS,REC-DBTBLS-POSHIST-RECORD,PH-GAIN-LOSS,POSHIST-RECORD.PH-GAIN-LOSS,5,SIGNED_INTEGER,1,0,True,DISPLAY,S9(,False,False,,local,23
FLD-REC-DBTBLS-POSHIST-RECORD-PH-PROCESS-DATE,REC-DBTBLS-POSHIST-RECORD,PH-PROCESS-DATE,POSHIST-RECORD.PH-PROCESS-DATE,5,STRING,1,0,False,DISPLAY,X(,False,False,,local,24
FLD-REC-DBTBLS-POSHIST-RECORD-PH-PROCESS-TIME,REC-DBTBLS-POSHIST-RECORD,PH-PROCESS-TIME,POSHIST-RECORD.PH-PROCESS-TIME,5,STRING,1,0,False,DISPLAY,X(,False,False,,local,25
FLD-REC-DBTBLS-POSHIST-RECORD-PH-PROGRAM-ID,REC-DBTBLS-POSHIST-RECORD,PH-PROGRAM-ID,POSHIST-RECORD.PH-PROGRAM-ID,5,STRING,1,0,False,DISPLAY,X(,False,False,,local,26
FLD-REC-DBTBLS-POSHIST-RECORD-PH-USER-ID,REC-DBTBLS-POSHIST-RECORD,PH-USER-ID,POSHIST-RECORD.PH-USER-ID,5,STRING,1,0,False,DISPLAY,X(,False,False,,local,27
FLD-REC-DBTBLS-POSHIST-RECORD-PH-AUDIT-TIMESTAMP,REC-DBTBLS-POSHIST-RECORD,PH-AUDIT-TIMESTAMP,POSHIST-RECORD.PH-AUDIT-TIMESTAMP,5,STRING,1,0,False,DISPLAY,X(,False,False,,local,28
FLD-REC-DBTBLS-ERRLOG-RECORD-EL-ERROR-TIMESTAMP,REC-DBTBLS-ERRLOG-RECORD,EL-ERROR-TIMESTAMP,ERRLOG-RECORD.EL-ERROR-TIMESTAMP,5,STRING,1,0,False,DISPLAY,X(,False,False,,local,34
FLD-REC-DBTBLS-ERRLOG-RECORD-EL-PROGRAM-ID,REC-DBTBLS-ERRLOG-RECORD,EL-PROGRAM-ID,ERRLOG-RECORD.EL-PROGRAM-ID,5,STRING,1,0,False,DISPLAY,X(,False,False,,local,35
FLD-REC-DBTBLS-ERRLOG-RECORD-EL-TYPE-SYSTEM,REC-DBTBLS-ERRLOG-RECORD,EL-TYPE-SYSTEM,ERRLOG-RECORD.EL-ERROR-TYPE.EL-TYPE-SYSTEM,88,CONDITION,0,0,False,N/A,,False,True,,local,37
FLD-REC-DBTBLS-ERRLOG-RECORD-EL-TYPE-APP,REC-DBTBLS-ERRLOG-RECORD,EL-TYPE-APP,ERRLOG-RECORD.EL-ERROR-TYPE.EL-TYPE-APP,88,CONDITION,0,0,False,N/A,,False,True,,local,38
FLD-REC-DBTBLS-ERRLOG-RECORD-EL-TYPE-DATA,REC-DBTBLS-ERRLOG-RECORD,EL-TYPE-DATA,ERRLOG-RECORD.EL-ERROR-TYPE.EL-TYPE-DATA,88,CONDITION,0,0,False,N/A,,False,True,,local,39
FLD-REC-DBTBLS-ERRLOG-RECORD-EL-SEV-INFO,REC-DBTBLS-ERRLOG-RECORD,EL-SEV-INFO,ERRLOG-RECORD.EL-ERROR-SEVERITY.EL-SEV-INFO,88,CONDITION,0,0,False,N/A,,False,True,,local,41
FLD-REC-DBTBLS-ERRLOG-RECORD-EL-SEV-WARN,REC-DBTBLS-ERRLOG-RECORD,EL-SEV-WARN,ERRLOG-RECORD.EL-ERROR-SEVERITY.EL-SEV-WARN,88,CONDITION,0,0,False,N/A,,False,True,,local,42
FLD-REC-DBTBLS-ERRLOG-RECORD-EL-SEV-ERROR,REC-DBTBLS-ERRLOG-RECORD,EL-SEV-ERROR,ERRLOG-RECORD.EL-ERROR-SEVERITY.EL-SEV-ERROR,88,CONDITION,0,0,False,N/A,,False,True,,local,43
FLD-REC-DBTBLS-ERRLOG-RECORD-EL-SEV-SEVERE,REC-DBTBLS-ERRLOG-RECORD,EL-SEV-SEVERE,ERRLOG-RECORD.EL-ERROR-SEVERITY.EL-SEV-SEVERE,88,CONDITION,0,0,False,N/A,,False,True,,local,44
FLD-REC-DBTBLS-ERRLOG-RECORD-EL-ERROR-CODE,REC-DBTBLS-ERRLOG-RECORD,EL-ERROR-CODE,ERRLOG-RECORD.EL-ERROR-CODE,5,STRING,1,0,False,DISPLAY,X(,False,False,,local,45
FLD-REC-DBTBLS-ERRLOG-RECORD-EL-ERROR-MESSAGE,REC-DBTBLS-ERRLOG-RECORD,EL-ERROR-MESSAGE,ERRLOG-RECORD.EL-ERROR-MESSAGE,5,STRING,1,0,False,DISPLAY,X(,False,False,,local,46
FLD-REC-DBTBLS-ERRLOG-RECORD-EL-PROCESS-DATE,REC-DBTBLS-ERRLOG-RECORD,EL-PROCESS-DATE,ERRLOG-RECORD.EL-PROCESS-DATE,5,STRING,1,0,False,DISPLAY,X(,False,False,,local,47
FLD-REC-DBTBLS-ERRLOG-RECORD-EL-PROCESS-TIME,REC-DBTBLS-ERRLOG-RECORD,EL-PROCESS-TIME,ERRLOG-RECORD.EL-PROCESS-TIME,5,STRING,1,0,False,DISPLAY,X(,False,False,,local,48
FLD-REC-DBTBLS-ERRLOG-RECORD-EL-USER-ID,REC-DBTBLS-ERRLOG-RECORD,EL-USER-ID,ERRLOG-RECORD.EL-USER-ID,5,STRING,1,0,False,DISPLAY,X(,False,False,,local,49
FLD-REC-DBTBLS-ERRLOG-RECORD-EL-ADDITIONAL-INFO,REC-DBTBLS-ERRLOG-RECORD,EL-ADDITIONAL-INFO,ERRLOG-RECORD.EL-ADDITIONAL-INFO,5,STRING,1,0,False,DISPLAY,X(,False,False,,local,50
FLD-REC-SQLCA-SQL-STATUS-CODES-SQL-SUCCESS,REC-SQLCA-SQL-STATUS-CODES,SQL-SUCCESS,SQL-STATUS-CODES.SQL-SUCCESS,5,STRING,1,0,False,DISPLAY,X(,False,False,,high_shared,9
FLD-REC-SQLCA-SQL-STATUS-CODES-SQL-NOT-FOUND,REC-SQLCA-SQL-STATUS-CODES,SQL-NOT-FOUND,SQL-STATUS-CODES.SQL-NOT-FOUND,5,STRING,1,0,False,DISPLAY,X(,False,False,,high_shared,10
FLD-REC-SQLCA-SQL-STATUS-CODES-SQL-DUP-KEY,REC-SQLCA-SQL-STATUS-CODES,SQL-DUP-KEY,SQL-STATUS-CODES.SQL-DUP-KEY,5,STRING,1,0,False,DISPLAY,X(,False,False,,high_shared,11
FLD-REC-SQLCA-SQL-STATUS-CODES-SQL-DEADLOCK,REC-SQLCA-SQL-STATUS-CODES,SQL-DEADLOCK,SQL-STATUS-CODES.SQL-DEADLOCK,5,STRING,1,0,False,DISPLAY,X(,False,False,,high_shared,12
FLD-REC-SQLCA-SQL-STATUS-CODES-SQL-TIMEOUT,REC-SQLCA-SQL-STATUS-CODES,SQL-TIMEOUT,SQL-STATUS-CODES.SQL-TIMEOUT,5,STRING,1,0,False,DISPLAY,X(,False,False,,high_shared,13
FLD-REC-SQLCA-SQL-STATUS-CODES-SQL-CONNECTION-ERROR,REC-SQLCA-SQL-STATUS-CODES,SQL-CONNECTION-ERROR,SQL-STATUS-CODES.SQL-CONNECTION-ERROR,5,STRING,1,0,False,DISPLAY,X(,False,False,,high_shared,14
FLD-REC-SQLCA-SQL-STATUS-CODES-SQL-DB-ERROR,REC-SQLCA-SQL-STATUS-CODES,SQL-DB-ERROR,SQL-STATUS-CODES.SQL-DB-ERROR,5,STRING,1,0,False,DISPLAY,X(,False,False,,high_shared,15
FLD-REC-DB2REQ-DB2-REQUEST-AREA-DB2-CONNECT,REC-DB2REQ-DB2-REQUEST-AREA,DB2-CONNECT,DB2-REQUEST-AREA.DB2-REQUEST-TYPE.DB2-CONNECT,88,CONDITION,0,0,False,N/A,,False,True,,local,6
FLD-REC-DB2REQ-DB2-REQUEST-AREA-DB2-DISCONNECT,REC-DB2REQ-DB2-REQUEST-AREA,DB2-DISCONNECT,DB2-REQUEST-AREA.DB2-REQUEST-TYPE.DB2-DISCONNECT,88,CONDITION,0,0,False,N/A,,False,True,,local,7
FLD-REC-DB2REQ-DB2-REQUEST-AREA-DB2-STATUS,REC-DB2REQ-DB2-REQUEST-AREA,DB2-STATUS,DB2-REQUEST-AREA.DB2-REQUEST-TYPE.DB2-STATUS,88,CONDITION,0,0,False,N/A,,False,True,,local,8
FLD-REC-DB2REQ-DB2-REQUEST-AREA-DB2-RESPONSE-CODE,REC-DB2REQ-DB2-REQUEST-AREA,DB2-RESPONSE-CODE,DB2-REQUEST-AREA.DB2-RESPONSE-CODE,5,SIGNED_INTEGER,1,0,True,DISPLAY,S9(,False,False,,local,9
FLD-REC-DB2REQ-DB2-REQUEST-AREA-DB2-CONNECTION-TOKEN,REC-DB2REQ-DB2-REQUEST-AREA,DB2-CONNECTION-TOKEN,DB2-REQUEST-AREA.DB2-CONNECTION-TOKEN,5,STRING,1,0,False,DISPLAY,X(,False,False,,local,10
FLD-REC-DB2REQ-DB2-REQUEST-AREA-DB2-SQLCODE,REC-DB2REQ-DB2-REQUEST-AREA,DB2-SQLCODE,DB2-REQUEST-AREA.DB2-ERROR-INFO.DB2-SQLCODE,10,SIGNED_INTEGER,9,0,True,DISPLAY,S9(9),False,False,,local,12
FLD-REC-DB2REQ-DB2-REQUEST-AREA-DB2-ERROR-MSG,REC-DB2REQ-DB2-REQUEST-AREA,DB2-ERROR-MSG,DB2-REQUEST-AREA.DB2-ERROR-INFO.DB2-ERROR-MSG,10,STRING,1,0,False,DISPLAY,X(,False,False,,local,13
FLD-REC-ERRHND-ERROR-HANDLING-ERR-PROGRAM,REC-ERRHND-ERROR-HANDLING,ERR-PROGRAM,ERROR-HANDLING.ERR-PROGRAM,5,STRING,1,0,False,DISPLAY,X(,False,False,,local,5
FLD-REC-ERRHND-ERROR-HANDLING-ERR-PARAGRAPH,REC-ERRHND-ERROR-HANDLING,ERR-PARAGRAPH,ERROR-HANDLING.ERR-PARAGRAPH,5,STRING,1,0,False,DISPLAY,X(,False,False,,local,6
FLD-REC-ERRHND-ERROR-HANDLING-ERR-SQLCODE,REC-ERRHND-ERROR-HANDLING,ERR-SQLCODE,ERROR-HANDLING.ERR-SQLCODE,5,SIGNED_INTEGER,9,0,True,DISPLAY,S9(9),False,False,,local,7
FLD-REC-ERRHND-ERROR-HANDLING-ERR-CICS-RESP,REC-ERRHND-ERROR-HANDLING,ERR-CICS-RESP,ERROR-HANDLING.ERR-CICS-RESP,5,SIGNED_INTEGER,1,0,True,DISPLAY,S9(,False,False,,local,8
FLD-REC-ERRHND-ERROR-HANDLING-ERR-CICS-RESP2,REC-ERRHND-ERROR-HANDLING,ERR-CICS-RESP2,ERROR-HANDLING.ERR-CICS-RESP2,5,SIGNED_INTEGER,1,0,True,DISPLAY,S9(,False,False,,local,9
FLD-REC-ERRHND-ERROR-HANDLING-ERR-FATAL,REC-ERRHND-ERROR-HANDLING,ERR-FATAL,ERROR-HANDLING.ERR-SEVERITY.ERR-FATAL,88,CONDITION,0,0,False,N/A,,False,True,,local,11
FLD-REC-ERRHND-ERROR-HANDLING-ERR-WARNING,REC-ERRHND-ERROR-HANDLING,ERR-WARNING,ERROR-HANDLING.ERR-SEVERITY.ERR-WARNING,88,CONDITION,0,0,False,N/A,,False,True,,local,12
FLD-REC-ERRHND-ERROR-HANDLING-ERR-INFO,REC-ERRHND-ERROR-HANDLING,ERR-INFO,ERROR-HANDLING.ERR-SEVERITY.ERR-INFO,88,CONDITION,0,0,False,N/A,,False,True,,local,13
FLD-REC-ERRHND-ERROR-HANDLING-ERR-MESSAGE,REC-ERRHND-ERROR-HANDLING,ERR-MESSAGE,ERROR-HANDLING.ERR-MESSAGE,5,STRING,1,0,False,DISPLAY,X(,False,False,,local,14
FLD-REC-ERRHND-ERROR-HANDLING-ERR-RETURN,REC-ERRHND-ERROR-HANDLING,ERR-RETURN,ERROR-HANDLING.ERR-ACTION.ERR-RETURN,88,CONDITION,0,0,False,N/A,,False,True,,local,16
FLD-REC-ERRHND-ERROR-HANDLING-ERR-CONTINUE,REC-ERRHND-ERROR-HANDLING,ERR-CONTINUE,ERROR-HANDLING.ERR-ACTION.ERR-CONTINUE,88,CONDITION,0,0,False,N/A,,False,True,,local,17
FLD-REC-ERRHND-ERROR-HANDLING-ERR-ABEND,REC-ERRHND-ERROR-HANDLING,ERR-ABEND,ERROR-HANDLING.ERR-ACTION.ERR-ABEND,88,CONDITION,0,0,False,N/A,,False,True,,local,18
FLD-REC-ERRHND-ERROR-HANDLING-ERR-TRACE-ID,REC-ERRHND-ERROR-HANDLING,ERR-TRACE-ID,ERROR-HANDLING.ERR-TRACE.ERR-TRACE-ID,10,STRING,1,0,False,DISPLAY,X(,False,False,,local,20
FLD-REC-ERRHND-ERROR-HANDLING-ERR-TIMESTAMP,REC-ERRHND-ERROR-HANDLING,ERR-TIMESTAMP,ERROR-HANDLING.ERR-TRACE.ERR-TIMESTAMP,10,STRING,1,0,False,DISPLAY,X(,False,False,,local,21
FLD-REC-INQCOM-INQCOM-AREA-INQCOM-MENU,REC-INQCOM-INQCOM-AREA,INQCOM-MENU,INQCOM-AREA.INQCOM-FUNCTION.INQCOM-MENU,88,CONDITION,0,0,False,N/A,,False,True,,medium_shared,6
FLD-REC-INQCOM-INQCOM-AREA-INQCOM-PORTFOLIO,REC-INQCOM-INQCOM-AREA,INQCOM-PORTFOLIO,INQCOM-AREA.INQCOM-FUNCTION.INQCOM-PORTFOLIO,88,CONDITION,0,0,False,N/A,,False,True,,medium_shared,7
FLD-REC-INQCOM-INQCOM-AREA-INQCOM-HISTORY,REC-INQCOM-INQCOM-AREA,INQCOM-HISTORY,INQCOM-AREA.INQCOM-FUNCTION.INQCOM-HISTORY,88,CONDITION,0,0,False,N/A,,False,True,,medium_shared,8
FLD-REC-INQCOM-INQCOM-AREA-INQCOM-EXIT,REC-INQCOM-INQCOM-AREA,INQCOM-EXIT,INQCOM-AREA.INQCOM-FUNCTION.INQCOM-EXIT,88,CONDITION,0,0,False,N/A,,False,True,,medium_shared,9
FLD-REC-INQCOM-INQCOM-AREA-INQCOM-ACCOUNT-NO,REC-INQCOM-INQCOM-AREA,INQCOM-ACCOUNT-NO,INQCOM-AREA.INQCOM-ACCOUNT-NO,5,STRING,1,0,False,DISPLAY,X(,False,False,,medium_shared,10
FLD-REC-INQCOM-INQCOM-AREA-INQCOM-RESPONSE-CODE,REC-INQCOM-INQCOM-AREA,INQCOM-RESPONSE-CODE,INQCOM-AREA.INQCOM-RESPONSE-CODE,5,SIGNED_INTEGER,1,0,True,DISPLAY,S9(,False,False,,medium_shared,11
FLD-REC-INQCOM-INQCOM-AREA-INQCOM-ERROR-MSG,REC-INQCOM-INQCOM-AREA,INQCOM-ERROR-MSG,INQCOM-AREA.INQCOM-ERROR-MSG,5,STRING,1,0,False,DISPLAY,X(,False,False,,medium_shared,12
FLD-REC-PRCSEQ-PROCESS-SEQUENCE-RECORD-PSR-PROCESS-ID,REC-PRCSEQ-PROCESS-SEQUENCE-RECORD,PSR-PROCESS-ID,PROCESS-SEQUENCE-RECORD.PSR-KEY.PSR-PROCESS-ID,10,STRING,1,0,False,DISPLAY,X(,False,False,,local,8
FLD-REC-PRCSEQ-PROCESS-SEQUENCE-RECORD-PSR-VERSION,REC-PRCSEQ-PROCESS-SEQUENCE-RECORD,PSR-VERSION,PROCESS-SEQUENCE-RECORD.PSR-KEY.PSR-VERSION,10,INTEGER,1,0,False,DISPLAY,9(,False,False,,local,9
FLD-REC-PRCSEQ-PROCESS-SEQUENCE-RECORD-PSR-DESCRIPTION,REC-PRCSEQ-PROCESS-SEQUENCE-RECORD,PSR-DESCRIPTION,PROCESS-SEQUENCE-RECORD.PSR-DATA.PSR-DESCRIPTION,10,STRING,1,0,False,DISPLAY,X(,False,False,,local,11
FLD-REC-PRCSEQ-PROCESS-SEQUENCE-RECORD-PSR-TYPE-INIT,REC-PRCSEQ-PROCESS-SEQUENCE-RECORD,PSR-TYPE-INIT,PROCESS-SEQUENCE-RECORD.PSR-DATA.PSR-TYPE.PSR-TYPE-INIT,88,CONDITION,0,0,False,N/A,,False,True,,local,13
FLD-REC-PRCSEQ-PROCESS-SEQUENCE-RECORD-PSR-TYPE-PROC,REC-PRCSEQ-PROCESS-SEQUENCE-RECORD,PSR-TYPE-PROC,PROCESS-SEQUENCE-RECORD.PSR-DATA.PSR-TYPE.PSR-TYPE-PROC,88,CONDITION,0,0,False,N/A,,False,True,,local,14
FLD-REC-PRCSEQ-PROCESS-SEQUENCE-RECORD-PSR-TYPE-RPT,REC-PRCSEQ-PROCESS-SEQUENCE-RECORD,PSR-TYPE-RPT,PROCESS-SEQUENCE-RECORD.PSR-DATA.PSR-TYPE.PSR-TYPE-RPT,88,CONDITION,0,0,False,N/A,,False,True,,local,15
FLD-REC-PRCSEQ-PROCESS-SEQUENCE-RECORD-PSR-TYPE-TERM,REC-PRCSEQ-PROCESS-SEQUENCE-RECORD,PSR-TYPE-TERM,PROCESS-SEQUENCE-RECORD.PSR-DATA.PSR-TYPE.PSR-TYPE-TERM,88,CONDITION,0,0,False,N/A,,False,True,,local,16
FLD-REC-PRCSEQ-PROCESS-SEQUENCE-RECORD-PSR-DAILY,REC-PRCSEQ-PROCESS-SEQUENCE-RECORD,PSR-DAILY,PROCESS-SEQUENCE-RECORD.PSR-DATA.PSR-TIMING.PSR-FREQ.PSR-DAILY,88,CONDITION,0,0,False,N/A,,False,True,,local,19
FLD-REC-PRCSEQ-PROCESS-SEQUENCE-RECORD-PSR-WEEKLY,REC-PRCSEQ-PROCESS-SEQUENCE-RECORD,PSR-WEEKLY,PROCESS-SEQUENCE-RECORD.PSR-DATA.PSR-TIMING.PSR-FREQ.PSR-WEEKLY,88,CONDITION,0,0,False,N/A,,False,True,,local,20
FLD-REC-PRCSEQ-PROCESS-SEQUENCE-RECORD-PSR-MONTHLY,REC-PRCSEQ-PROCESS-SEQUENCE-RECORD,PSR-MONTHLY,PROCESS-SEQUENCE-RECORD.PSR-DATA.PSR-TIMING.PSR-FREQ.PSR-MONTHLY,88,CONDITION,0,0,False,N/A,,False,True,,local,21
FLD-REC-PRCSEQ-PROCESS-SEQUENCE-RECORD-PSR-START-TIME,REC-PRCSEQ-PROCESS-SEQUENCE-RECORD,PSR-START-TIME,PROCESS-SEQUENCE-RECORD.PSR-DATA.PSR-TIMING.PSR-START-TIME,15,INTEGER,1,0,False,DISPLAY,9(,False,False,,local,22
FLD-REC-PRCSEQ-PROCESS-SEQUENCE-RECORD-PSR-MAX-TIME,REC-PRCSEQ-PROCESS-SEQUENCE-RECORD,PSR-MAX-TIME,PROCESS-SEQUENCE-RECORD.PSR-DATA.PSR-TIMING.PSR-MAX-TIME,15,INTEGER,1,0,False,DISPLAY,9(,False,False,,local,23
FLD-REC-PRCSEQ-PROCESS-SEQUENCE-RECORD-PSR-DEP-COUNT,REC-PRCSEQ-PROCESS-SEQUENCE-RECORD,PSR-DEP-COUNT,PROCESS-SEQUENCE-RECORD.PSR-DATA.PSR-DEPENDENCIES.PSR-DEP-COUNT,15,INTEGER,1,0,False,DISPLAY,9(,False,False,,local,25
FLD-REC-PRCSEQ-PROCESS-SEQUENCE-RECORD-PSR-DEP-ID,REC-PRCSEQ-PROCESS-SEQUENCE-RECORD,PSR-DEP-ID,PROCESS-SEQUENCE-RECORD.PSR-DATA.PSR-DEPENDENCIES.PSR-DEP-ENTRY.PSR-DEP-ID,20,STRING,1,0,False,DISPLAY,X(,False,False,,local,27
FLD-REC-PRCSEQ-PROCESS-SEQUENCE-RECORD-PSR-DEP-HARD,REC-PRCSEQ-PROCESS-SEQUENCE-RECORD,PSR-DEP-HARD,PROCESS-SEQUENCE-RECORD.PSR-DATA.PSR-DEPENDENCIES.PSR-DEP-ENTRY.PSR-DEP-TYPE.PSR-DEP-HARD,88,CONDITION,0,0,False,N/A,,False,True,,local,29
FLD-REC-PRCSEQ-PROCESS-SEQUENCE-RECORD-PSR-DEP-SOFT,REC-PRCSEQ-PROCESS-SEQUENCE-RECORD,PSR-DEP-SOFT,PROCESS-SEQUENCE-RECORD.PSR-DATA.PSR-DEPENDENCIES.PSR-DEP-ENTRY.PSR-DEP-TYPE.PSR-DEP-SOFT,88,CONDITION,0,0,False,N/A,,False,True,,local,30
FLD-REC-PRCSEQ-PROCESS-SEQUENCE-RECORD-PSR-DEP-RC,REC-PRCSEQ-PROCESS-SEQUENCE-RECORD,PSR-DEP-RC,PROCESS-SEQUENCE-RECORD.PSR-DATA.PSR-DEPENDENCIES.PSR-DEP-ENTRY.PSR-DEP-RC,20,SIGNED_INTEGER,1,0,True,DISPLAY,S9(,False,False,,local,31
FLD-REC-PRCSEQ-PROCESS-SEQUENCE-RECORD-PSR-PROGRAM,REC-PRCSEQ-PROCESS-SEQUENCE-RECORD,PSR-PROGRAM,PROCESS-SEQUENCE-RECORD.PSR-DATA.PSR-CONTROL.PSR-PROGRAM,15,STRING,1,0,False,DISPLAY,X(,False,False,,local,33
FLD-REC-PRCSEQ-PROCESS-SEQUENCE-RECORD-PSR-PARM,REC-PRCSEQ-PROCESS-SEQUENCE-RECORD,PSR-PARM,PROCESS-SEQUENCE-RECORD.PSR-DATA.PSR-CONTROL.PSR-PARM,15,STRING,1,0,False,DISPLAY,X(,False,False,,local,34
FLD-REC-PRCSEQ-PROCESS-SEQUENCE-RECORD-PSR-MAX-RC,REC-PRCSEQ-PROCESS-SEQUENCE-RECORD,PSR-MAX-RC,PROCESS-SEQUENCE-RECORD.PSR-DATA.PSR-CONTROL.PSR-MAX-RC,15,SIGNED_INTEGER,1,0,True,DISPLAY,S9(,False,False,,local,35
FLD-REC-PRCSEQ-PROCESS-SEQUENCE-RECORD-PSR-RESTARTABLE,REC-PRCSEQ-PROCESS-SEQUENCE-RECORD,PSR-RESTARTABLE,PROCESS-SEQUENCE-RECORD.PSR-DATA.PSR-CONTROL.PSR-RESTART.PSR-RESTARTABLE,88,CONDITION,0,0,False,N/A,,False,True,,local,37
FLD-REC-PRCSEQ-PROCESS-SEQUENCE-RECORD-PSR-NO-RESTART,REC-PRCSEQ-PROCESS-SEQUENCE-RECORD,PSR-NO-RESTART,PROCESS-SEQUENCE-RECORD.PSR-DATA.PSR-CONTROL.PSR-RESTART.PSR-NO-RESTART,88,CONDITION,0,0,False,N/A,,False,True,,local,38
FLD-REC-PRCSEQ-PROCESS-SEQUENCE-RECORD-PSR-WEEKDAY,REC-PRCSEQ-PROCESS-SEQUENCE-RECORD,PSR-WEEKDAY,PROCESS-SEQUENCE-RECORD.PSR-SCHEDULE.PSR-ACTIVE-DAYS.PSR-WEEKDAY,88,CONDITION,0,0,False,N/A,,False,True,,local,41
FLD-REC-PRCSEQ-PROCESS-SEQUENCE-RECORD-PSR-WEEKEND,REC-PRCSEQ-PROCESS-SEQUENCE-RECORD,PSR-WEEKEND,PROCESS-SEQUENCE-RECORD.PSR-SCHEDULE.PSR-ACTIVE-DAYS.PSR-WEEKEND,88,CONDITION,0,0,False,N/A,,False,True,,local,42
FLD-REC-PRCSEQ-PROCESS-SEQUENCE-RECORD-PSR-ALL-DAYS,REC-PRCSEQ-PROCESS-SEQUENCE-RECORD,PSR-ALL-DAYS,PROCESS-SEQUENCE-RECORD.PSR-SCHEDULE.PSR-ACTIVE-DAYS.PSR-ALL-DAYS,88,CONDITION,0,0,False,N/A,,False,True,,local,43
FLD-REC-PRCSEQ-PROCESS-SEQUENCE-RECORD-PSR-LAST-DAY,REC-PRCSEQ-PROCESS-SEQUENCE-RECORD,PSR-LAST-DAY,PROCESS-SEQUENCE-RECORD.PSR-SCHEDULE.PSR-MONTH-END.PSR-LAST-DAY,88,CONDITION,0,0,False,N/A,,False,True,,local,45
FLD-REC-PRCSEQ-PROCESS-SEQUENCE-RECORD-PSR-SKIP-HOL,REC-PRCSEQ-PROCESS-SEQUENCE-RECORD,PSR-SKIP-HOL,PROCESS-SEQUENCE-RECORD.PSR-SCHEDULE.PSR-HOLIDAY-RUN.PSR-SKIP-HOL,88,CONDITION,0,0,False,N/A,,False,True,,local,47
FLD-REC-PRCSEQ-PROCESS-SEQUENCE-RECORD-PSR-RUN-HOL,REC-PRCSEQ-PROCESS-SEQUENCE-RECORD,PSR-RUN-HOL,PROCESS-SEQUENCE-RECORD.PSR-SCHEDULE.PSR-HOLIDAY-RUN.PSR-RUN-HOL,88,CONDITION,0,0,False,N/A,,False,True,,local,48
FLD-REC-PRCSEQ-PROCESS-SEQUENCE-RECORD-PSR-RECOVERY-PGM,REC-PRCSEQ-PROCESS-SEQUENCE-RECORD,PSR-RECOVERY-PGM,PROCESS-SEQUENCE-RECORD.PSR-RECOVERY.PSR-RECOVERY-PGM,10,STRING,1,0,False,DISPLAY,X(,False,False,,local,50
FLD-REC-PRCSEQ-PROCESS-SEQUENCE-RECORD-PSR-RECOVERY-PARM,REC-PRCSEQ-PROCESS-SEQUENCE-RECORD,PSR-RECOVERY-PARM,PROCESS-SEQUENCE-RECORD.PSR-RECOVERY.PSR-RECOVERY-PARM,10,STRING,1,0,False,DISPLAY,X(,False,False,,local,51
FLD-REC-PRCSEQ-PROCESS-SEQUENCE-RECORD-PSR-ERROR-LIMIT,REC-PRCSEQ-PROCESS-SEQUENCE-RECORD,PSR-ERROR-LIMIT,PROCESS-SEQUENCE-RECORD.PSR-RECOVERY.PSR-ERROR-LIMIT,10,INTEGER,1,0,False,DISPLAY,9(,False,False,,local,52
FLD-REC-PRCSEQ-PROCESS-SEQUENCE-RECORD-PSR-CREATE-DATE,REC-PRCSEQ-PROCESS-SEQUENCE-RECORD,PSR-CREATE-DATE,PROCESS-SEQUENCE-RECORD.PSR-AUDIT.PSR-CREATE-DATE,10,STRING,1,0,False,DISPLAY,X(,False,False,,local,54
FLD-REC-PRCSEQ-PROCESS-SEQUENCE-RECORD-PSR-CREATE-USER,REC-PRCSEQ-PROCESS-SEQUENCE-RECORD,PSR-CREATE-USER,PROCESS-SEQUENCE-RECORD.PSR-AUDIT.PSR-CREATE-USER,10,STRING,1,0,False,DISPLAY,X(,False,False,,local,55
FLD-REC-PRCSEQ-PROCESS-SEQUENCE-RECORD-PSR-UPDATE-DATE,REC-PRCSEQ-PROCESS-SEQUENCE-RECORD,PSR-UPDATE-DATE,PROCESS-SEQUENCE-RECORD.PSR-AUDIT.PSR-UPDATE-DATE,10,STRING,1,0,False,DISPLAY,X(,False,False,,local,56
FLD-REC-PRCSEQ-PROCESS-SEQUENCE-RECORD-PSR-UPDATE-USER,REC-PRCSEQ-PROCESS-SEQUENCE-RECORD,PSR-UPDATE-USER,PROCESS-SEQUENCE-RECORD.PSR-AUDIT.PSR-UPDATE-USER,10,STRING,1,0,False,DISPLAY,X(,False,False,,local,57
FLD-REC-PRCSEQ-PROCESS-SEQUENCE-RECORD-PSR-FILLER,REC-PRCSEQ-PROCESS-SEQUENCE-RECORD,PSR-FILLER,PROCESS-SEQUENCE-RECORD.PSR-FILLER,5,STRING,1,0,False,DISPLAY,X(,False,False,,local,58
FLD-REC-PRCSEQ-STANDARD-SEQUENCES-FILLER_0065,REC-PRCSEQ-STANDARD-SEQUENCES,FILLER_0065,STANDARD-SEQUENCES.SEQ-START-OF-DAY.FILLER_0065,10,STRING,1,0,False,DISPLAY,X(,True,False,,local,65
FLD-REC-PRCSEQ-STANDARD-SEQUENCES-FILLER_0066,REC-PRCSEQ-STANDARD-SEQUENCES,FILLER_0066,STANDARD-SEQUENCES.SEQ-START-OF-DAY.FILLER_0066,10,STRING,1,0,False,DISPLAY,X(,True,False,,local,66
FLD-REC-PRCSEQ-STANDARD-SEQUENCES-FILLER_0067,REC-PRCSEQ-STANDARD-SEQUENCES,FILLER_0067,STANDARD-SEQUENCES.SEQ-START-OF-DAY.FILLER_0067,10,STRING,1,0,False,DISPLAY,X(,True,False,,local,67
FLD-REC-PRCSEQ-STANDARD-SEQUENCES-FILLER_0069,REC-PRCSEQ-STANDARD-SEQUENCES,FILLER_0069,STANDARD-SEQUENCES.SEQ-MAIN-PROCESS.FILLER_0069,10,STRING,1,0,False,DISPLAY,X(,True,False,,local,69
FLD-REC-PRCSEQ-STANDARD-SEQUENCES-FILLER_0070,REC-PRCSEQ-STANDARD-SEQUENCES,FILLER_0070,STANDARD-SEQUENCES.SEQ-MAIN-PROCESS.FILLER_0070,10,STRING,1,0,False,DISPLAY,X(,True,False,,local,70
FLD-REC-PRCSEQ-STANDARD-SEQUENCES-FILLER_0071,REC-PRCSEQ-STANDARD-SEQUENCES,FILLER_0071,STANDARD-SEQUENCES.SEQ-MAIN-PROCESS.FILLER_0071,10,STRING,1,0,False,DISPLAY,X(,True,False,,local,71
FLD-REC-PRCSEQ-STANDARD-SEQUENCES-FILLER_0073,REC-PRCSEQ-STANDARD-SEQUENCES,FILLER_0073,STANDARD-SEQUENCES.SEQ-END-OF-DAY.FILLER_0073,10,STRING,1,0,False,DISPLAY,X(,True,False,,local,73
FLD-REC-PRCSEQ-STANDARD-SEQUENCES-FILLER_0074,REC-PRCSEQ-STANDARD-SEQUENCES,FILLER_0074,STANDARD-SEQUENCES.SEQ-END-OF-DAY.FILLER_0074,10,STRING,1,0,False,DISPLAY,X(,True,False,,local,74
FLD-REC-PRCSEQ-STANDARD-SEQUENCES-FILLER_0075,REC-PRCSEQ-STANDARD-SEQUENCES,FILLER_0075,STANDARD-SEQUENCES.SEQ-END-OF-DAY.FILLER_0075,10,STRING,1,0,False,DISPLAY,X(,True,False,,local,75
