para_id,program_id,name,section,start_line,end_line,complexity_score,has_perform,has_goto,has_call,has_stop_run,is_entry_point,is_terminal,is_dead_code,pseudocode_preview
BCHCTL00::0000-MAIN,BCHCTL00,0000-MAIN,,60,82,9,False,False,False,False,True,True,False,-- Paragraph 0000-MAIN: Core business logic EVALUATE (TRUE) CALL 1000-process-initialize CALL 2000-check-prerequisites CALL 3000-update-status CALL 4000-process-terminate CALL 9000-error-routine SET return-code = ls-return-code RETURN to caller
BCHCTL00::1000-PROCESS-INITIALIZE,BCHCTL00,1000-PROCESS-INITIALIZE,,83,89,1,False,False,False,False,False,False,False,-- Paragraph 1000-PROCESS-INITIALIZE: Initialisation and setup CALL 1100-open-files CALL 1200-read-control-record CALL 1300-validate-process CALL 1400-update-start-status
BCHCTL00::2000-CHECK-PREREQUISITES,BCHCTL00,2000-CHECK-PREREQUISITES,,90,99,3,False,False,False,False,False,False,False,-- Paragraph 2000-CHECK-PREREQUISITES: Core business logic CALL 2100-read-control-record CALL 2200-check-dependencies IF PREREQS-SATISFIED THEN SET ls-return-code = bct-rc-success SET ls-return-code = bct-rc-warning
BCHCTL00::3000-UPDATE-STATUS,BCHCTL00,3000-UPDATE-STATUS,,100,105,2,False,False,False,False,False,False,False,-- Paragraph 3000-UPDATE-STATUS: Core business logic CALL 3100-read-control-record CALL 3200-update-process-status CALL 3300-write-control-record
BCHCTL00::4000-PROCESS-TERMINATE,BCHCTL00,4000-PROCESS-TERMINATE,,106,110,0,False,False,False,False,False,False,False,-- Paragraph 4000-PROCESS-TERMINATE: Main processing logic CALL 4100-update-completion CALL 4200-close-files
BCHCTL00::9000-ERROR-ROUTINE,BCHCTL00,9000-ERROR-ROUTINE,,111,127,3,False,False,False,False,False,False,False,-- Paragraph 9000-ERROR-ROUTINE: Error handling SET err-program = bchctl00 SET ls-return-code = bct-rc-error CALL ERRPROC
CKPRST::PROC-COMMIT-CHECKPOINT,CKPRST,PROC-COMMIT-CHECKPOINT,,51,54,0,False,False,False,False,False,False,False,-- Paragraph PROC-COMMIT-CHECKPOINT: Core business logic -- [paragraph logic]
CKPRST::PROC-INIT,CKPRST,PROC-INIT,,43,46,0,False,False,False,False,False,False,False,-- Paragraph PROC-INIT: Initialisation and setup -- [paragraph logic]
CKPRST::PROC-RESTART,CKPRST,PROC-RESTART,,55,57,0,False,False,False,False,False,False,False,-- Paragraph PROC-RESTART: Core business logic -- [paragraph logic]
CKPRST::PROC-TAKE-CHECKPOINT,CKPRST,PROC-TAKE-CHECKPOINT,,47,50,0,False,False,False,False,False,False,False,-- Paragraph PROC-TAKE-CHECKPOINT: Core business logic -- [paragraph logic]
CKPRST::RETURN-STATUS,CKPRST,RETURN-STATUS,,27,42,8,False,False,False,False,True,True,False,-- Paragraph RETURN-STATUS: Core business logic EVALUATE (TRUE) CALL proc-init CALL proc-take-checkpoint CALL proc-commit-checkpoint CALL proc-restart RETURN to caller
HISTLD00::0000-MAIN,HISTLD00,0000-MAIN,,67,79,0,False,False,False,False,True,True,False,-- Paragraph 0000-MAIN: Core business logic CALL 1000-initialize CALL 2000-process CALL 3000-terminate SET return-code = ws-error-count RETURN to caller
HISTLD00::1000-INITIALIZE,HISTLD00,1000-INITIALIZE,,80,85,0,False,False,False,False,False,False,False,-- Paragraph 1000-INITIALIZE: Initialisation and setup CALL 1100-open-files CALL 1200-connect-db2 CALL 1300-init-checkpoints
HISTLD00::1100-OPEN-FILES,HISTLD00,1100-OPEN-FILES,,102,115,2,False,False,False,False,False,False,False,-- Paragraph 1100-OPEN-FILES: Open files and resources IF WS-TH-STATUS NOT = '00' THEN CALL 9000-error-routine IF WS-BCT-STATUS NOT = '00' THEN CALL 9000-error-routine
HISTLD00::1200-CONNECT-DB2,HISTLD00,1200-CONNECT-DB2,,116,119,0,False,False,False,False,False,False,False,-- Paragraph 1200-CONNECT-DB2: Core business logic CALL connect-to-db2
HISTLD00::1300-INIT-CHECKPOINTS,HISTLD00,1300-INIT-CHECKPOINTS,,120,133,3,False,False,False,False,False,False,False,-- Paragraph 1300-INIT-CHECKPOINTS: Initialisation and setup INITIALIZE bct-key (special value) SET bct-job-name = histld00 READ next record from batch-control-file CALL 9000-error-routine SET bct-status = bct-stat-active WRITE batch-control-record to output
HISTLD00::2000-PROCESS,HISTLD00,2000-PROCESS,,86,94,2,False,False,False,False,False,False,False,-- Paragraph 2000-PROCESS: Main processing logic CALL 2100-read-history IF MORE-RECORDS THEN CALL 2200-load-to-db2 CALL 2300-check-commit
HISTLD00::2100-READ-HISTORY,HISTLD00,2100-READ-HISTORY,,134,142,4,False,False,False,False,False,False,False,-- Paragraph 2100-READ-HISTORY: Read input records READ next record from transaction-history INCREMENT ws-records-read BY 1
HISTLD00::2200-LOAD-TO-DB2,HISTLD00,2200-LOAD-TO-DB2,,143,176,4,False,False,False,False,False,False,False,-- Paragraph 2200-LOAD-TO-DB2: Core business logic SET ph-account-no = th-account-no SET ph-portfolio-id = th-portfolio-id SET ph-trans-date = th-trans-date SET ph-trans-time = th-trans-time SET ph-trans-type = th-trans-type SET ph-security-id = th-security-id SET ph-quantity = th-quantity SET ph-pr
HISTLD00::2300-CHECK-COMMIT,HISTLD00,2300-CHECK-COMMIT,,177,190,1,False,False,False,False,False,False,False,-- Paragraph 2300-CHECK-COMMIT: Core business logic INCREMENT ws-commit-count BY 1 IF WS-COMMIT-COUNT >= WS-COMMIT-THRESHOLD THEN SET ws-commit-count = 0 CALL 2310-update-checkpoint
HISTLD00::2310-UPDATE-CHECKPOINT,HISTLD00,2310-UPDATE-CHECKPOINT,,191,201,4,False,False,False,False,False,False,False,-- Paragraph 2310-UPDATE-CHECKPOINT: Core business logic SET bct-records-read = ws-records-read SET bct-records-written = ws-records-written WRITE batch-control-record to output CALL 9000-error-routine
HISTLD00::3000-TERMINATE,HISTLD00,3000-TERMINATE,,95,101,0,False,False,False,False,False,False,False,-- Paragraph 3000-TERMINATE: Core business logic CALL 3100-final-commit CALL 3200-close-files CALL 3300-disconnect-db2 CALL 3400-display-stats
HISTLD00::3100-FINAL-COMMIT,HISTLD00,3100-FINAL-COMMIT,,202,209,0,False,False,False,False,False,False,False,-- Paragraph 3100-FINAL-COMMIT: Core business logic CALL 2310-update-checkpoint
HISTLD00::3200-CLOSE-FILES,HISTLD00,3200-CLOSE-FILES,,210,214,0,False,False,False,False,False,False,False,-- Paragraph 3200-CLOSE-FILES: Close files and cleanup CLOSE transaction-history
HISTLD00::3300-DISCONNECT-DB2,HISTLD00,3300-DISCONNECT-DB2,,215,218,0,False,False,False,False,False,False,False,-- Paragraph 3300-DISCONNECT-DB2: Core business logic CALL disconnect-from-db2
HISTLD00::3400-DISPLAY-STATS,HISTLD00,3400-DISPLAY-STATS,,219,225,2,False,False,False,False,False,False,False,-- Paragraph 3400-DISPLAY-STATS: Core business logic -- [paragraph logic]
HISTLD00::9000-ERROR-ROUTINE,HISTLD00,9000-ERROR-ROUTINE,,226,233,1,False,False,False,False,False,False,False,-- Paragraph 9000-ERROR-ROUTINE: Error handling SET err-program = histld00 CALL ERRPROC
PRCSEQ00::0000-MAIN,PRCSEQ00,0000-MAIN,,75,93,9,False,False,False,False,True,True,False,-- Paragraph 0000-MAIN: Core business logic EVALUATE (TRUE) CALL 1000-initialize-sequence CALL 2000-get-next-process CALL 3000-check-status CALL 4000-terminate-sequence CALL 9000-error-routine SET return-code = ls-return-code RETURN to caller
PRCSEQ00::1000-INITIALIZE-SEQUENCE,PRCSEQ00,1000-INITIALIZE-SEQUENCE,,94,99,0,False,False,False,False,False,False,False,-- Paragraph 1000-INITIALIZE-SEQUENCE: Initialisation and setup CALL 1100-open-files CALL 1200-build-sequence CALL 1300-create-control-records
PRCSEQ00::1100-OPEN-FILES,PRCSEQ00,1100-OPEN-FILES,,141,154,2,False,False,False,False,False,False,False,-- Paragraph 1100-OPEN-FILES: Open files and resources IF WS-PSR-STATUS NOT = '00' THEN CALL 9000-error-routine IF WS-BCT-STATUS NOT = '00' THEN CALL 9000-error-routine
PRCSEQ00::1200-BUILD-SEQUENCE,PRCSEQ00,1200-BUILD-SEQUENCE,,155,179,4,False,False,False,False,False,False,False,-- Paragraph 1200-BUILD-SEQUENCE: Core business logic SET psr-key = ls-process-date CALL 9000-error-routine CALL until READ next record from process-seq-file SET ws-psr-status = 10 IF PSR-TYPE = LS-SEQUENCE-TYPE THEN CALL 1210-add-to-sequence
PRCSEQ00::1210-ADD-TO-SEQUENCE,PRCSEQ00,1210-ADD-TO-SEQUENCE,,180,187,0,False,False,False,False,False,False,False,-- Paragraph 1210-ADD-TO-SEQUENCE: Core business logic INCREMENT ws-process-count BY 1 SET ws-proc-id(ws-proc-ix) = psr-process-id SET ws-proc-seq(ws-proc-ix) = ws-process-count SET ws-proc-status(ws-proc-ix) = bct-stat-ready
PRCSEQ00::1300-CREATE-CONTROL-RECORDS,PRCSEQ00,1300-CREATE-CONTROL-RECORDS,,188,205,3,False,False,False,False,False,False,False,-- Paragraph 1300-CREATE-CONTROL-RECORDS: Core business logic CALL varying SET bct-job-name = ws-proc-id(ws-sequence-ix) SET bct-process-date = ls-process-date SET bct-sequence-no = ws-proc-seq(ws-sequence-ix) SET bct-status = bct-stat-ready WRITE batch-control-record to output CALL 9000-error-routi
PRCSEQ00::2000-GET-NEXT-PROCESS,PRCSEQ00,2000-GET-NEXT-PROCESS,,100,107,1,False,False,False,False,False,False,False,-- Paragraph 2000-GET-NEXT-PROCESS: Main processing logic CALL 2100-find-next-ready CALL 2200-check-dependencies IF LS-RETURN-CODE = ZERO THEN CALL 2300-update-process-status
PRCSEQ00::2100-FIND-NEXT-READY,PRCSEQ00,2100-FIND-NEXT-READY,,206,220,3,False,False,False,False,False,False,False,-- Paragraph 2100-FIND-NEXT-READY: Read input records CALL varying IF WS-PROC-STATUS(WS-SEQUENCE-IX) = BCT-STAT-READY THEN IF WS-SEQUENCE-IX > WS-PROCESS-COUNT THEN INITIALIZE ls-next-process (special value)
PRCSEQ00::2200-CHECK-DEPENDENCIES,PRCSEQ00,2200-CHECK-DEPENDENCIES,,221,238,4,False,False,False,False,False,False,False,-- Paragraph 2200-CHECK-DEPENDENCIES: Core business logic SET psr-process-id = ls-next-process READ next record from process-seq-file CALL 9000-error-routine CALL varying CALL 2210-check-dep-status IF LS-RETURN-CODE NOT = ZERO THEN
PRCSEQ00::2210-CHECK-DEP-STATUS,PRCSEQ00,2210-CHECK-DEP-STATUS,,239,259,6,False,False,False,False,False,False,False,-- Paragraph 2210-CHECK-DEP-STATUS: Core business logic SET bct-job-name = psr-dep-id(ws-sub) SET bct-process-date = ls-process-date READ next record from batch-control-file CALL 9000-error-routine IF NOT BCT-STATUS-DONE THEN IF PSR-DEP-HARD(WS-SUB) THEN SET ls-return-code = bct-rc-warning IF BCT-RE
PRCSEQ00::2300-UPDATE-PROCESS-STATUS,PRCSEQ00,2300-UPDATE-PROCESS-STATUS,,260,280,4,False,False,False,False,False,False,False,-- Paragraph 2300-UPDATE-PROCESS-STATUS: Main processing logic SET bct-job-name = ls-next-process SET bct-process-date = ls-process-date READ next record from batch-control-file CALL 9000-error-routine SET bct-status = bct-stat-active SET bct-start-time = ws-current-time WRITE batch-control-record t
PRCSEQ00::3000-CHECK-STATUS,PRCSEQ00,3000-CHECK-STATUS,,108,113,1,False,False,False,False,False,False,False,-- Paragraph 3000-CHECK-STATUS: Core business logic CALL 3100-read-control-status CALL 3200-update-sequence-table CALL 3300-check-completion
PRCSEQ00::3100-READ-CONTROL-STATUS,PRCSEQ00,3100-READ-CONTROL-STATUS,,281,291,3,False,False,False,False,False,False,False,-- Paragraph 3100-READ-CONTROL-STATUS: Read input records SET bct-job-name = ls-next-process SET bct-process-date = ls-process-date READ next record from batch-control-file CALL 9000-error-routine
PRCSEQ00::3200-UPDATE-SEQUENCE-TABLE,PRCSEQ00,3200-UPDATE-SEQUENCE-TABLE,,292,304,2,False,False,False,False,False,False,False,-- Paragraph 3200-UPDATE-SEQUENCE-TABLE: Core business logic CALL varying IF WS-PROC-ID(WS-SEQUENCE-IX) = BCT-JOB-NAME THEN
PRCSEQ00::3300-CHECK-COMPLETION,PRCSEQ00,3300-CHECK-COMPLETION,,305,321,3,False,False,False,False,False,False,False,-- Paragraph 3300-CHECK-COMPLETION: Core business logic SET ws-active-count = zero CALL varying IF WS-PROC-STATUS(WS-SEQUENCE-IX) = BCT-STAT-ACTIVE THEN INCREMENT ws-active-count BY 1 IF WS-PROC-STATUS(WS-SEQUENCE-IX) = BCT-STAT-ERROR THEN INCREMENT ws-error-count BY 1
PRCSEQ00::4000-TERMINATE-SEQUENCE,PRCSEQ00,4000-TERMINATE-SEQUENCE,,114,118,0,False,False,False,False,False,False,False,-- Paragraph 4000-TERMINATE-SEQUENCE: Core business logic CALL 4100-check-final-status CALL 4200-close-files
PRCSEQ00::4100-CHECK-FINAL-STATUS,PRCSEQ00,4100-CHECK-FINAL-STATUS,,322,335,4,False,False,False,False,False,False,False,-- Paragraph 4100-CHECK-FINAL-STATUS: Core business logic CALL 3300-check-completion IF WS-ERROR-COUNT > ZERO THEN SET ls-return-code = bct-rc-error IF WS-ACTIVE-COUNT > ZERO THEN SET ls-return-code = bct-rc-warning SET ls-return-code = bct-rc-success
PRCSEQ00::4200-CLOSE-FILES,PRCSEQ00,4200-CLOSE-FILES,,336,345,1,False,False,False,False,False,False,False,-- Paragraph 4200-CLOSE-FILES: Close files and cleanup CLOSE process-seq-file IF WS-PSR-STATUS NOT = '00' OR THEN CALL 9000-error-routine
PRCSEQ00::9000-ERROR-ROUTINE,PRCSEQ00,9000-ERROR-ROUTINE,,119,140,2,False,False,False,False,False,False,False,-- Paragraph 9000-ERROR-ROUTINE: Error handling SET err-program = prcseq00 SET ls-return-code = bct-rc-error CALL ERRPROC
RCVPRC00::0000-MAIN,RCVPRC00,0000-MAIN,,71,87,8,False,False,False,False,True,True,False,-- Paragraph 0000-MAIN: Core business logic EVALUATE (TRUE) CALL 1000-initialize-recovery CALL 2000-process-recovery CALL 3000-terminate-recovery CALL 9000-error-routine SET return-code = ls-return-code RETURN to caller
RCVPRC00::1000-INITIALIZE-RECOVERY,RCVPRC00,1000-INITIALIZE-RECOVERY,,88,93,0,False,False,False,False,False,False,False,-- Paragraph 1000-INITIALIZE-RECOVERY: Initialisation and setup CALL 1100-open-files CALL 1200-validate-request CALL 1300-set-recovery-mode
RCVPRC00::1100-OPEN-FILES,RCVPRC00,1100-OPEN-FILES,,118,131,2,False,False,False,False,False,False,False,-- Paragraph 1100-OPEN-FILES: Open files and resources IF WS-BCT-STATUS NOT = '00' THEN CALL 9000-error-routine IF WS-PSR-STATUS NOT = '00' THEN CALL 9000-error-routine
RCVPRC00::1200-VALIDATE-REQUEST,RCVPRC00,1200-VALIDATE-REQUEST,,132,148,9,False,False,False,False,False,False,False,-- Paragraph 1200-VALIDATE-REQUEST: Validation logic IF LS-PROCESS-DATE = SPACES THEN CALL 9000-error-routine EVALUATE (LS-RECOVERY-TYPE) CALL 9000-error-routine
RCVPRC00::1300-SET-RECOVERY-MODE,RCVPRC00,1300-SET-RECOVERY-MODE,,149,158,1,False,False,False,False,False,False,False,-- Paragraph 1300-SET-RECOVERY-MODE: Core business logic SET ws-recovery-mode = ls-recovery-type IF WS-RECOVER-PROCESS AND LS-PROCESS-ID = SPACES THEN CALL 9000-error-routine
RCVPRC00::2000-PROCESS-RECOVERY,RCVPRC00,2000-PROCESS-RECOVERY,,94,104,7,False,False,False,False,False,False,False,-- Paragraph 2000-PROCESS-RECOVERY: Main processing logic EVALUATE (WS-RECOVERY-MODE) CALL 2100-recover-process CALL 2200-recover-sequence CALL 2300-recover-all
RCVPRC00::2100-RECOVER-PROCESS,RCVPRC00,2100-RECOVER-PROCESS,,159,172,2,False,False,False,False,False,False,False,-- Paragraph 2100-RECOVER-PROCESS: Main processing logic SET bct-job-name = ls-process-id SET bct-process-date = ls-process-date READ next record from batch-control-file CALL 9000-error-routine CALL 2110-determine-action CALL 2120-execute-recovery
RCVPRC00::2110-DETERMINE-ACTION,RCVPRC00,2110-DETERMINE-ACTION,,173,192,6,False,False,False,False,False,False,False,-- Paragraph 2110-DETERMINE-ACTION: Core business logic SET psr-process-id = ls-process-id READ next record from process-seq-file CALL 9000-error-routine IF PSR-RESTARTABLE THEN IF BCT-RESTART-COUNT > BCT-MAX-RESTARTS THEN
RCVPRC00::2120-EXECUTE-RECOVERY,RCVPRC00,2120-EXECUTE-RECOVERY,,193,203,7,False,False,False,False,False,False,False,-- Paragraph 2120-EXECUTE-RECOVERY: Core business logic EVALUATE (TRUE) CALL 2121-restart-process CALL 2122-bypass-process CALL 2123-terminate-process
RCVPRC00::2121-RESTART-PROCESS,RCVPRC00,2121-RESTART-PROCESS,,204,216,2,False,False,False,False,False,False,False,-- Paragraph 2121-RESTART-PROCESS: Main processing logic SET bct-status = bct-stat-ready INCREMENT bct-restart-count BY 1 SET bct-attempt-ts = ws-current-time WRITE batch-control-record to output CALL 9000-error-routine
RCVPRC00::2122-BYPASS-PROCESS,RCVPRC00,2122-BYPASS-PROCESS,,217,228,2,False,False,False,False,False,False,False,-- Paragraph 2122-BYPASS-PROCESS: Main processing logic SET bct-status = bct-stat-done SET bct-return-code = bct-rc-warning WRITE batch-control-record to output CALL 9000-error-routine
RCVPRC00::2123-TERMINATE-PROCESS,RCVPRC00,2123-TERMINATE-PROCESS,,229,240,2,False,False,False,False,False,False,False,-- Paragraph 2123-TERMINATE-PROCESS: Main processing logic SET bct-status = bct-stat-error SET bct-return-code = bct-rc-error WRITE batch-control-record to output CALL 9000-error-routine
RCVPRC00::2200-RECOVER-SEQUENCE,RCVPRC00,2200-RECOVER-SEQUENCE,,241,262,4,False,False,False,False,False,False,False,-- Paragraph 2200-RECOVER-SEQUENCE: Core business logic SET bct-process-date = ls-process-date INITIALIZE bct-job-name CALL 9000-error-routine CALL until READ next record from batch-control-file SET ws-bct-status = 10 IF BCT-PROCESS-DATE = LS-PROCESS-DATE THEN CALL 2100-recover-process
RCVPRC00::2300-RECOVER-ALL,RCVPRC00,2300-RECOVER-ALL,,263,282,3,False,False,False,False,False,False,False,-- Paragraph 2300-RECOVER-ALL: Core business logic INITIALIZE bct-key CALL 9000-error-routine CALL until READ next record from batch-control-file SET ws-bct-status = 10 SET ls-process-id = bct-job-name CALL 2100-recover-process
RCVPRC00::3000-TERMINATE-RECOVERY,RCVPRC00,3000-TERMINATE-RECOVERY,,105,109,0,False,False,False,False,False,False,False,-- Paragraph 3000-TERMINATE-RECOVERY: Core business logic CALL 3100-update-final-status CALL 3200-close-files
RCVPRC00::3100-UPDATE-FINAL-STATUS,RCVPRC00,3100-UPDATE-FINAL-STATUS,,283,292,3,False,False,False,False,False,False,False,-- Paragraph 3100-UPDATE-FINAL-STATUS: Core business logic IF LS-RETURN-CODE = ZERO THEN CALL ERRPROC
RCVPRC00::3200-CLOSE-FILES,RCVPRC00,3200-CLOSE-FILES,,293,302,1,False,False,False,False,False,False,False,-- Paragraph 3200-CLOSE-FILES: Close files and cleanup CLOSE batch-control-file IF WS-BCT-STATUS NOT = '00' OR THEN CALL 9000-error-routine
RCVPRC00::9000-ERROR-ROUTINE,RCVPRC00,9000-ERROR-ROUTINE,,110,117,1,False,False,False,False,False,False,False,-- Paragraph 9000-ERROR-ROUTINE: Error handling SET err-program = rcvprc00 SET ls-return-code = bct-rc-error CALL ERRPROC
RPTAUD00::0000-MAIN,RPTAUD00,0000-MAIN,,83,88,0,False,False,False,False,True,True,False,-- Paragraph 0000-MAIN: Core business logic CALL 1000-initialize CALL 2000-process-report CALL 3000-cleanup
RPTAUD00::1000-INITIALIZE,RPTAUD00,1000-INITIALIZE,,89,92,1,False,False,False,False,False,False,False,-- Paragraph 1000-INITIALIZE: Initialisation and setup CALL 1100-open-files CALL 1200-write-headers
RPTAUD00::1100-OPEN-FILES,RPTAUD00,1100-OPEN-FILES,,93,114,3,False,False,False,False,False,False,False,-- Paragraph 1100-OPEN-FILES: Open files and resources IF WS-AUDIT-STATUS NOT = '00' THEN CALL 9999-error-handler IF WS-ERROR-STATUS NOT = '00' THEN CALL 9999-error-handler IF WS-REPORT-STATUS NOT = '00' THEN CALL 9999-error-handler
RPTAUD00::1200-WRITE-HEADERS,RPTAUD00,1200-WRITE-HEADERS,,115,120,4,False,False,False,False,False,False,False,-- Paragraph 1200-WRITE-HEADERS: Write output records WRITE report-record to output WRITE report-record to output WRITE report-record to output
RPTAUD00::2000-PROCESS-REPORT,RPTAUD00,2000-PROCESS-REPORT,,121,125,1,False,False,False,False,False,False,False,-- Paragraph 2000-PROCESS-REPORT: Main processing logic CALL 2100-process-audit-trail CALL 2200-process-error-log CALL 2300-write-summary
RPTAUD00::2100-PROCESS-AUDIT-TRAIL,RPTAUD00,2100-PROCESS-AUDIT-TRAIL,,126,129,1,False,False,False,False,False,False,False,-- Paragraph 2100-PROCESS-AUDIT-TRAIL: Main processing logic CALL 2110-read-audit-records CALL 2120-summarize-audit
RPTAUD00::2200-PROCESS-ERROR-LOG,RPTAUD00,2200-PROCESS-ERROR-LOG,,130,133,1,False,False,False,False,False,False,False,-- Paragraph 2200-PROCESS-ERROR-LOG: Main processing logic CALL 2210-read-error-records CALL 2220-summarize-errors
RPTAUD00::2300-WRITE-SUMMARY,RPTAUD00,2300-WRITE-SUMMARY,,134,138,4,False,False,False,False,False,False,False,-- Paragraph 2300-WRITE-SUMMARY: Write output records CALL 2310-write-audit-summary CALL 2320-write-error-summary CALL 2330-write-control-summary
RPTAUD00::3000-CLEANUP,RPTAUD00,3000-CLEANUP,,139,141,0,False,False,False,False,False,False,False,-- Paragraph 3000-CLEANUP: Core business logic CLOSE audit-file
RPTAUD00::9999-ERROR-HANDLER,RPTAUD00,9999-ERROR-HANDLER,,144,147,0,False,False,False,False,False,True,False,-- Paragraph 9999-ERROR-HANDLER: Error handling SET return-code = 12
RPTAUD00::REPORT-FILE,RPTAUD00,REPORT-FILE,,142,143,0,False,False,False,False,False,False,True,-- Paragraph REPORT-FILE: Core business logic -- [paragraph logic]
RPTPOS00::0000-MAIN,RPTPOS00,0000-MAIN,,78,83,0,False,False,False,False,True,True,False,-- Paragraph 0000-MAIN: Core business logic CALL 1000-initialize CALL 2000-process-report CALL 3000-cleanup
RPTPOS00::1000-INITIALIZE,RPTPOS00,1000-INITIALIZE,,84,87,1,False,False,False,False,False,False,False,-- Paragraph 1000-INITIALIZE: Initialisation and setup CALL 1100-open-files CALL 1200-write-headers
RPTPOS00::1100-OPEN-FILES,RPTPOS00,1100-OPEN-FILES,,88,109,3,False,False,False,False,False,False,False,-- Paragraph 1100-OPEN-FILES: Open files and resources IF WS-POSITION-STATUS NOT = '00' THEN CALL 9999-error-handler IF WS-TRAN-STATUS NOT = '00' THEN CALL 9999-error-handler IF WS-REPORT-STATUS NOT = '00' THEN CALL 9999-error-handler
RPTPOS00::1200-WRITE-HEADERS,RPTPOS00,1200-WRITE-HEADERS,,110,115,4,False,False,False,False,False,False,False,-- Paragraph 1200-WRITE-HEADERS: Write output records WRITE report-record to output WRITE report-record to output WRITE report-record to output
RPTPOS00::2000-PROCESS-REPORT,RPTPOS00,2000-PROCESS-REPORT,,116,120,2,False,False,False,False,False,False,False,-- Paragraph 2000-PROCESS-REPORT: Main processing logic CALL 2100-read-positions CALL 2200-process-transactions CALL 2300-write-summary
RPTPOS00::2100-READ-POSITIONS,RPTPOS00,2100-READ-POSITIONS,,121,130,6,False,False,False,False,False,False,False,-- Paragraph 2100-READ-POSITIONS: Read input records READ next record from position-master CALL until CALL 2110-format-position READ next record from position-master
RPTPOS00::2110-FORMAT-POSITION,RPTPOS00,2110-FORMAT-POSITION,,133,142,1,False,False,False,False,False,False,False,-- Paragraph 2110-FORMAT-POSITION: Core business logic SET ws-pos-portfolio = pos-portfolio-id SET ws-pos-description = pos-description SET ws-pos-quantity = pos-quantity SET ws-pos-value = pos-current-value COMPUTE WS-POS-CHANGE-PCT = WRITE report-record to output
RPTPOS00::2200-PROCESS-TRANSACTIONS,RPTPOS00,2200-PROCESS-TRANSACTIONS,,143,146,1,False,False,False,False,False,False,False,-- Paragraph 2200-PROCESS-TRANSACTIONS: Main processing logic CALL 2210-read-transactions CALL 2220-summarize-activity
RPTPOS00::2300-WRITE-SUMMARY,RPTPOS00,2300-WRITE-SUMMARY,,147,151,4,False,False,False,False,False,False,False,-- Paragraph 2300-WRITE-SUMMARY: Write output records CALL 2310-write-totals CALL 2320-write-exceptions CALL 2330-write-metrics
RPTPOS00::3000-CLEANUP,RPTPOS00,3000-CLEANUP,,152,154,0,False,False,False,False,False,False,False,-- Paragraph 3000-CLEANUP: Core business logic CLOSE position-master
RPTPOS00::9999-ERROR-HANDLER,RPTPOS00,9999-ERROR-HANDLER,,157,160,0,False,False,False,False,False,True,False,-- Paragraph 9999-ERROR-HANDLER: Error handling SET return-code = 12
RPTPOS00::END-PERFORM,RPTPOS00,END-PERFORM,,131,132,0,False,False,False,False,False,False,True,-- Paragraph END-PERFORM: Core business logic -- [paragraph logic]
RPTPOS00::REPORT-FILE,RPTPOS00,REPORT-FILE,,155,156,0,False,False,False,False,False,False,True,-- Paragraph REPORT-FILE: Core business logic -- [paragraph logic]
RPTSTA00::0000-MAIN,RPTSTA00,0000-MAIN,,96,101,0,False,False,False,False,True,True,False,-- Paragraph 0000-MAIN: Core business logic CALL 1000-initialize CALL 2000-process-report CALL 3000-cleanup
RPTSTA00::1000-INITIALIZE,RPTSTA00,1000-INITIALIZE,,102,106,1,False,False,False,False,False,False,False,-- Paragraph 1000-INITIALIZE: Initialisation and setup CALL 1100-open-files CALL 1200-write-headers CALL 1300-init-accumulators
RPTSTA00::1100-OPEN-FILES,RPTSTA00,1100-OPEN-FILES,,107,128,3,False,False,False,False,False,False,False,-- Paragraph 1100-OPEN-FILES: Open files and resources IF WS-DB2-STATUS NOT = '00' THEN CALL 9999-error-handler IF WS-BCH-STATUS NOT = '00' THEN CALL 9999-error-handler IF WS-REPORT-STATUS NOT = '00' THEN CALL 9999-error-handler
RPTSTA00::1200-WRITE-HEADERS,RPTSTA00,1200-WRITE-HEADERS,,129,134,4,False,False,False,False,False,False,False,-- Paragraph 1200-WRITE-HEADERS: Write output records WRITE report-record to output WRITE report-record to output WRITE report-record to output
RPTSTA00::1300-INIT-ACCUMULATORS,RPTSTA00,1300-INIT-ACCUMULATORS,,135,137,0,False,False,False,False,False,False,False,-- Paragraph 1300-INIT-ACCUMULATORS: Initialisation and setup -- [paragraph logic]
RPTSTA00::2000-PROCESS-REPORT,RPTSTA00,2000-PROCESS-REPORT,,138,143,1,False,False,False,False,False,False,False,-- Paragraph 2000-PROCESS-REPORT: Main processing logic CALL 2100-process-db2-stats CALL 2200-process-batch-stats CALL 2300-calculate-metrics CALL 2400-write-report
RPTSTA00::2100-PROCESS-DB2-STATS,RPTSTA00,2100-PROCESS-DB2-STATS,,144,153,5,False,False,False,False,False,False,False,-- Paragraph 2100-PROCESS-DB2-STATS: Main processing logic READ next record from db2-stats CALL until CALL 2110-accumulate-db2-stats READ next record from db2-stats
RPTSTA00::2200-PROCESS-BATCH-STATS,RPTSTA00,2200-PROCESS-BATCH-STATS,,156,165,5,False,False,False,False,False,False,False,-- Paragraph 2200-PROCESS-BATCH-STATS: Main processing logic READ next record from batch-stats CALL until CALL 2210-accumulate-batch-stats READ next record from batch-stats
RPTSTA00::2300-CALCULATE-METRICS,RPTSTA00,2300-CALCULATE-METRICS,,168,171,0,False,False,False,False,False,False,False,-- Paragraph 2300-CALCULATE-METRICS: Core business logic CALL 2310-calc-db2-metrics CALL 2320-calc-batch-metrics
RPTSTA00::2400-WRITE-REPORT,RPTSTA00,2400-WRITE-REPORT,,172,176,4,False,False,False,False,False,False,False,-- Paragraph 2400-WRITE-REPORT: Write output records CALL 2410-write-db2-section CALL 2420-write-batch-section CALL 2430-write-trend-analysis
RPTSTA00::3000-CLEANUP,RPTSTA00,3000-CLEANUP,,177,179,0,False,False,False,False,False,False,False,-- Paragraph 3000-CLEANUP: Core business logic CLOSE db2-stats
RPTSTA00::9999-ERROR-HANDLER,RPTSTA00,9999-ERROR-HANDLER,,182,185,0,False,False,False,False,False,True,False,-- Paragraph 9999-ERROR-HANDLER: Error handling SET return-code = 12
RPTSTA00::END-PERFORM,RPTSTA00,END-PERFORM,,166,167,0,False,False,False,False,False,False,True,-- Paragraph END-PERFORM: Core business logic -- [paragraph logic]
RPTSTA00::REPORT-FILE,RPTSTA00,REPORT-FILE,,180,181,0,False,False,False,False,False,False,True,-- Paragraph REPORT-FILE: Core business logic -- [paragraph logic]
RTNANA00::END-EXEC,RTNANA00,END-EXEC,,178,188,2,False,False,False,False,False,False,True,-- Paragraph END-EXEC: Core business logic IF SQLCODE = 0 THEN WRITE report-record to output INCREMENT ws-program-count BY ws-dtl-total INCREMENT ws-success-count BY ws-dtl-success INCREMENT ws-warning-count BY ws-dtl-warning INCREMENT ws-error-count BY ws-dtl-error INCREMENT ws-severe-count BY ws-d
RTNANA00::P100-EXIT,RTNANA00,P100-EXIT,,122,124,0,False,False,False,False,False,False,True,-- Paragraph P100-EXIT: Core business logic -- [paragraph logic]
RTNANA00::P100-INIT-PROGRAM,RTNANA00,P100-INIT-PROGRAM,,111,121,1,False,False,False,False,True,True,False,-- Paragraph P100-INIT-PROGRAM: Initialisation and setup IF WS-REPORT-STATUS NOT = '00' THEN SET return-code = 12 RETURN to caller
RTNANA00::P200-EXIT,RTNANA00,P200-EXIT,,149,151,0,False,False,False,False,False,False,True,-- Paragraph P200-EXIT: Core business logic -- [paragraph logic]
RTNANA00::P200-PROCESS-ANALYSIS,RTNANA00,P200-PROCESS-ANALYSIS,,125,136,4,False,False,False,False,False,False,True,-- Paragraph P200-PROCESS-ANALYSIS: Main processing logic -- [paragraph logic]
RTNANA00::P210-EXIT,RTNANA00,P210-EXIT,,166,168,0,False,False,False,False,False,False,True,-- Paragraph P210-EXIT: Core business logic -- [paragraph logic]
RTNANA00::P210-WRITE-HEADERS,RTNANA00,P210-WRITE-HEADERS,,152,165,7,False,False,False,False,False,False,False,-- Paragraph P210-WRITE-HEADERS: Write output records WRITE report-record to output WRITE report-record to output SET ws-rpt-date. = ws-current-date WRITE report-record to output WRITE report-record to output WRITE report-record to output WRITE report-record to output
RTNANA00::P220-EXIT,RTNANA00,P220-EXIT,,189,191,0,False,False,False,False,False,False,True,-- Paragraph P220-EXIT: Core business logic -- [paragraph logic]
RTNANA00::P220-PROCESS-DETAIL,RTNANA00,P220-PROCESS-DETAIL,,169,177,0,False,False,False,False,False,False,False,-- Paragraph P220-PROCESS-DETAIL: Main processing logic -- [paragraph logic]
RTNANA00::P300-EXIT,RTNANA00,P300-EXIT,,204,206,0,False,False,False,False,False,False,True,-- Paragraph P300-EXIT: Core business logic -- [paragraph logic]
RTNANA00::P300-GENERATE-REPORT,RTNANA00,P300-GENERATE-REPORT,,192,203,3,False,False,False,False,False,False,True,-- Paragraph P300-GENERATE-REPORT: Core business logic WRITE report-record to output SET ws-dtl-program. = totals SET ws-dtl-total. = ws-program-count SET ws-dtl-success. = ws-success-count SET ws-dtl-warning. = ws-warning-count SET ws-dtl-error. = ws-error-count SET ws-dtl-severe. = ws-severe-count
RTNANA00::P900-CLOSE-FILES,RTNANA00,P900-CLOSE-FILES,,207,208,0,False,False,False,False,False,False,True,-- Paragraph P900-CLOSE-FILES: Close files and cleanup -- [paragraph logic]
RTNANA00::P900-EXIT,RTNANA00,P900-EXIT,,209,210,0,False,False,False,False,False,False,True,-- Paragraph P900-EXIT: Core business logic -- [paragraph logic]
RTNCDE00::END-EXEC,RTNCDE00,END-EXEC,,133,139,2,False,False,False,False,False,False,True,-- Paragraph END-EXEC: Core business logic IF SQLCODE = 0 THEN SET rc-response-code = 0 SET rc-response-code = 8
RTNCDE00::P100-EXIT,RTNCDE00,P100-EXIT,,60,62,0,False,False,False,False,False,False,True,-- Paragraph P100-EXIT: Core business logic -- [paragraph logic]
RTNCDE00::P100-INIT-RETURN-CODES,RTNCDE00,P100-INIT-RETURN-CODES,,53,59,0,False,False,False,False,True,False,False,-- Paragraph P100-INIT-RETURN-CODES: Initialisation and setup INITIALIZE rc-program-id. (special value) SET rc-current-code. = 0 SET rc-highest-code. = 0 SET rc-response-code. = 0
RTNCDE00::P200-EXIT,RTNCDE00,P200-EXIT,,82,84,0,False,False,False,False,False,False,True,-- Paragraph P200-EXIT: Core business logic -- [paragraph logic]
RTNCDE00::P200-SET-RETURN-CODE,RTNCDE00,P200-SET-RETURN-CODE,,63,81,9,False,False,False,False,False,False,True,-- Paragraph P200-SET-RETURN-CODE: Core business logic IF RC-NEW-CODE > RC-HIGHEST-CODE THEN SET rc-highest-code = rc-new-code SET rc-current-code. = rc-new-code EVALUATE (RC-NEW-CODE) SET rc-response-code. = 0
RTNCDE00::P300-EXIT,RTNCDE00,P300-EXIT,,90,92,0,False,False,False,False,False,False,True,-- Paragraph P300-EXIT: Core business logic -- [paragraph logic]
RTNCDE00::P300-GET-RETURN-CODE,RTNCDE00,P300-GET-RETURN-CODE,,85,89,0,False,False,False,False,False,False,True,-- Paragraph P300-GET-RETURN-CODE: Core business logic SET rc-return-value. = rc-current-code SET rc-highest-return. = rc-highest-code SET rc-return-status. = rc-status SET rc-response-code. = 0
RTNCDE00::P400-EXIT,RTNCDE00,P400-EXIT,,118,120,0,False,False,False,False,False,False,True,-- Paragraph P400-EXIT: Core business logic -- [paragraph logic]
RTNCDE00::P400-LOG-RETURN-CODE,RTNCDE00,P400-LOG-RETURN-CODE,,93,110,0,False,False,False,False,False,False,True,-- Paragraph P400-LOG-RETURN-CODE: Core business logic -- [paragraph logic]
RTNCDE00::P500-ANALYZE-CODES,RTNCDE00,P500-ANALYZE-CODES,,121,132,0,False,False,False,False,False,False,True,-- Paragraph P500-ANALYZE-CODES: Core business logic -- [paragraph logic]
RTNCDE00::P500-EXIT,RTNCDE00,P500-EXIT,,140,141,0,False,False,False,False,False,False,True,-- Paragraph P500-EXIT: Core business logic -- [paragraph logic]
AUDPROC::0000-MAIN,AUDPROC,0000-MAIN,,52,58,0,False,False,False,False,True,True,False,-- Paragraph 0000-MAIN: Core business logic CALL 1000-initialize CALL 2000-process-audit CALL 3000-terminate RETURN to caller
AUDPROC::1000-INITIALIZE,AUDPROC,1000-INITIALIZE,,59,70,1,False,False,False,False,False,True,False,-- Paragraph 1000-INITIALIZE: Initialisation and setup IF WS-FILE-STATUS NOT = '00' THEN SET ls-return-code = 8 CALL 3000-terminate RETURN to caller
AUDPROC::2000-PROCESS-AUDIT,AUDPROC,2000-PROCESS-AUDIT,,71,93,3,False,False,False,False,False,False,False,-- Paragraph 2000-PROCESS-AUDIT: Main processing logic SET aud-timestamp = ws-formatted-time SET aud-header = ls-system-info SET aud-type = ls-type SET aud-action = ls-action SET aud-status = ls-status SET aud-key-info = ls-key-info SET aud-before-image = ls-before-image SET aud-after-image = ls-aft
AUDPROC::3000-TERMINATE,AUDPROC,3000-TERMINATE,,94,96,0,False,False,False,False,False,False,False,-- Paragraph 3000-TERMINATE: Core business logic CLOSE audit-file
DB2CMT::0000-MAIN,DB2CMT,0000-MAIN,,53,74,10,False,False,False,False,True,True,False,-- Paragraph 0000-MAIN: Core business logic EVALUATE (TRUE) CALL 1000-initialize CALL 2000-commit CALL 3000-rollback CALL 4000-savepoint CALL 5000-restore CALL 6000-statistics CALL 9000-error-routine RETURN to caller
DB2CMT::1000-INITIALIZE,DB2CMT,1000-INITIALIZE,,75,79,0,False,False,False,False,False,False,False,-- Paragraph 1000-INITIALIZE: Initialisation and setup SET ls-return-code = 0
DB2CMT::2000-COMMIT,DB2CMT,2000-COMMIT,,80,86,1,False,False,False,False,False,False,False,-- Paragraph 2000-COMMIT: Core business logic IF LS-RECORDS-PROC >= LS-COMMIT-FREQ THEN CALL 2100-issue-commit
DB2CMT::2100-ISSUE-COMMIT,DB2CMT,2100-ISSUE-COMMIT,,87,102,2,False,False,False,False,False,False,False,-- Paragraph 2100-ISSUE-COMMIT: Core business logic IF SQLCODE = 0 THEN INCREMENT ws-commit-count BY 1 SET ls-return-code = 0 SET ls-sqlcode = sqlcode SET ls-return-code = 8 CALL 9100-log-error
DB2CMT::3000-ROLLBACK,DB2CMT,3000-ROLLBACK,,103,118,2,False,False,False,False,False,False,False,-- Paragraph 3000-ROLLBACK: Core business logic IF SQLCODE = 0 THEN INCREMENT ws-rollback-count BY 1 SET ls-return-code = 0 SET ls-sqlcode = sqlcode SET ls-return-code = 8 CALL 9100-log-error
DB2CMT::4000-SAVEPOINT,DB2CMT,4000-SAVEPOINT,,119,136,2,False,False,False,False,False,False,False,-- Paragraph 4000-SAVEPOINT: Core business logic SET ws-savepoint-id = ls-savepoint-name IF SQLCODE = 0 THEN INCREMENT ws-savepoint-count BY 1 SET ls-return-code = 0 SET ls-sqlcode = sqlcode SET ls-return-code = 8 CALL 9100-log-error
DB2CMT::5000-RESTORE,DB2CMT,5000-RESTORE,,137,154,2,False,False,False,False,False,False,False,-- Paragraph 5000-RESTORE: Core business logic SET ws-savepoint-id = ls-savepoint-name IF SQLCODE = 0 THEN INCREMENT ws-rollback-count BY 1 SET ls-return-code = 0 SET ls-sqlcode = sqlcode SET ls-return-code = 8 CALL 9100-log-error
DB2CMT::6000-STATISTICS,DB2CMT,6000-STATISTICS,,155,161,0,False,False,False,False,False,False,False,-- Paragraph 6000-STATISTICS: Core business logic -- [paragraph logic]
DB2CMT::9000-ERROR-ROUTINE,DB2CMT,9000-ERROR-ROUTINE,,162,167,1,False,False,False,False,False,False,False,-- Paragraph 9000-ERROR-ROUTINE: Error handling SET err-program = db2cmt SET ls-return-code = 12 CALL ERRPROC
DB2CMT::9100-LOG-ERROR,DB2CMT,9100-LOG-ERROR,,168,170,1,False,False,False,False,False,False,False,-- Paragraph 9100-LOG-ERROR: Error handling CALL DB2ERR
DB2CONN::0000-MAIN,DB2CONN,0000-MAIN,,47,62,8,False,False,False,False,True,True,False,-- Paragraph 0000-MAIN: Core business logic EVALUATE (TRUE) CALL 1000-connect CALL 2000-disconnect CALL 3000-check-status CALL 9000-error-routine RETURN to caller
DB2CONN::1000-CONNECT,DB2CONN,1000-CONNECT,,63,90,5,False,False,False,False,False,False,False,-- Paragraph 1000-CONNECT: Core business logic SET ws-retry-count = zero SET ws-db-name = ls-db-name SET ws-plan-name = ls-plan-name CALL until IF SQLCODE = 0 THEN SET ls-return-code = 0 INCREMENT ws-retry-count BY 1 CALL 1100-handle-conn-error IF WS-RETRY-COUNT < WS-MAX-RETRIES THEN CALL DELAY
DB2CONN::1100-HANDLE-CONN-ERROR,DB2CONN,1100-HANDLE-CONN-ERROR,,91,108,7,False,False,False,False,False,False,False,-- Paragraph 1100-HANDLE-CONN-ERROR: Error handling SET ls-sqlcode = sqlcode EVALUATE (SQLCODE) SET ls-return-code = 12
DB2CONN::2000-DISCONNECT,DB2CONN,2000-DISCONNECT,,109,130,3,False,False,False,False,False,False,False,-- Paragraph 2000-DISCONNECT: Core business logic IF WS-CONNECTED THEN IF SQLCODE = 0 THEN SET ls-return-code = 0 SET ls-sqlcode = sqlcode SET ls-return-code = 8
DB2CONN::3000-CHECK-STATUS,DB2CONN,3000-CHECK-STATUS,,131,149,2,False,False,False,False,False,False,False,-- Paragraph 3000-CHECK-STATUS: Core business logic IF SQLCODE = 0 THEN SET ls-return-code = 0 SET ls-sqlcode = sqlcode SET ls-return-code = 4
DB2CONN::9000-ERROR-ROUTINE,DB2CONN,9000-ERROR-ROUTINE,,150,154,1,False,False,False,False,False,False,False,-- Paragraph 9000-ERROR-ROUTINE: Error handling SET err-program = db2conn SET ls-return-code = 12 CALL ERRPROC
DB2ERR::0000-MAIN,DB2ERR,0000-MAIN,,56,71,8,False,False,False,False,True,True,False,-- Paragraph 0000-MAIN: Core business logic EVALUATE (TRUE) CALL 1000-log-error CALL 2000-diagnose-error CALL 3000-retrieve-error CALL 9000-error-routine RETURN to caller
DB2ERR::1000-LOG-ERROR,DB2ERR,1000-LOG-ERROR,,72,99,0,False,False,False,False,False,False,False,-- Paragraph 1000-LOG-ERROR: Error handling SET el-error-timestamp = ws-current-timestamp SET el-program-id = ls-program-id SET el-error-type = d CALL 1100-set-severity SET ws-formatted-sqlcode = ls-sqlcode SET el-error-message = ls-error-text INITIALIZE el-user-id (special value) SET el-additional-
DB2ERR::1100-SET-SEVERITY,DB2ERR,1100-SET-SEVERITY,,100,125,10,False,False,False,False,False,False,False,-- Paragraph 1100-SET-SEVERITY: Core business logic EVALUATE (LS-SQLCODE) SET el-error-severity = 2 SET el-error-severity = 4 SET el-error-severity = 1 SET el-error-severity = 1 IF LS-SQLCODE < 0 THEN SET el-error-severity = 3 SET el-error-severity = 1
DB2ERR::1200-INSERT-ERROR,DB2ERR,1200-INSERT-ERROR,,126,139,2,False,False,False,False,False,False,False,-- Paragraph 1200-INSERT-ERROR: Error handling IF SQLCODE = 0 THEN SET ls-return-code = 0 CALL 9000-error-routine
DB2ERR::2000-DIAGNOSE-ERROR,DB2ERR,2000-DIAGNOSE-ERROR,,140,170,10,False,False,False,False,False,False,False,-- Paragraph 2000-DIAGNOSE-ERROR: Error handling EVALUATE (LS-SQLCODE) SET ls-return-code = 4 SET ls-return-code = 4 SET ls-return-code = 12 SET ls-return-code = 8 IF LS-SQLCODE < 0 THEN SET ls-return-code = 12 SET ls-return-code = 4
DB2ERR::3000-RETRIEVE-ERROR,DB2ERR,3000-RETRIEVE-ERROR,,171,195,2,False,False,False,False,False,False,False,-- Paragraph 3000-RETRIEVE-ERROR: Error handling IF SQLCODE = 0 THEN SET ls-error-text = el-error-message SET ls-return-code = el-error-severity SET ls-return-code = 4
DB2ERR::9000-ERROR-ROUTINE,DB2ERR,9000-ERROR-ROUTINE,,196,200,1,False,False,False,False,False,False,False,-- Paragraph 9000-ERROR-ROUTINE: Error handling SET err-program = db2err SET ls-return-code = 12 CALL ERRPROC
DB2STAT::0000-MAIN,DB2STAT,0000-MAIN,,58,75,9,False,False,False,False,True,True,False,-- Paragraph 0000-MAIN: Core business logic EVALUATE (TRUE) CALL 1000-initialize CALL 2000-update-stats CALL 3000-terminate CALL 4000-display-stats CALL 9000-error-routine RETURN to caller
DB2STAT::1000-INITIALIZE,DB2STAT,1000-INITIALIZE,,76,87,0,False,False,False,False,False,False,False,-- Paragraph 1000-INITIALIZE: Initialisation and setup SET ws-program-id = ls-program-id SET ws-start-time = ws-current-timestamp SET ws-start-timestamp = ws-current-timestamp CALL 1100-create-stats-table CALL 1200-insert-initial
DB2STAT::1100-CREATE-STATS-TABLE,DB2STAT,1100-CREATE-STATS-TABLE,,88,110,1,False,False,False,False,False,False,False,-- Paragraph 1100-CREATE-STATS-TABLE: Core business logic READ next record from integer IF SQLCODE NOT = 0 AND SQLCODE NOT = -601 THEN CALL 9000-error-routine
DB2STAT::1200-INSERT-INITIAL,DB2STAT,1200-INSERT-INITIAL,,111,129,2,False,False,False,False,False,False,False,-- Paragraph 1200-INSERT-INITIAL: Initialisation and setup IF SQLCODE = 0 THEN SET ls-return-code = 0 CALL 9000-error-routine
DB2STAT::2000-UPDATE-STATS,DB2STAT,2000-UPDATE-STATS,,130,156,5,False,False,False,False,False,False,False,-- Paragraph 2000-UPDATE-STATS: Core business logic SET ws-rows-read = ls-rows-read SET ws-rows-inserted = ls-rows-insrt SET ws-rows-updated = ls-rows-updt SET ws-rows-deleted = ls-rows-delt SET ws-commits = ls-commits SET ws-rollbacks = ls-rollbacks READ next record from = IF SQLCODE = 0 THEN SET l
DB2STAT::3000-TERMINATE,DB2STAT,3000-TERMINATE,,157,179,2,False,False,False,False,False,False,False,-- Paragraph 3000-TERMINATE: Core business logic SET ws-end-time = ws-current-timestamp CALL 3100-calc-times IF SQLCODE = 0 THEN SET ls-return-code = 0 CALL 4000-display-stats CALL 9000-error-routine
DB2STAT::3100-CALC-TIMES,DB2STAT,3100-CALC-TIMES,,180,188,0,False,False,False,False,False,False,False,-- Paragraph 3100-CALC-TIMES: Core business logic COMPUTE WS-ELAPSED-TIME = FUNCTION SET ws-cpu-time = ws-elapsed-time
DB2STAT::4000-DISPLAY-STATS,DB2STAT,4000-DISPLAY-STATS,,189,223,4,False,False,False,False,False,False,False,-- Paragraph 4000-DISPLAY-STATS: Core business logic IF SQLCODE = 0 THEN SET ws-formatted-time = ws-cpu-time SET ws-formatted-time = ws-elapsed-time SET ls-return-code = 0 CALL 9000-error-routine
DB2STAT::9000-ERROR-ROUTINE,DB2STAT,9000-ERROR-ROUTINE,,224,228,1,False,False,False,False,False,False,False,-- Paragraph 9000-ERROR-ROUTINE: Error handling SET err-program = db2stat SET ls-return-code = 12 CALL ERRPROC
ERRPROC::0000-MAIN,ERRPROC,0000-MAIN,,48,54,0,False,False,False,False,True,True,False,-- Paragraph 0000-MAIN: Core business logic CALL 1000-initialize CALL 2000-process-error CALL 3000-terminate RETURN to caller
ERRPROC::1000-INITIALIZE,ERRPROC,1000-INITIALIZE,,55,64,1,False,False,False,False,False,False,False,-- Paragraph 1000-INITIALIZE: Initialisation and setup IF WS-LOG-STATUS NOT = '00' THEN
ERRPROC::2000-PROCESS-ERROR,ERRPROC,2000-PROCESS-ERROR,,65,82,2,False,False,False,False,False,False,False,-- Paragraph 2000-PROCESS-ERROR: Main processing logic SET err-timestamp = ws-formatted-time SET err-program = ls-program-id SET err-category = ls-category SET err-code = ls-error-code SET err-severity = ls-severity SET err-text = ls-error-text SET err-details = ls-error-details CALL 2100-write-log 
ERRPROC::2100-WRITE-LOG,ERRPROC,2100-WRITE-LOG,,83,92,3,False,False,False,False,False,False,False,-- Paragraph 2100-WRITE-LOG: Write output records SET log-data = err-message WRITE error-log-record to output IF WS-LOG-STATUS NOT = '00' THEN
ERRPROC::2200-DISPLAY-ERROR,ERRPROC,2200-DISPLAY-ERROR,,93,104,0,False,False,False,False,False,False,False,-- Paragraph 2200-DISPLAY-ERROR: Error handling -- [paragraph logic]
ERRPROC::3000-TERMINATE,ERRPROC,3000-TERMINATE,,105,107,0,False,False,False,False,False,False,False,-- Paragraph 3000-TERMINATE: Core business logic CLOSE error-log
CURSMGR::END-EXEC,CURSMGR,END-EXEC,,72,76,1,False,False,False,False,False,False,True,-- Paragraph END-EXEC: Core business logic IF SQLCODE NOT = 0 THEN SET curs-response-code = sqlcode
CURSMGR::P100-DECLARE-CURSOR,CURSMGR,P100-DECLARE-CURSOR,,61,71,2,False,False,False,False,True,False,False,-- Paragraph P100-DECLARE-CURSOR: Core business logic SET curs-response-code. = 0 IF USE-ARRAY-FETCH THEN SET ws-array-size = ws-max-rows SET ws-array-size = 1
CURSMGR::P100-EXIT,CURSMGR,P100-EXIT,,77,79,0,False,False,False,False,False,False,True,-- Paragraph P100-EXIT: Core business logic -- [paragraph logic]
CURSMGR::P200-OPEN-CURSOR,CURSMGR,P200-OPEN-CURSOR,,80,91,2,False,False,False,False,False,False,True,-- Paragraph P200-OPEN-CURSOR: Open files and resources SET ws-fetch-count. = 0 SET ws-rows-fetched. = 0 IF SQLCODE = 0 THEN SET curs-response-code = 0 SET curs-response-code = sqlcode
DB2ONLN::END-EXEC,DB2ONLN,END-EXEC,,108,118,2,False,False,False,False,False,False,True,-- Paragraph END-EXEC: Core business logic IF SQLCODE = 0 THEN SET db2-response-code = 0 SET db2-sqlcode = sqlcode SET db2-response-code = -1
DB2ONLN::P100-EXIT,DB2ONLN,P100-EXIT,,63,65,0,False,False,False,False,False,False,True,-- Paragraph P100-EXIT: Core business logic -- [paragraph logic]
DB2ONLN::P100-PROCESS-CONNECT,DB2ONLN,P100-PROCESS-CONNECT,,54,62,2,False,False,False,False,True,False,False,-- Paragraph P100-PROCESS-CONNECT: Main processing logic IF WS-ACTIVE-CONNECTIONS < WS-MAX-CONNECTIONS THEN CALL p110-establish-connection SET db2-response-code = -1
DB2ONLN::P110-ESTABLISH-CONNECTION,DB2ONLN,P110-ESTABLISH-CONNECTION,,66,79,2,False,False,False,False,False,False,False,-- Paragraph P110-ESTABLISH-CONNECTION: Core business logic IF SQLCODE = 0 THEN INCREMENT ws-active-connections BY 1 SET db2-sqlcode = sqlcode SET db2-response-code = 0 CALL p120-generate-token SET db2-sqlcode = sqlcode SET db2-error-msg = sqlerrmc SET db2-response-code = -1
DB2ONLN::P110-EXIT,DB2ONLN,P110-EXIT,,80,82,0,False,False,False,False,False,False,True,-- Paragraph P110-EXIT: Core business logic -- [paragraph logic]
DB2ONLN::P120-EXIT,DB2ONLN,P120-EXIT,,88,90,0,False,False,False,False,False,False,True,-- Paragraph P120-EXIT: Core business logic -- [paragraph logic]
DB2ONLN::P120-GENERATE-TOKEN,DB2ONLN,P120-GENERATE-TOKEN,,83,87,0,False,False,False,False,False,False,False,-- Paragraph P120-GENERATE-TOKEN: Core business logic -- [paragraph logic]
DB2ONLN::P200-EXIT,DB2ONLN,P200-EXIT,,102,104,0,False,False,False,False,False,False,True,-- Paragraph P200-EXIT: Core business logic -- [paragraph logic]
DB2ONLN::P200-PROCESS-DISCONNECT,DB2ONLN,P200-PROCESS-DISCONNECT,,91,101,2,False,False,False,False,False,False,True,-- Paragraph P200-PROCESS-DISCONNECT: Main processing logic IF SQLCODE = 0 THEN DECREMENT ws-active-connections BY 1 SET db2-response-code = 0 SET db2-sqlcode = sqlcode SET db2-error-msg = sqlerrmc SET db2-response-code = -1
DB2ONLN::P300-CHECK-STATUS,DB2ONLN,P300-CHECK-STATUS,,105,107,0,False,False,False,False,False,False,True,-- Paragraph P300-CHECK-STATUS: Core business logic -- [paragraph logic]
DB2ONLN::P300-EXIT,DB2ONLN,P300-EXIT,,119,120,0,False,False,False,False,False,False,True,-- Paragraph P300-EXIT: Core business logic -- [paragraph logic]
DB2RECV::END-EXEC,DB2RECV,END-EXEC,,135,143,2,False,False,False,False,False,False,True,-- Paragraph END-EXEC: Core business logic IF ERR-CONTINUE THEN SET recv-message. = err-message
DB2RECV::END-PERFORM,DB2RECV,END-PERFORM,,76,81,1,False,False,False,False,False,False,True,-- Paragraph END-PERFORM: Core business logic IF WS-RETRY-COUNT >= WS-MAX-RETRIES THEN SET recv-response-code = -1
DB2RECV::P100-EXIT,DB2RECV,P100-EXIT,,82,84,0,False,False,False,False,False,False,True,-- Paragraph P100-EXIT: Core business logic -- [paragraph logic]
DB2RECV::P100-RECOVER-CONNECTION,DB2RECV,P100-RECOVER-CONNECTION,,62,75,3,False,False,False,False,True,False,False,-- Paragraph P100-RECOVER-CONNECTION: Core business logic SET ws-retry-count. = 0 CALL until CALL p110-attempt-reconnect IF RECV-SUCCESS THEN CALL p120-wait-interval INCREMENT ws-retry-count BY 1
DB2RECV::P110-ATTEMPT-RECONNECT,DB2RECV,P110-ATTEMPT-RECONNECT,,85,90,0,False,False,False,False,False,False,False,-- Paragraph P110-ATTEMPT-RECONNECT: Core business logic SET db2-request-type = c
DB2RECV::P110-EXIT,DB2RECV,P110-EXIT,,101,103,0,False,False,False,False,False,False,True,-- Paragraph P110-EXIT: Core business logic -- [paragraph logic]
DB2RECV::P120-EXIT,DB2RECV,P120-EXIT,,108,110,0,False,False,False,False,False,False,True,-- Paragraph P120-EXIT: Core business logic -- [paragraph logic]
DB2RECV::P120-WAIT-INTERVAL,DB2RECV,P120-WAIT-INTERVAL,,104,106,0,False,False,False,False,False,False,False,-- Paragraph P120-WAIT-INTERVAL: Core business logic -- [paragraph logic]
DB2RECV::P200-EXIT,DB2RECV,P200-EXIT,,122,124,0,False,False,False,False,False,False,True,-- Paragraph P200-EXIT: Core business logic -- [paragraph logic]
DB2RECV::P200-RECOVER-TRANSACTION,DB2RECV,P200-RECOVER-TRANSACTION,,111,121,2,False,False,False,False,False,False,True,-- Paragraph P200-RECOVER-TRANSACTION: Core business logic IF SQLCODE = 0 THEN SET recv-response-code = 0 SET recv-sqlcode = sqlcode SET recv-response-code = -1
DB2RECV::P300-EXIT,DB2RECV,P300-EXIT,,144,145,0,False,False,False,False,False,False,True,-- Paragraph P300-EXIT: Core business logic -- [paragraph logic]
DB2RECV::P300-RECOVER-CURSOR,DB2RECV,P300-RECOVER-CURSOR,,125,134,0,False,False,False,False,False,False,True,-- Paragraph P300-RECOVER-CURSOR: Core business logic INITIALIZE ws-error-area. (special value) SET err-program. = recv-program SET err-paragraph. = recv-cursor SET err-sqlcode. = recv-sqlcode
ERRHNDL::END-EXEC,ERRHNDL,END-EXEC,,83,88,1,False,False,False,False,False,False,True,-- Paragraph END-EXEC: Core business logic IF SQLCODE NOT = 0 THEN
ERRHNDL::P100-EXIT,ERRHNDL,P100-EXIT,,60,62,0,False,False,False,False,False,False,True,-- Paragraph P100-EXIT: Core business logic -- [paragraph logic]
ERRHNDL::P100-INIT-ERROR-HANDLER,ERRHNDL,P100-INIT-ERROR-HANDLER,,52,59,1,False,False,False,False,True,False,False,-- Paragraph P100-INIT-ERROR-HANDLER: Initialisation and setup SET ws-error-area. = dfhcommarea IF ERR-TRACE-ID = SPACES THEN
ERRHNDL::P200-EXIT,ERRHNDL,P200-EXIT,,89,91,0,False,False,False,False,False,False,True,-- Paragraph P200-EXIT: Core business logic -- [paragraph logic]
ERRHNDL::P200-LOG-ERROR,ERRHNDL,P200-LOG-ERROR,,63,82,0,False,False,False,False,False,False,True,-- Paragraph P200-LOG-ERROR: Error handling SET log-timestamp. = err-timestamp SET log-program. = err-program SET log-paragraph. = err-paragraph SET log-sqlcode. = err-sqlcode SET log-cics-resp. = err-cics-resp SET log-severity. = err-severity SET log-message. = err-message SET log-trace-id. = err-t
ERRHNDL::P300-EXIT,ERRHNDL,P300-EXIT,,101,103,0,False,False,False,False,False,False,True,-- Paragraph P300-EXIT: Core business logic -- [paragraph logic]
ERRHNDL::P300-FORMAT-MESSAGE,ERRHNDL,P300-FORMAT-MESSAGE,,92,100,0,False,False,False,False,False,False,True,-- Paragraph P300-FORMAT-MESSAGE: Core business logic -- [paragraph logic]
ERRHNDL::P400-DETERMINE-ACTION,ERRHNDL,P400-DETERMINE-ACTION,,104,116,8,False,False,False,False,False,False,True,-- Paragraph P400-DETERMINE-ACTION: Core business logic EVALUATE (TRUE) SET dfhcommarea. = ws-error-area
ERRHNDL::P400-EXIT,ERRHNDL,P400-EXIT,,117,118,0,False,False,False,False,False,False,True,-- Paragraph P400-EXIT: Core business logic -- [paragraph logic]
INQHIST::END-EXEC,INQHIST,END-EXEC,,184,184,0,False,False,False,False,False,False,True,-- Paragraph END-EXEC: Core business logic -- [paragraph logic]
INQHIST::P100-EXIT,INQHIST,P100-EXIT,,92,94,0,False,False,False,False,False,False,True,-- Paragraph P100-EXIT: Core business logic -- [paragraph logic]
INQHIST::P100-INIT-PROGRAM,INQHIST,P100-INIT-PROGRAM,,81,87,0,False,False,False,False,True,False,False,-- Paragraph P100-INIT-PROGRAM: Initialisation and setup SET ws-commarea. = dfhcommarea INITIALIZE ws-row-count.
INQHIST::P150-DB2-CONNECT,INQHIST,P150-DB2-CONNECT,,95,100,0,False,False,False,False,False,False,False,-- Paragraph P150-DB2-CONNECT: Core business logic SET db2-request-type. = c
INQHIST::P150-EXIT,INQHIST,P150-EXIT,,126,128,0,False,False,False,False,False,False,True,-- Paragraph P150-EXIT: Core business logic -- [paragraph logic]
INQHIST::P200-EXIT,INQHIST,P200-EXIT,,161,163,0,False,False,False,False,False,False,True,-- Paragraph P200-EXIT: Core business logic -- [paragraph logic]
INQHIST::P200-GET-HISTORY,INQHIST,P200-GET-HISTORY,,129,140,0,False,False,False,False,False,False,True,-- Paragraph P200-GET-HISTORY: Core business logic SET curs-request-type. = d
INQHIST::P250-EXIT,INQHIST,P250-EXIT,,174,176,0,False,False,False,False,False,False,True,-- Paragraph P250-EXIT: Core business logic -- [paragraph logic]
INQHIST::P250-FETCH-HISTORY,INQHIST,P250-FETCH-HISTORY,,164,168,0,False,False,False,False,False,False,False,-- Paragraph P250-FETCH-HISTORY: Core business logic SET curs-request-type. = f
INQHIST::P300-EXIT,INQHIST,P300-EXIT,,185,187,0,False,False,False,False,False,False,True,-- Paragraph P300-EXIT: Core business logic -- [paragraph logic]
INQHIST::P300-FORMAT-DISPLAY,INQHIST,P300-FORMAT-DISPLAY,,177,183,0,False,False,False,False,False,False,True,-- Paragraph P300-FORMAT-DISPLAY: Core business logic -- [paragraph logic]
INQHIST::P999-ERROR-ROUTINE,INQHIST,P999-ERROR-ROUTINE,,188,191,0,False,False,False,False,False,False,False,-- Paragraph P999-ERROR-ROUTINE: Error handling SET dfhcommarea. = ws-commarea
INQHIST::P999-EXIT,INQHIST,P999-EXIT,,192,193,0,False,False,False,False,False,False,True,-- Paragraph P999-EXIT: Core business logic -- [paragraph logic]
INQONLN::END-EXEC,INQONLN,END-EXEC,,149,169,3,False,False,False,False,False,False,False,-- Paragraph END-EXEC: Core business logic IF SEC-RESPONSE-CODE = 0 THEN SET sec-request-type = a SET sec-resource-name = inqonln SET sec-access-type = read IF SEC-RESPONSE-CODE = 0 THEN SET sec-request-type = l
INQONLN::P050-EXIT,INQONLN,P050-EXIT,,170,171,0,False,False,False,False,False,False,True,-- Paragraph P050-EXIT: Core business logic -- [paragraph logic]
INQONLN::P050-SECURITY-CHECK,INQONLN,P050-SECURITY-CHECK,,139,143,0,False,False,False,False,False,False,False,-- Paragraph P050-SECURITY-CHECK: Core business logic SET sec-request-type. = v
INQONLN::P100-EXIT,INQONLN,P100-EXIT,,89,91,0,False,False,False,False,False,False,True,-- Paragraph P100-EXIT: Core business logic -- [paragraph logic]
INQONLN::P100-PROCESS-REQUEST,INQONLN,P100-PROCESS-REQUEST,,53,59,0,False,False,False,False,False,False,False,-- Paragraph P100-PROCESS-REQUEST: Main processing logic INITIALIZE ws-commarea.
INQONLN::P200-DISPLAY-MENU,INQONLN,P200-DISPLAY-MENU,,92,96,0,False,False,False,False,False,False,False,-- Paragraph P200-DISPLAY-MENU: Core business logic -- [paragraph logic]
INQONLN::P200-EXIT,INQONLN,P200-EXIT,,98,100,0,False,False,False,False,False,False,True,-- Paragraph P200-EXIT: Core business logic -- [paragraph logic]
INQONLN::P300-EXIT,INQONLN,P300-EXIT,,107,109,0,False,False,False,False,False,False,True,-- Paragraph P300-EXIT: Core business logic -- [paragraph logic]
INQONLN::P300-PORTFOLIO-INQUIRY,INQONLN,P300-PORTFOLIO-INQUIRY,,101,105,0,False,False,False,False,False,False,False,-- Paragraph P300-PORTFOLIO-INQUIRY: Core business logic -- [paragraph logic]
INQONLN::P400-EXIT,INQONLN,P400-EXIT,,116,118,0,False,False,False,False,False,False,True,-- Paragraph P400-EXIT: Core business logic -- [paragraph logic]
INQONLN::P400-HISTORY-INQUIRY,INQONLN,P400-HISTORY-INQUIRY,,110,114,0,False,False,False,False,False,False,False,-- Paragraph P400-HISTORY-INQUIRY: Core business logic -- [paragraph logic]
INQONLN::P900-ERROR-ROUTINE,INQONLN,P900-ERROR-ROUTINE,,119,128,0,False,False,False,False,False,False,False,-- Paragraph P900-ERROR-ROUTINE: Error handling SET err-program. = inqonln SET err-paragraph. = p900-error-routine SET err-cics-resp. = eibresp SET err-cics-resp2. = eibresp2
INQONLN::P900-EXIT,INQONLN,P900-EXIT,,136,138,0,False,False,False,False,False,False,True,-- Paragraph P900-EXIT: Core business logic -- [paragraph logic]
INQPORT::END-EXEC,INQPORT,END-EXEC,,92,92,0,False,False,False,False,False,False,True,-- Paragraph END-EXEC: Core business logic -- [paragraph logic]
INQPORT::P100-EXIT,INQPORT,P100-EXIT,,65,67,0,False,False,False,False,False,False,True,-- Paragraph P100-EXIT: Core business logic -- [paragraph logic]
INQPORT::P100-INIT-PROGRAM,INQPORT,P100-INIT-PROGRAM,,57,63,0,False,False,False,False,True,False,False,-- Paragraph P100-INIT-PROGRAM: Initialisation and setup INITIALIZE ws-position-record SET ws-commarea. = dfhcommarea
INQPORT::P200-EXIT,INQPORT,P200-EXIT,,83,85,0,False,False,False,False,False,False,True,-- Paragraph P200-EXIT: Core business logic -- [paragraph logic]
INQPORT::P200-GET-POSITION,INQPORT,P200-GET-POSITION,,68,75,1,False,False,False,False,False,False,True,-- Paragraph P200-GET-POSITION: Core business logic READ next record from file('posfile')
INQPORT::P300-EXIT,INQPORT,P300-EXIT,,93,95,0,False,False,False,False,False,False,True,-- Paragraph P300-EXIT: Core business logic -- [paragraph logic]
INQPORT::P300-FORMAT-DISPLAY,INQPORT,P300-FORMAT-DISPLAY,,86,91,0,False,False,False,False,False,False,True,-- Paragraph P300-FORMAT-DISPLAY: Core business logic -- [paragraph logic]
INQPORT::P900-EXIT,INQPORT,P900-EXIT,,100,102,0,False,False,False,False,False,False,True,-- Paragraph P900-EXIT: Core business logic -- [paragraph logic]
INQPORT::P900-NOT-FOUND,INQPORT,P900-NOT-FOUND,,96,99,0,False,False,False,False,False,False,True,-- Paragraph P900-NOT-FOUND: Core business logic SET dfhcommarea. = ws-commarea
INQPORT::P999-ERROR-ROUTINE,INQPORT,P999-ERROR-ROUTINE,,103,108,0,False,False,False,False,False,False,True,-- Paragraph P999-ERROR-ROUTINE: Error handling SET dfhcommarea. = ws-commarea
INQPORT::P999-EXIT,INQPORT,P999-EXIT,,109,110,0,False,False,False,False,False,False,True,-- Paragraph P999-EXIT: Core business logic -- [paragraph logic]
SECMGR::END-EXEC,SECMGR,END-EXEC,,125,133,2,False,False,False,False,False,False,True,-- Paragraph END-EXEC: Core business logic IF SQLCODE = 0 THEN SET sec-response-code = 0 SET sec-response-code = 12
SECMGR::P100-EXIT,SECMGR,P100-EXIT,,75,77,0,False,False,False,False,False,False,True,-- Paragraph P100-EXIT: Core business logic -- [paragraph logic]
SECMGR::P100-VALIDATE-USER,SECMGR,P100-VALIDATE-USER,,56,59,0,False,False,False,False,True,False,False,-- Paragraph P100-VALIDATE-USER: Validation logic -- [paragraph logic]
SECMGR::P200-CHECK-AUTH,SECMGR,P200-CHECK-AUTH,,78,85,0,False,False,False,False,False,False,True,-- Paragraph P200-CHECK-AUTH: Core business logic -- [paragraph logic]
SECMGR::P200-EXIT,SECMGR,P200-EXIT,,102,104,0,False,False,False,False,False,False,True,-- Paragraph P200-EXIT: Core business logic -- [paragraph logic]
SECMGR::P300-EXIT,SECMGR,P300-EXIT,,134,135,0,False,False,False,False,False,False,True,-- Paragraph P300-EXIT: Core business logic -- [paragraph logic]
SECMGR::P300-LOG-ACCESS,SECMGR,P300-LOG-ACCESS,,105,111,0,False,False,False,False,False,False,True,-- Paragraph P300-LOG-ACCESS: Core business logic -- [paragraph logic]
PORTADD::0000-MAIN,PORTADD,0000-MAIN,,76,85,0,False,False,False,False,True,True,False,-- Paragraph 0000-MAIN: Core business logic CALL 1000-initialize CALL 2000-process CALL 3000-terminate
PORTADD::1000-INITIALIZE,PORTADD,1000-INITIALIZE,,86,103,1,False,False,False,False,False,False,False,-- Paragraph 1000-INITIALIZE: Initialisation and setup IF NOT WS-SUCCESS-STATUS OR THEN SET ws-return-code = ws-error CALL 3000-terminate
PORTADD::2000-PROCESS,PORTADD,2000-PROCESS,,104,112,2,False,False,False,False,False,False,False,-- Paragraph 2000-PROCESS: Main processing logic READ next record from input-file INTO port-record CALL 2100-validate-and-add
PORTADD::2100-VALIDATE-AND-ADD,PORTADD,2100-VALIDATE-AND-ADD,,113,138,10,False,False,False,False,False,False,False,-- Paragraph 2100-VALIDATE-AND-ADD: Validation logic IF PORT-ID EQUAL SPACES OR THEN INCREMENT ws-error-count BY 1 SET port-create-date = ws-current-date SET port-last-maint = ws-current-date WRITE port-record to output EVALUATE (TRUE) INCREMENT ws-add-count BY 1 INCREMENT ws-dup-count BY 1 INCREMEN
PORTADD::3000-TERMINATE,PORTADD,3000-TERMINATE,,139,148,0,False,False,False,False,False,False,False,-- Paragraph 3000-TERMINATE: Core business logic CLOSE portfolio-file SET return-code = ws-return-code
PORTDEL::0000-MAIN,PORTDEL,0000-MAIN,,101,110,0,False,False,False,False,True,True,False,-- Paragraph 0000-MAIN: Core business logic CALL 1000-initialize CALL 2000-process CALL 3000-terminate
PORTDEL::1000-INITIALIZE,PORTDEL,1000-INITIALIZE,,111,129,2,False,False,False,False,False,False,False,-- Paragraph 1000-INITIALIZE: Initialisation and setup IF NOT WS-SUCCESS-STATUS OR THEN SET ws-return-code = ws-error CALL 3000-terminate
PORTDEL::2000-PROCESS,PORTDEL,2000-PROCESS,,130,138,4,False,False,False,False,False,False,False,-- Paragraph 2000-PROCESS: Main processing logic READ next record from delete-file CALL 2100-process-delete
PORTDEL::2100-PROCESS-DELETE,PORTDEL,2100-PROCESS-DELETE,,139,155,10,False,False,False,False,False,False,False,-- Paragraph 2100-PROCESS-DELETE: Main processing logic SET port-key = del-key READ next record from portfolio-file EVALUATE (TRUE) CALL 2200-delete-record INCREMENT ws-not-fnd-count BY 1 INCREMENT ws-error-count BY 1 READ next record from error
PORTDEL::2200-DELETE-RECORD,PORTDEL,2200-DELETE-RECORD,,156,167,7,False,False,False,False,False,False,False,-- Paragraph 2200-DELETE-RECORD: Core business logic IF WS-SUCCESS-STATUS THEN INCREMENT ws-delete-count BY 1 CALL 2300-write-audit INCREMENT ws-error-count BY 1
PORTDEL::2300-WRITE-AUDIT,PORTDEL,2300-WRITE-AUDIT,,168,183,5,False,False,False,False,False,False,False,-- Paragraph 2300-WRITE-AUDIT: Write output records SET aud-timestamp = ws-timestamp SET aud-action = delete SET aud-key = port-key SET aud-reason = del-reason-code SET aud-status = port-status WRITE audit-record to output IF NOT WS-AUD-SUCCESS THEN WRITE failed to output
PORTDEL::3000-TERMINATE,PORTDEL,3000-TERMINATE,,184,194,2,False,False,False,False,False,False,False,-- Paragraph 3000-TERMINATE: Core business logic CLOSE portfolio-file SET return-code = ws-return-code
PORTMSTR::0000-MAIN,PORTMSTR,0000-MAIN,,83,102,10,False,False,False,False,True,True,False,-- Paragraph 0000-MAIN: Core business logic CALL 1000-initialize EVALUATE (TRUE) CALL 2000-create-portfolio CALL 3000-read-portfolio CALL 4000-update-portfolio CALL 5000-delete-portfolio CALL 9000-error CALL 6000-terminate
PORTMSTR::1000-INITIALIZE,PORTMSTR,1000-INITIALIZE,,103,114,1,False,False,False,False,False,False,False,-- Paragraph 1000-INITIALIZE: Initialisation and setup IF NOT PORT-SUCCESS THEN CALL 9000-error
PORTMSTR::2000-CREATE-PORTFOLIO,PORTMSTR,2000-CREATE-PORTFOLIO,,115,137,4,False,False,False,False,False,False,False,-- Paragraph 2000-CREATE-PORTFOLIO: Core business logic SET portfolio-record = ls-portfolio CALL 2100-validate-portfolio IF WS-RETURN-CODE NOT = WS-SUCCESS THEN CALL 9000-error WRITE portfolio-record to output IF PORT-DUP-KEY THEN CALL 9000-error IF NOT PORT-SUCCESS THEN CALL 9000-error
PORTMSTR::2100-HANDLE-VSAM-ERROR,PORTMSTR,2100-HANDLE-VSAM-ERROR,,243,267,8,False,False,False,False,False,False,True,-- Paragraph 2100-HANDLE-VSAM-ERROR: Error handling SET ls-program-id = portmstr SET ls-category = err-cat-vsam SET ls-error-code = ws-file-status EVALUATE (WS-FILE-STATUS) SET ls-severity = err-warning SET ls-error-text = err-vsam-22 SET ls-severity = err-warning SET ls-error-text = err-vsam-23 SET
PORTMSTR::2100-LOG-PORTFOLIO-UPDATE,PORTMSTR,2100-LOG-PORTFOLIO-UPDATE,,268,288,1,False,False,False,False,False,False,False,-- Paragraph 2100-LOG-PORTFOLIO-UPDATE: Core business logic SET ls-system-id = portfolio SET ls-user-id = userid SET ls-program = portmstr SET ls-terminal = terminal-id SET ls-type = tran SET ls-status = succ SET ls-port-id = port-id SET ls-acct-no = port-account-no SET ls-before-image = ws-before-i
PORTMSTR::2100-VALIDATE-PORTFOLIO,PORTMSTR,2100-VALIDATE-PORTFOLIO,,138,162,3,False,False,False,False,False,False,False,-- Paragraph 2100-VALIDATE-PORTFOLIO: Validation logic IF PORT-ID(1:4) NOT = 'PORT' THEN SET ws-return-code = ws-error IF PORT-NAME = SPACES THEN SET ws-return-code = ws-error SET ws-valid-status = port-status IF NOT VALID-STATUS THEN SET ws-return-code = ws-error
PORTMSTR::3000-READ-PORTFOLIO,PORTMSTR,3000-READ-PORTFOLIO,,163,182,10,False,False,False,False,False,False,False,-- Paragraph 3000-READ-PORTFOLIO: Read input records SET portfolio-record = ls-portfolio READ next record from portfolio-file EVALUATE (TRUE) SET ls-portfolio = portfolio-record CALL 9000-error CALL 9000-error
PORTMSTR::4000-UPDATE-PORTFOLIO,PORTMSTR,4000-UPDATE-PORTFOLIO,,183,208,4,False,False,False,False,False,False,False,-- Paragraph 4000-UPDATE-PORTFOLIO: Core business logic SET portfolio-record = ls-portfolio CALL 2100-validate-portfolio IF WS-RETURN-CODE NOT = WS-SUCCESS THEN CALL 9000-error WRITE portfolio-record to output IF PORT-NOT-FOUND THEN CALL 9000-error IF NOT PORT-SUCCESS THEN CALL 9000-error CALL 2100-
PORTMSTR::5000-DELETE-PORTFOLIO,PORTMSTR,5000-DELETE-PORTFOLIO,,209,227,5,False,False,False,False,False,False,False,-- Paragraph 5000-DELETE-PORTFOLIO: Core business logic SET portfolio-record = ls-portfolio IF PORT-NOT-FOUND THEN CALL 9000-error IF NOT PORT-SUCCESS THEN CALL 9000-error
PORTMSTR::6000-TERMINATE,PORTMSTR,6000-TERMINATE,,228,233,0,False,False,False,False,False,False,False,-- Paragraph 6000-TERMINATE: Core business logic CLOSE portfolio-file SET ls-return-code = ws-return-code
PORTMSTR::9000-ERROR,PORTMSTR,9000-ERROR,,234,242,0,False,False,False,False,False,True,False,-- Paragraph 9000-ERROR: Error handling SET ws-return-code = ws-error CALL 6000-terminate RETURN to caller
PORTREAD::0000-MAIN,PORTREAD,0000-MAIN,,64,73,0,False,False,False,False,True,True,False,-- Paragraph 0000-MAIN: Core business logic CALL 1000-initialize CALL 2000-process CALL 3000-terminate
PORTREAD::1000-INITIALIZE,PORTREAD,1000-INITIALIZE,,74,84,1,False,False,False,False,False,False,False,-- Paragraph 1000-INITIALIZE: Initialisation and setup IF NOT WS-SUCCESS-STATUS THEN SET ws-return-code = ws-error CALL 3000-terminate
PORTREAD::2000-PROCESS,PORTREAD,2000-PROCESS,,85,94,2,False,False,False,False,False,False,False,-- Paragraph 2000-PROCESS: Main processing logic READ next record from portfolio-file INCREMENT ws-record-count BY 1 CALL 2100-display-record
PORTREAD::2100-DISPLAY-RECORD,PORTREAD,2100-DISPLAY-RECORD,,95,104,0,False,False,False,False,False,False,False,-- Paragraph 2100-DISPLAY-RECORD: Core business logic -- [paragraph logic]
PORTREAD::3000-TERMINATE,PORTREAD,3000-TERMINATE,,105,111,1,False,False,False,False,False,False,False,-- Paragraph 3000-TERMINATE: Core business logic CLOSE portfolio-file SET return-code = ws-return-code
PORTTEST::0000-MAIN,PORTTEST,0000-MAIN,,46,53,0,False,False,False,False,True,True,False,-- Paragraph 0000-MAIN: Core business logic CALL 1000-initialize CALL 2000-generate-records CALL 3000-terminate RETURN to caller
PORTTEST::1000-INITIALIZE,PORTTEST,1000-INITIALIZE,,54,64,1,False,False,False,False,False,True,False,-- Paragraph 1000-INITIALIZE: Initialisation and setup IF WS-FILE-STATUS NOT = '00' THEN CALL 3000-terminate RETURN to caller
PORTTEST::2000-GENERATE-RECORDS,PORTTEST,2000-GENERATE-RECORDS,,65,81,3,False,False,False,False,False,False,False,-- Paragraph 2000-GENERATE-RECORDS: Core business logic CALL 2100-generate-key CALL 2200-generate-client-info CALL 2300-generate-portfolio-info CALL 2400-generate-financial-info WRITE port-record to output IF WS-FILE-STATUS = '00' THEN INCREMENT ws-record-count BY 1
PORTTEST::2100-GENERATE-KEY,PORTTEST,2100-GENERATE-KEY,,82,90,0,False,False,False,False,False,False,False,-- Paragraph 2100-GENERATE-KEY: Core business logic COMPUTE PORT-ACCOUNT-NO = WS-RECORD-COUNT + 1000000000
PORTTEST::2200-GENERATE-CLIENT-INFO,PORTTEST,2200-GENERATE-CLIENT-INFO,,91,98,0,False,False,False,False,False,False,False,-- Paragraph 2200-GENERATE-CLIENT-INFO: Core business logic SET port-client-type = ws-client-types(ws-type-sub:1)
PORTTEST::2300-GENERATE-PORTFOLIO-INFO,PORTTEST,2300-GENERATE-PORTFOLIO-INFO,,99,106,0,False,False,False,False,False,False,False,-- Paragraph 2300-GENERATE-PORTFOLIO-INFO: Core business logic SET port-create-date = ws-current-date SET port-last-maint = ws-current-date COMPUTE WS-STATUS-SUB = FUNCTION RANDOM * 3 + 1 SET port-status = ws-status-types(ws-status-sub:1)
PORTTEST::2400-GENERATE-FINANCIAL-INFO,PORTTEST,2400-GENERATE-FINANCIAL-INFO,,107,114,0,False,False,False,False,False,False,False,-- Paragraph 2400-GENERATE-FINANCIAL-INFO: Core business logic COMPUTE PORT-TOTAL-VALUE = COMPUTE PORT-CASH-BALANCE =
PORTTEST::3000-TERMINATE,PORTTEST,3000-TERMINATE,,115,119,0,False,False,False,False,False,False,False,-- Paragraph 3000-TERMINATE: Core business logic CLOSE test-file
PORTTRAN::0000-MAIN,PORTTRAN,0000-MAIN,,60,73,1,False,False,False,False,True,True,False,-- Paragraph 0000-MAIN: Core business logic CALL 1000-initialize IF WS-TRAN-STATUS = '00' THEN CALL 2000-process-transactions CALL 3000-terminate RETURN to caller
PORTTRAN::1000-INITIALIZE,PORTTRAN,1000-INITIALIZE,,74,91,2,False,False,False,False,False,False,False,-- Paragraph 1000-INITIALIZE: Initialisation and setup IF WS-TRAN-STATUS NOT = '00' THEN CALL 9000-error-routine IF WS-PORT-STATUS NOT = '00' THEN CALL 9000-error-routine
PORTTRAN::2000-PROCESS-TRANSACTIONS,PORTTRAN,2000-PROCESS-TRANSACTIONS,,92,101,3,False,False,False,False,False,False,False,-- Paragraph 2000-PROCESS-TRANSACTIONS: Main processing logic READ next record from transaction-file INCREMENT ws-read-count BY 1 CALL 2100-validate-transaction
PORTTRAN::2100-VALIDATE-TRANSACTION,PORTTRAN,2100-VALIDATE-TRANSACTION,,102,119,4,False,False,False,False,False,False,False,-- Paragraph 2100-VALIDATE-TRANSACTION: Validation logic INITIALIZE err-text (special value) CALL 2110-check-portfolio IF ERR-TEXT = SPACES THEN CALL 2120-check-transaction-type IF ERR-TEXT = SPACES THEN CALL 2130-check-amounts IF ERR-TEXT = SPACES THEN INCREMENT ws-process-count BY 1 CALL 9000-erro
PORTTRAN::2110-CHECK-PORTFOLIO,PORTTRAN,2110-CHECK-PORTFOLIO,,120,135,3,False,False,False,False,False,False,False,-- Paragraph 2110-CHECK-PORTFOLIO: Core business logic IF TRN-PORTFOLIO-ID = SPACES THEN SET port-id = trn-portfolio-id READ next record from portfolio-file
PORTTRAN::2120-CHECK-TRANSACTION-TYPE,PORTTRAN,2120-CHECK-TRANSACTION-TYPE,,136,150,9,False,False,False,False,False,False,False,-- Paragraph 2120-CHECK-TRANSACTION-TYPE: Core business logic EVALUATE (TRN-TYPE)
PORTTRAN::2130-CHECK-AMOUNTS,PORTTRAN,2130-CHECK-AMOUNTS,,151,166,3,False,False,False,False,False,False,False,-- Paragraph 2130-CHECK-AMOUNTS: Core business logic IF TRN-QUANTITY <= ZERO THEN IF TRN-PRICE <= ZERO AND TRN-TYPE NOT = 'TR' THEN IF TRN-AMOUNT <= ZERO AND TRN-TYPE NOT = 'TR' THEN
PORTTRAN::2200-UPDATE-POSITIONS,PORTTRAN,2200-UPDATE-POSITIONS,,167,181,8,False,False,False,False,False,False,True,-- Paragraph 2200-UPDATE-POSITIONS: Core business logic EVALUATE (TRN-TYPE) CALL 2210-process-buy CALL 2220-process-sell CALL 2230-process-transfer CALL 2240-process-fee CALL 2300-update-audit-trail
PORTTRAN::2210-PROCESS-BUY,PORTTRAN,2210-PROCESS-BUY,,182,200,4,False,False,False,False,False,False,False,-- Paragraph 2210-PROCESS-BUY: Main processing logic SET port-id = trn-portfolio-id READ next record from portfolio-file CALL 9000-error-routine INCREMENT port-total-units BY trn-quantity INCREMENT port-total-cost BY trn-amount WRITE portfolio-record to output CALL 9000-error-routine
PORTTRAN::2220-PROCESS-SELL,PORTTRAN,2220-PROCESS-SELL,,201,225,5,False,False,False,False,False,False,False,-- Paragraph 2220-PROCESS-SELL: Main processing logic SET port-id = trn-portfolio-id READ next record from portfolio-file CALL 9000-error-routine IF PORT-TOTAL-UNITS < TRN-QUANTITY THEN CALL 9000-error-routine DECREMENT port-total-units BY trn-quantity DECREMENT port-total-cost BY trn-amount WRITE p
PORTTRAN::2230-PROCESS-TRANSFER,PORTTRAN,2230-PROCESS-TRANSFER,,226,230,0,False,False,False,False,False,False,False,-- Paragraph 2230-PROCESS-TRANSFER: Main processing logic CALL 9000-error-routine
PORTTRAN::2240-PROCESS-FEE,PORTTRAN,2240-PROCESS-FEE,,231,248,4,False,False,False,False,False,False,False,-- Paragraph 2240-PROCESS-FEE: Main processing logic SET port-id = trn-portfolio-id READ next record from portfolio-file CALL 9000-error-routine DECREMENT port-total-cost BY trn-amount WRITE portfolio-record to output CALL 9000-error-routine
PORTTRAN::2300-UPDATE-AUDIT-TRAIL,PORTTRAN,2300-UPDATE-AUDIT-TRAIL,,249,291,10,False,False,False,False,False,False,False,-- Paragraph 2300-UPDATE-AUDIT-TRAIL: Core business logic SET aud-program = porttran SET aud-type = tran EVALUATE (TRN-TYPE) IF WS-PORT-STATUS = '00' THEN SET aud-status = succ SET aud-status = fail SET aud-portfolio-id = trn-portfolio-id SET aud-account-no = port-account-no SET aud-before-image = p
PORTTRAN::2310-WRITE-AUDIT-RECORD,PORTTRAN,2310-WRITE-AUDIT-RECORD,,292,301,4,False,False,False,False,False,False,False,-- Paragraph 2310-WRITE-AUDIT-RECORD: Write output records CALL AUDPROC IF RETURN-CODE NOT = ZERO THEN CALL 9000-error-routine
PORTTRAN::3000-TERMINATE,PORTTRAN,3000-TERMINATE,,302,310,2,False,False,False,False,False,False,False,-- Paragraph 3000-TERMINATE: Core business logic CLOSE transaction-file
PORTTRAN::9000-ERROR-ROUTINE,PORTTRAN,9000-ERROR-ROUTINE,,311,317,1,False,False,False,False,False,False,False,-- Paragraph 9000-ERROR-ROUTINE: Error handling INCREMENT ws-error-count BY 1 SET err-category = err-cat-proc SET err-program = porttran CALL ERRPROC
PORTUPDT::0000-MAIN,PORTUPDT,0000-MAIN,,83,92,0,False,False,False,False,True,True,False,-- Paragraph 0000-MAIN: Core business logic CALL 1000-initialize CALL 2000-process CALL 3000-terminate
PORTUPDT::1000-INITIALIZE,PORTUPDT,1000-INITIALIZE,,93,108,1,False,False,False,False,False,False,False,-- Paragraph 1000-INITIALIZE: Initialisation and setup IF NOT WS-SUCCESS-STATUS OR THEN SET ws-return-code = ws-error CALL 3000-terminate
PORTUPDT::2000-PROCESS,PORTUPDT,2000-PROCESS,,109,117,2,False,False,False,False,False,False,False,-- Paragraph 2000-PROCESS: Main processing logic READ next record from update-file CALL 2100-process-update
PORTUPDT::2100-PROCESS-UPDATE,PORTUPDT,2100-PROCESS-UPDATE,,118,130,3,False,False,False,False,False,False,False,-- Paragraph 2100-PROCESS-UPDATE: Main processing logic SET port-key = updt-key READ next record from portfolio-file IF WS-SUCCESS-STATUS THEN CALL 2200-apply-update INCREMENT ws-error-count BY 1
PORTUPDT::2200-APPLY-UPDATE,PORTUPDT,2200-APPLY-UPDATE,,131,151,10,False,False,False,False,False,False,False,-- Paragraph 2200-APPLY-UPDATE: Core business logic EVALUATE (TRUE) SET port-status = updt-new-value SET port-client-name = updt-new-value SET ws-numeric-work = updt-new-value SET port-total-value = ws-numeric-work WRITE port-record to output IF WS-SUCCESS-STATUS THEN INCREMENT ws-update-count BY 1 
PORTUPDT::3000-TERMINATE,PORTUPDT,3000-TERMINATE,,152,160,0,False,False,False,False,False,False,False,-- Paragraph 3000-TERMINATE: Core business logic CLOSE portfolio-file SET return-code = ws-return-code
PORTVALD::0000-MAIN,PORTVALD,0000-MAIN,,32,51,9,False,False,False,False,True,True,False,-- Paragraph 0000-MAIN: Core business logic EVALUATE (TRUE) CALL 1000-validate-id CALL 2000-validate-account CALL 3000-validate-type CALL 4000-validate-amount SET ls-return-code = val-invalid-id RETURN to caller
PORTVALD::1000-VALIDATE-ID,PORTVALD,1000-VALIDATE-ID,,52,72,2,False,False,False,False,False,False,False,-- Paragraph 1000-VALIDATE-ID: Validation logic IF LS-INPUT-VALUE(1:4) NOT = VAL-ID-PREFIX THEN SET ls-return-code = val-invalid-id SET ls-error-msg = val-err-id SET val-numeric-check = ls-input-value(5:4) IF VAL-NUMERIC-CHECK IS NOT NUMERIC THEN SET ls-return-code = val-invalid-id SET ls-error-msg 
PORTVALD::2000-VALIDATE-ACCOUNT,PORTVALD,2000-VALIDATE-ACCOUNT,,73,87,1,False,False,False,False,False,False,False,-- Paragraph 2000-VALIDATE-ACCOUNT: Validation logic IF LS-INPUT-VALUE IS NOT NUMERIC THEN SET ls-return-code = val-invalid-acct SET ls-error-msg = val-err-acct SET ls-return-code = val-success INITIALIZE ls-error-msg (special value)
PORTVALD::3000-VALIDATE-TYPE,PORTVALD,3000-VALIDATE-TYPE,,88,104,1,False,False,False,False,False,False,False,-- Paragraph 3000-VALIDATE-TYPE: Validation logic IF LS-INPUT-VALUE NOT = 'STK' THEN SET ls-return-code = val-invalid-type SET ls-error-msg = val-err-type SET ls-return-code = val-success INITIALIZE ls-error-msg (special value)
PORTVALD::4000-VALIDATE-AMOUNT,PORTVALD,4000-VALIDATE-AMOUNT,,105,120,1,False,False,False,False,False,False,False,-- Paragraph 4000-VALIDATE-AMOUNT: Validation logic SET val-temp-num = ls-input-value IF VAL-TEMP-NUM < VAL-MIN-AMOUNT THEN SET ls-return-code = val-invalid-amt SET ls-error-msg = val-err-amt SET ls-return-code = val-success INITIALIZE ls-error-msg (special value)
TSTGEN00::0000-MAIN,TSTGEN00,0000-MAIN,,109,114,0,False,False,False,False,True,True,False,-- Paragraph 0000-MAIN: Core business logic CALL 1000-initialize CALL 2000-process CALL 3000-cleanup
TSTGEN00::1000-INITIALIZE,TSTGEN00,1000-INITIALIZE,,115,119,0,False,False,False,False,False,False,False,-- Paragraph 1000-INITIALIZE: Initialisation and setup CALL 1100-open-files CALL 1200-init-random CALL 1300-init-counters
TSTGEN00::1100-OPEN-FILES,TSTGEN00,1100-OPEN-FILES,,120,148,4,False,False,False,False,False,False,False,-- Paragraph 1100-OPEN-FILES: Open files and resources IF WS-CFG-STATUS NOT = '00' THEN CALL 9999-error-handler IF WS-PORT-STATUS NOT = '00' THEN CALL 9999-error-handler IF WS-TRAN-STATUS NOT = '00' THEN CALL 9999-error-handler IF WS-RAND-STATUS NOT = '00' THEN CALL 9999-error-handler
TSTGEN00::1200-INIT-RANDOM,TSTGEN00,1200-INIT-RANDOM,,149,152,1,False,False,False,False,False,False,False,-- Paragraph 1200-INIT-RANDOM: Initialisation and setup READ next record from random-seed SET ws-random-seed. = seed-record
TSTGEN00::1300-INIT-COUNTERS,TSTGEN00,1300-INIT-COUNTERS,,153,155,0,False,False,False,False,False,False,False,-- Paragraph 1300-INIT-COUNTERS: Initialisation and setup -- [paragraph logic]
TSTGEN00::2000-PROCESS,TSTGEN00,2000-PROCESS,,156,163,3,False,False,False,False,False,False,False,-- Paragraph 2000-PROCESS: Main processing logic CALL until READ next record from test-config CALL 2100-generate-test-data
TSTGEN00::2100-GENERATE-TEST-DATA,TSTGEN00,2100-GENERATE-TEST-DATA,,166,181,9,False,False,False,False,False,False,False,-- Paragraph 2100-GENERATE-TEST-DATA: Core business logic EVALUATE (CFG-TEST-TYPE) CALL 2200-gen-portfolio CALL 2300-gen-transaction CALL 2400-gen-error-data CALL 2500-gen-volume-data CALL 9999-error-handler
TSTGEN00::2200-GEN-PORTFOLIO,TSTGEN00,2200-GEN-PORTFOLIO,,182,186,2,False,False,False,False,False,False,False,-- Paragraph 2200-GEN-PORTFOLIO: Core business logic CALL varying CALL 2210-gen-port-data CALL 2220-write-port-record
TSTGEN00::2300-GEN-TRANSACTION,TSTGEN00,2300-GEN-TRANSACTION,,189,193,2,False,False,False,False,False,False,False,-- Paragraph 2300-GEN-TRANSACTION: Core business logic CALL varying CALL 2310-gen-tran-data CALL 2320-write-tran-record
TSTGEN00::2400-GEN-ERROR-DATA,TSTGEN00,2400-GEN-ERROR-DATA,,196,199,0,False,False,False,False,False,False,False,-- Paragraph 2400-GEN-ERROR-DATA: Error handling CALL 2410-gen-data-errors CALL 2420-gen-process-errors
TSTGEN00::2500-GEN-VOLUME-DATA,TSTGEN00,2500-GEN-VOLUME-DATA,,200,203,0,False,False,False,False,False,False,False,-- Paragraph 2500-GEN-VOLUME-DATA: Core business logic CALL 2510-gen-large-portfolio CALL 2520-gen-large-transaction
TSTGEN00::3000-CLEANUP,TSTGEN00,3000-CLEANUP,,204,207,0,False,False,False,False,False,False,False,-- Paragraph 3000-CLEANUP: Core business logic CLOSE test-config
TSTGEN00::9999-ERROR-HANDLER,TSTGEN00,9999-ERROR-HANDLER,,210,216,1,False,False,False,False,False,True,False,-- Paragraph 9999-ERROR-HANDLER: Error handling INCREMENT ws-error-count BY 1 IF WS-ERROR-COUNT > 100 THEN SET return-code = 12 RETURN to caller
TSTGEN00::END-PERFORM,TSTGEN00,END-PERFORM,,194,195,0,False,False,False,False,False,False,True,-- Paragraph END-PERFORM: Core business logic -- [paragraph logic]
TSTGEN00::RANDOM-SEED,TSTGEN00,RANDOM-SEED,,208,209,0,False,False,False,False,False,False,True,-- Paragraph RANDOM-SEED: Core business logic -- [paragraph logic]
TSTVAL00::0000-MAIN,TSTVAL00,0000-MAIN,,128,133,0,False,False,False,False,True,True,False,-- Paragraph 0000-MAIN: Core business logic CALL 1000-initialize CALL 2000-process CALL 3000-cleanup
TSTVAL00::1000-INITIALIZE,TSTVAL00,1000-INITIALIZE,,134,138,1,False,False,False,False,False,False,False,-- Paragraph 1000-INITIALIZE: Initialisation and setup CALL 1100-open-files CALL 1200-write-headers CALL 1300-init-metrics
TSTVAL00::1100-OPEN-FILES,TSTVAL00,1100-OPEN-FILES,,139,167,4,False,False,False,False,False,False,False,-- Paragraph 1100-OPEN-FILES: Open files and resources IF WS-TEST-STATUS NOT = '00' THEN CALL 9999-error-handler IF WS-EXP-STATUS NOT = '00' THEN CALL 9999-error-handler IF WS-ACT-STATUS NOT = '00' THEN CALL 9999-error-handler IF WS-RPT-STATUS NOT = '00' THEN CALL 9999-error-handler
TSTVAL00::1200-WRITE-HEADERS,TSTVAL00,1200-WRITE-HEADERS,,168,171,3,False,False,False,False,False,False,False,-- Paragraph 1200-WRITE-HEADERS: Write output records WRITE report-record to output WRITE report-record to output
TSTVAL00::1300-INIT-METRICS,TSTVAL00,1300-INIT-METRICS,,172,175,0,False,False,False,False,False,False,False,-- Paragraph 1300-INIT-METRICS: Initialisation and setup -- [paragraph logic]
TSTVAL00::2000-PROCESS,TSTVAL00,2000-PROCESS,,176,186,4,False,False,False,False,False,False,False,-- Paragraph 2000-PROCESS: Main processing logic CALL until READ next record from test-cases CALL 2100-execute-test CALL 2900-write-summary
TSTVAL00::2100-EXECUTE-TEST,TSTVAL00,2100-EXECUTE-TEST,,187,205,10,False,False,False,False,False,False,False,-- Paragraph 2100-EXECUTE-TEST: Core business logic EVALUATE (TEST-TYPE) CALL 2200-run-functional-test CALL 2300-run-integration-test CALL 2400-run-performance-test CALL 2500-run-error-test CALL 9999-error-handler CALL 2600-validate-results CALL 2700-update-metrics CALL 2800-write-test-detail
TSTVAL00::2900-WRITE-SUMMARY,TSTVAL00,2900-WRITE-SUMMARY,,206,215,2,False,False,False,False,False,False,False,-- Paragraph 2900-WRITE-SUMMARY: Write output records COMPUTE WS-ELAPSED-TIME = WS-END-TIME - WS-START-TIME SET ws-total-out = ws-total-tests SET ws-passed-out = ws-tests-passed SET ws-failed-out = ws-tests-failed COMPUTE WS-SUCCESS-RATE = WRITE report-record to output
TSTVAL00::3000-CLEANUP,TSTVAL00,3000-CLEANUP,,216,219,0,False,False,False,False,False,False,False,-- Paragraph 3000-CLEANUP: Core business logic CLOSE test-cases
TSTVAL00::9999-ERROR-HANDLER,TSTVAL00,9999-ERROR-HANDLER,,222,225,0,False,False,False,False,False,True,False,-- Paragraph 9999-ERROR-HANDLER: Error handling SET return-code = 12
TSTVAL00::TEST-REPORT,TSTVAL00,TEST-REPORT,,220,221,0,False,False,False,False,False,False,True,-- Paragraph TEST-REPORT: Core business logic -- [paragraph logic]
UTLMNT00::0000-MAIN,UTLMNT00,0000-MAIN,,87,92,0,False,False,False,False,True,True,False,-- Paragraph 0000-MAIN: Core business logic CALL 1000-initialize CALL 2000-process CALL 3000-cleanup
UTLMNT00::1000-INITIALIZE,UTLMNT00,1000-INITIALIZE,,93,96,0,False,False,False,False,False,False,False,-- Paragraph 1000-INITIALIZE: Initialisation and setup CALL 1100-open-files CALL 1200-init-processing
UTLMNT00::1100-OPEN-FILES,UTLMNT00,1100-OPEN-FILES,,97,118,3,False,False,False,False,False,False,False,-- Paragraph 1100-OPEN-FILES: Open files and resources IF WS-CTL-STATUS NOT = '00' THEN CALL 9999-error-handler IF WS-ARCH-STATUS NOT = '00' THEN CALL 9999-error-handler IF WS-REPORT-STATUS NOT = '00' THEN CALL 9999-error-handler
UTLMNT00::1200-INIT-PROCESSING,UTLMNT00,1200-INIT-PROCESSING,,119,121,0,False,False,False,False,False,False,False,-- Paragraph 1200-INIT-PROCESSING: Initialisation and setup -- [paragraph logic]
UTLMNT00::2000-PROCESS,UTLMNT00,2000-PROCESS,,122,129,3,False,False,False,False,False,False,False,-- Paragraph 2000-PROCESS: Main processing logic CALL until READ next record from control-file CALL 2100-process-function
UTLMNT00::2100-PROCESS-FUNCTION,UTLMNT00,2100-PROCESS-FUNCTION,,132,147,9,False,False,False,False,False,False,False,-- Paragraph 2100-PROCESS-FUNCTION: Main processing logic EVALUATE (CTL-FUNCTION) CALL 2200-archive-process CALL 2300-cleanup-process CALL 2400-reorg-process CALL 2500-analyze-process CALL 9999-error-handler
UTLMNT00::2200-ARCHIVE-PROCESS,UTLMNT00,2200-ARCHIVE-PROCESS,,148,153,0,False,False,False,False,False,False,False,-- Paragraph 2200-ARCHIVE-PROCESS: Main processing logic SET ws-vsam-name = ctl-file-name CALL 2210-open-vsam CALL 2220-archive-records CALL 2230-close-vsam
UTLMNT00::2300-CLEANUP-PROCESS,UTLMNT00,2300-CLEANUP-PROCESS,,154,159,1,False,False,False,False,False,False,False,-- Paragraph 2300-CLEANUP-PROCESS: Main processing logic SET ws-vsam-name = ctl-file-name CALL 2310-analyze-space CALL 2320-delete-old CALL 2330-update-catalog
UTLMNT00::2400-REORG-PROCESS,UTLMNT00,2400-REORG-PROCESS,,160,165,1,False,False,False,False,False,False,False,-- Paragraph 2400-REORG-PROCESS: Main processing logic SET ws-vsam-name = ctl-file-name CALL 2410-export-data CALL 2420-delete-define CALL 2430-import-data
UTLMNT00::2500-ANALYZE-PROCESS,UTLMNT00,2500-ANALYZE-PROCESS,,166,170,0,False,False,False,False,False,False,False,-- Paragraph 2500-ANALYZE-PROCESS: Main processing logic SET ws-vsam-name = ctl-file-name CALL 2510-collect-stats CALL 2520-generate-report
UTLMNT00::3000-CLEANUP,UTLMNT00,3000-CLEANUP,,171,173,0,False,False,False,False,False,False,False,-- Paragraph 3000-CLEANUP: Core business logic CLOSE control-file
UTLMNT00::9999-ERROR-HANDLER,UTLMNT00,9999-ERROR-HANDLER,,176,182,1,False,False,False,False,False,True,False,-- Paragraph 9999-ERROR-HANDLER: Error handling INCREMENT ws-error-count BY 1 IF WS-ERROR-COUNT > 100 THEN SET return-code = 12 RETURN to caller
UTLMNT00::END-PERFORM,UTLMNT00,END-PERFORM,,130,131,0,False,False,False,False,False,False,True,-- Paragraph END-PERFORM: Core business logic -- [paragraph logic]
UTLMNT00::REPORT-FILE,UTLMNT00,REPORT-FILE,,174,175,0,False,False,False,False,False,False,True,-- Paragraph REPORT-FILE: Core business logic -- [paragraph logic]
UTLMON00::0000-MAIN,UTLMON00,0000-MAIN,,128,133,0,False,False,False,False,True,True,False,-- Paragraph 0000-MAIN: Core business logic CALL 1000-initialize CALL 2000-process CALL 3000-cleanup
UTLMON00::1000-INITIALIZE,UTLMON00,1000-INITIALIZE,,134,138,1,False,False,False,False,False,False,False,-- Paragraph 1000-INITIALIZE: Initialisation and setup CALL 1100-open-files CALL 1200-init-processing CALL 1300-read-config
UTLMON00::1100-OPEN-FILES,UTLMON00,1100-OPEN-FILES,,139,167,4,False,False,False,False,False,False,False,-- Paragraph 1100-OPEN-FILES: Open files and resources IF WS-CFG-STATUS NOT = '00' THEN CALL 9999-error-handler IF WS-LOG-STATUS NOT = '00' THEN CALL 9999-error-handler IF WS-ALERT-STATUS NOT = '00' THEN CALL 9999-error-handler IF WS-DB2-STATUS NOT = '00' THEN CALL 9999-error-handler
UTLMON00::1200-INIT-PROCESSING,UTLMON00,1200-INIT-PROCESSING,,168,170,0,False,False,False,False,False,False,False,-- Paragraph 1200-INIT-PROCESSING: Initialisation and setup -- [paragraph logic]
UTLMON00::1300-READ-CONFIG,UTLMON00,1300-READ-CONFIG,,171,178,4,False,False,False,False,False,False,False,-- Paragraph 1300-READ-CONFIG: Read input records CALL until READ next record from monitor-config CALL 1310-store-config
UTLMON00::2000-PROCESS,UTLMON00,2000-PROCESS,,181,188,1,False,False,False,False,False,False,False,-- Paragraph 2000-PROCESS: Main processing logic CALL 2100-collect-metrics CALL 2200-check-thresholds CALL 2300-log-status CALL 2400-generate-alerts CALL ILBOABN0 CALL 1200-init-processing
UTLMON00::2100-COLLECT-METRICS,UTLMON00,2100-COLLECT-METRICS,,189,194,0,False,False,False,False,False,False,False,-- Paragraph 2100-COLLECT-METRICS: Core business logic CALL 2110-get-cpu-metrics CALL 2120-get-memory-metrics CALL 2130-get-dasd-metrics CALL 2140-get-db2-metrics
UTLMON00::2200-CHECK-THRESHOLDS,UTLMON00,2200-CHECK-THRESHOLDS,,195,200,0,False,False,False,False,False,False,False,-- Paragraph 2200-CHECK-THRESHOLDS: Core business logic CALL 2210-check-utilization CALL 2220-check-response CALL 2230-check-queues CALL 2240-check-errors
UTLMON00::2300-LOG-STATUS,UTLMON00,2300-LOG-STATUS,,201,205,0,False,False,False,False,False,False,False,-- Paragraph 2300-LOG-STATUS: Core business logic SET log-timestamp = ws-timestamp CALL 2310-log-resources CALL 2320-log-performance
UTLMON00::2400-GENERATE-ALERTS,UTLMON00,2400-GENERATE-ALERTS,,206,211,2,False,False,False,False,False,False,False,-- Paragraph 2400-GENERATE-ALERTS: Core business logic IF THRESHOLD-MET THEN CALL 2410-format-alert CALL 2420-write-alert
UTLMON00::3000-CLEANUP,UTLMON00,3000-CLEANUP,,212,215,0,False,False,False,False,False,False,False,-- Paragraph 3000-CLEANUP: Core business logic CLOSE monitor-config
UTLMON00::9999-ERROR-HANDLER,UTLMON00,9999-ERROR-HANDLER,,218,221,0,False,False,False,False,False,True,False,-- Paragraph 9999-ERROR-HANDLER: Error handling SET return-code = 12
UTLMON00::DB2-STATS,UTLMON00,DB2-STATS,,216,217,0,False,False,False,False,False,False,True,-- Paragraph DB2-STATS: Core business logic -- [paragraph logic]
UTLMON00::END-PERFORM,UTLMON00,END-PERFORM,,179,180,0,False,False,False,False,False,False,True,-- Paragraph END-PERFORM: Core business logic -- [paragraph logic]
UTLVAL00::0000-MAIN,UTLVAL00,0000-MAIN,,96,101,0,False,False,False,False,True,True,False,-- Paragraph 0000-MAIN: Core business logic CALL 1000-initialize CALL 2000-process CALL 3000-cleanup
UTLVAL00::1000-INITIALIZE,UTLVAL00,1000-INITIALIZE,,102,105,0,False,False,False,False,False,False,False,-- Paragraph 1000-INITIALIZE: Initialisation and setup CALL 1100-open-files CALL 1200-init-processing
UTLVAL00::1100-OPEN-FILES,UTLVAL00,1100-OPEN-FILES,,106,134,4,False,False,False,False,False,False,False,-- Paragraph 1100-OPEN-FILES: Open files and resources IF WS-VAL-STATUS NOT = '00' THEN CALL 9999-error-handler IF WS-POS-STATUS NOT = '00' THEN CALL 9999-error-handler IF WS-TRAN-STATUS NOT = '00' THEN CALL 9999-error-handler IF WS-RPT-STATUS NOT = '00' THEN CALL 9999-error-handler
UTLVAL00::1200-INIT-PROCESSING,UTLVAL00,1200-INIT-PROCESSING,,135,137,0,False,False,False,False,False,False,False,-- Paragraph 1200-INIT-PROCESSING: Initialisation and setup -- [paragraph logic]
UTLVAL00::2000-PROCESS,UTLVAL00,2000-PROCESS,,138,145,3,False,False,False,False,False,False,False,-- Paragraph 2000-PROCESS: Main processing logic CALL until READ next record from validation-control CALL 2100-process-validation
UTLVAL00::2100-PROCESS-VALIDATION,UTLVAL00,2100-PROCESS-VALIDATION,,148,163,9,False,False,False,False,False,False,False,-- Paragraph 2100-PROCESS-VALIDATION: Main processing logic EVALUATE (VAL-TYPE) CALL 2200-check-integrity CALL 2300-check-xref CALL 2400-check-format CALL 2500-check-balance CALL 9999-error-handler
UTLVAL00::2200-CHECK-INTEGRITY,UTLVAL00,2200-CHECK-INTEGRITY,,164,167,0,False,False,False,False,False,False,False,-- Paragraph 2200-CHECK-INTEGRITY: Core business logic CALL 2210-check-position-integrity CALL 2220-check-transaction-integrity
UTLVAL00::2300-CHECK-XREF,UTLVAL00,2300-CHECK-XREF,,168,171,0,False,False,False,False,False,False,False,-- Paragraph 2300-CHECK-XREF: Core business logic CALL 2310-check-position-xref CALL 2320-check-transaction-xref
UTLVAL00::2400-CHECK-FORMAT,UTLVAL00,2400-CHECK-FORMAT,,172,175,0,False,False,False,False,False,False,False,-- Paragraph 2400-CHECK-FORMAT: Core business logic CALL 2410-check-position-format CALL 2420-check-transaction-format
UTLVAL00::2500-CHECK-BALANCE,UTLVAL00,2500-CHECK-BALANCE,,176,179,0,False,False,False,False,False,False,False,-- Paragraph 2500-CHECK-BALANCE: Core business logic CALL 2510-accumulate-positions CALL 2520-verify-balances
UTLVAL00::3000-CLEANUP,UTLVAL00,3000-CLEANUP,,180,183,0,False,False,False,False,False,False,False,-- Paragraph 3000-CLEANUP: Core business logic CLOSE validation-control
UTLVAL00::9999-ERROR-HANDLER,UTLVAL00,9999-ERROR-HANDLER,,186,190,1,False,False,False,False,False,False,False,-- Paragraph 9999-ERROR-HANDLER: Error handling INCREMENT ws-records-error BY 1 SET ws-err-desc = ws-error-message WRITE error-record to output
UTLVAL00::END-PERFORM,UTLVAL00,END-PERFORM,,146,147,0,False,False,False,False,False,False,True,-- Paragraph END-PERFORM: Core business logic -- [paragraph logic]
UTLVAL00::ERROR-REPORT,UTLVAL00,ERROR-REPORT,,184,185,0,False,False,False,False,False,False,True,-- Paragraph ERROR-REPORT: Error handling -- [paragraph logic]
