record_id,record_name,source_id,source_type,total_fields,total_bytes,has_redefines,has_occurs
REC-AUDITLOG-AUDIT-RECORD,AUDIT-RECORD,AUDITLOG,copybook,8,0,False,False
REC-BCHCON-BATCH-CONTROL-CONSTANTS,BATCH-CONTROL-CONSTANTS,BCHCON,copybook,8,0,False,False
REC-BCHCTL-BATCH-CONTROL-RECORD,BATCH-CONTROL-RECORD,BCHCTL,copybook,4,0,False,False
REC-CKPRST-CHECKPOINT-CONTROL,CHECKPOINT-CONTROL,CKPRST,copybook,5,0,False,False
REC-CKPRST-CHECKPOINT-RECORD,CHECKPOINT-RECORD,CKPRST,copybook,2,0,False,False
REC-COMMON-RETURN-CODES,RETURN-CODES,COMMON,copybook,5,0,False,False
REC-COMMON-STATUS-CODES,STATUS-CODES,COMMON,copybook,6,0,False,False
REC-COMMON-TRANSACTION-TYPES,TRANSACTION-TYPES,COMMON,copybook,4,0,False,False
REC-COMMON-COMMON-DATETIME,COMMON-DATETIME,COMMON,copybook,2,0,False,False
REC-COMMON-ERROR-HANDLING,ERROR-HANDLING,COMMON,copybook,4,0,False,False
REC-COMMON-AUDIT-FIELDS,AUDIT-FIELDS,COMMON,copybook,4,0,False,False
REC-COMMON-CURRENCY-CODES,CURRENCY-CODES,COMMON,copybook,5,0,False,False
REC-ERRHAND-ERR-CATEGORIES,ERR-CATEGORIES,ERRHAND,copybook,4,0,False,False
REC-ERRHAND-ERR-RETURN-CODES,ERR-RETURN-CODES,ERRHAND,copybook,5,0,False,False
REC-ERRHAND-ERR-MESSAGE,ERR-MESSAGE,ERRHAND,copybook,7,0,False,False
REC-ERRHAND-ERR-VSAM-STATUSES,ERR-VSAM-STATUSES,ERRHAND,copybook,4,0,False,False
REC-ERRHAND-ERR-VSAM-MSGS,ERR-VSAM-MSGS,ERRHAND,copybook,3,0,False,False
REC-HISTREC-HISTORY-RECORD,HISTORY-RECORD,HISTREC,copybook,4,0,False,False
REC-PORTFLIO-PORT-RECORD,PORT-RECORD,PORTFLIO,copybook,6,0,False,False
REC-PORTVAL-VAL-RETURN-CODES,VAL-RETURN-CODES,PORTVAL,copybook,5,0,False,False
REC-PORTVAL-VAL-ERROR-MESSAGES,VAL-ERROR-MESSAGES,PORTVAL,copybook,4,0,False,False
REC-PORTVAL-VAL-CONSTANTS,VAL-CONSTANTS,PORTVAL,copybook,3,0,False,False
REC-PORTVAL-VAL-WORK-AREAS,VAL-WORK-AREAS,PORTVAL,copybook,4,0,False,False
REC-POSREC-POSITION-RECORD,POSITION-RECORD,POSREC,copybook,4,0,False,False
REC-RETHND-RETURN-HANDLING,RETURN-HANDLING,RETHND,copybook,3,0,False,False
REC-RETHND-STD-ERROR-CODES,STD-ERROR-CODES,RETHND,copybook,10,0,False,False
REC-RTNCODE-RETURN-CODE-AREA,RETURN-CODE-AREA,RTNCODE,copybook,7,0,False,False
REC-TRNREC-TRANSACTION-RECORD,TRANSACTION-RECORD,TRNREC,copybook,4,0,False,False
REC-DBPROC-DB2-ERROR-HANDLING,DB2-ERROR-HANDLING,DBPROC,copybook,5,0,False,False
REC-DBTBLS-POSHIST-RECORD,POSHIST-RECORD,DBTBLS,copybook,18,0,False,False
REC-DBTBLS-ERRLOG-RECORD,ERRLOG-RECORD,DBTBLS,copybook,10,0,False,False
REC-SQLCA-SQL-STATUS-CODES,SQL-STATUS-CODES,SQLCA,copybook,7,0,False,False
REC-DB2REQ-DB2-REQUEST-AREA,DB2-REQUEST-AREA,DB2REQ,copybook,4,0,False,False
REC-ERRHND-ERROR-HANDLING,ERROR-HANDLING,ERRHND,copybook,9,0,False,False
REC-INQCOM-INQCOM-AREA,INQCOM-AREA,INQCOM,copybook,4,0,False,False
REC-PRCSEQ-PROCESS-SEQUENCE-RECORD,PROCESS-SEQUENCE-RECORD,PRCSEQ,copybook,6,0,False,False
REC-PRCSEQ-STANDARD-SEQUENCES,STANDARD-SEQUENCES,PRCSEQ,copybook,3,0,False,False
REC-BCHCTL00_WS-WS-FILE-STATUS,WS-FILE-STATUS,BCHCTL00_WS,program_ws,1,0,False,False
REC-BCHCTL00_WS-WS-BCT-STATUS,WS-BCT-STATUS,BCHCTL00_WS,program_ws,1,0,False,False
REC-BCHCTL00_WS-WS-WORK-AREAS,WS-WORK-AREAS,BCHCTL00_WS,program_ws,1,0,False,False
REC-BCHCTL00_WS-WS-CURRENT-TIME,WS-CURRENT-TIME,BCHCTL00_WS,program_ws,1,0,False,False
REC-BCHCTL00_WS-WS-PREREQ-MET,WS-PREREQ-MET,BCHCTL00_WS,program_ws,1,0,False,False
REC-BCHCTL00_WS-PREREQS-SATISFIED,PREREQS-SATISFIED,BCHCTL00_WS,program_ws,1,0,False,False
REC-BCHCTL00_WS-PREREQS-PENDING,PREREQS-PENDING,BCHCTL00_WS,program_ws,1,0,False,False
REC-BCHCTL00_WS-WS-PROCESS-MODE,WS-PROCESS-MODE,BCHCTL00_WS,program_ws,1,0,False,False
REC-BCHCTL00_WS-MODE-INITIALIZE,MODE-INITIALIZE,BCHCTL00_WS,program_ws,1,0,False,False
REC-BCHCTL00_WS-MODE-CHECK-PREREQ,MODE-CHECK-PREREQ,BCHCTL00_WS,program_ws,1,0,False,False
REC-BCHCTL00_WS-MODE-UPDATE-STATUS,MODE-UPDATE-STATUS,BCHCTL00_WS,program_ws,1,0,False,False
REC-BCHCTL00_WS-MODE-FINALIZE,MODE-FINALIZE,BCHCTL00_WS,program_ws,1,0,False,False
REC-CKPRST_WS-WS-FILE-STATUS,WS-FILE-STATUS,CKPRST_WS,program_ws,1,0,False,False
REC-HISTLD00_WS-WS-FILE-STATUS,WS-FILE-STATUS,HISTLD00_WS,program_ws,1,0,False,False
REC-HISTLD00_WS-WS-TH-STATUS,WS-TH-STATUS,HISTLD00_WS,program_ws,1,0,False,False
REC-HISTLD00_WS-WS-BCT-STATUS,WS-BCT-STATUS,HISTLD00_WS,program_ws,1,0,False,False
REC-HISTLD00_WS-WS-COUNTERS,WS-COUNTERS,HISTLD00_WS,program_ws,1,0,False,False
REC-HISTLD00_WS-WS-RECORDS-READ,WS-RECORDS-READ,HISTLD00_WS,program_ws,1,0,False,False
REC-HISTLD00_WS-WS-RECORDS-WRITTEN,WS-RECORDS-WRITTEN,HISTLD00_WS,program_ws,1,0,False,False
REC-HISTLD00_WS-WS-ERROR-COUNT,WS-ERROR-COUNT,HISTLD00_WS,program_ws,1,0,False,False
REC-HISTLD00_WS-WS-COMMIT-COUNT,WS-COMMIT-COUNT,HISTLD00_WS,program_ws,1,0,False,False
REC-HISTLD00_WS-WS-COMMIT-THRESHOLD,WS-COMMIT-THRESHOLD,HISTLD00_WS,program_ws,1,0,False,False
REC-HISTLD00_WS-WS-SWITCHES,WS-SWITCHES,HISTLD00_WS,program_ws,1,0,False,False
REC-HISTLD00_WS-WS-END-OF-FILE-SW,WS-END-OF-FILE-SW,HISTLD00_WS,program_ws,1,0,False,False
REC-HISTLD00_WS-END-OF-FILE,END-OF-FILE,HISTLD00_WS,program_ws,1,0,False,False
REC-HISTLD00_WS-MORE-RECORDS,MORE-RECORDS,HISTLD00_WS,program_ws,1,0,False,False
REC-PRCSEQ00_WS-WS-FILE-STATUS,WS-FILE-STATUS,PRCSEQ00_WS,program_ws,1,0,False,False
REC-PRCSEQ00_WS-WS-PSR-STATUS,WS-PSR-STATUS,PRCSEQ00_WS,program_ws,1,0,False,False
REC-PRCSEQ00_WS-WS-BCT-STATUS,WS-BCT-STATUS,PRCSEQ00_WS,program_ws,1,0,False,False
REC-PRCSEQ00_WS-WS-WORK-AREAS,WS-WORK-AREAS,PRCSEQ00_WS,program_ws,1,0,False,False
REC-PRCSEQ00_WS-WS-CURRENT-TIME,WS-CURRENT-TIME,PRCSEQ00_WS,program_ws,1,0,False,False
REC-PRCSEQ00_WS-WS-SEQUENCE-IX,WS-SEQUENCE-IX,PRCSEQ00_WS,program_ws,1,0,False,False
REC-PRCSEQ00_WS-WS-PROCESS-COUNT,WS-PROCESS-COUNT,PRCSEQ00_WS,program_ws,1,0,False,False
REC-PRCSEQ00_WS-WS-ACTIVE-COUNT,WS-ACTIVE-COUNT,PRCSEQ00_WS,program_ws,1,0,False,False
REC-PRCSEQ00_WS-WS-ERROR-COUNT,WS-ERROR-COUNT,PRCSEQ00_WS,program_ws,1,0,False,False
REC-PRCSEQ00_WS-WS-PROCESS-TABLE,WS-PROCESS-TABLE,PRCSEQ00_WS,program_ws,1,0,False,False
REC-PRCSEQ00_WS-WS-PROC-ENTRY,WS-PROC-ENTRY,PRCSEQ00_WS,program_ws,1,0,False,False
REC-PRCSEQ00_WS-WS-PROC-ID,WS-PROC-ID,PRCSEQ00_WS,program_ws,1,0,False,False
REC-PRCSEQ00_WS-WS-PROC-SEQ,WS-PROC-SEQ,PRCSEQ00_WS,program_ws,1,0,False,False
REC-PRCSEQ00_WS-WS-PROC-STATUS,WS-PROC-STATUS,PRCSEQ00_WS,program_ws,1,0,False,False
REC-PRCSEQ00_WS-WS-PROC-RC,WS-PROC-RC,PRCSEQ00_WS,program_ws,1,0,False,False
REC-RCVPRC00_WS-WS-FILE-STATUS,WS-FILE-STATUS,RCVPRC00_WS,program_ws,1,0,False,False
REC-RCVPRC00_WS-WS-BCT-STATUS,WS-BCT-STATUS,RCVPRC00_WS,program_ws,1,0,False,False
REC-RCVPRC00_WS-WS-PSR-STATUS,WS-PSR-STATUS,RCVPRC00_WS,program_ws,1,0,False,False
REC-RCVPRC00_WS-WS-WORK-AREAS,WS-WORK-AREAS,RCVPRC00_WS,program_ws,1,0,False,False
REC-RCVPRC00_WS-WS-CURRENT-TIME,WS-CURRENT-TIME,RCVPRC00_WS,program_ws,1,0,False,False
REC-RCVPRC00_WS-WS-RECOVERY-MODE,WS-RECOVERY-MODE,RCVPRC00_WS,program_ws,1,0,False,False
REC-RCVPRC00_WS-WS-RECOVER-PROCESS,WS-RECOVER-PROCESS,RCVPRC00_WS,program_ws,1,0,False,False
REC-RCVPRC00_WS-WS-RECOVER-SEQUENCE,WS-RECOVER-SEQUENCE,RCVPRC00_WS,program_ws,1,0,False,False
REC-RCVPRC00_WS-WS-RECOVER-ALL,WS-RECOVER-ALL,RCVPRC00_WS,program_ws,1,0,False,False
REC-RCVPRC00_WS-WS-RECOVERY-ACTION,WS-RECOVERY-ACTION,RCVPRC00_WS,program_ws,1,0,False,False
REC-RCVPRC00_WS-WS-ACTION-RESTART,WS-ACTION-RESTART,RCVPRC00_WS,program_ws,1,0,False,False
REC-RCVPRC00_WS-WS-ACTION-BYPASS,WS-ACTION-BYPASS,RCVPRC00_WS,program_ws,1,0,False,False
REC-RCVPRC00_WS-WS-ACTION-TERMINATE,WS-ACTION-TERMINATE,RCVPRC00_WS,program_ws,1,0,False,False
REC-RPTAUD00_WS-WS-FILE-STATUS,WS-FILE-STATUS,RPTAUD00_WS,program_ws,1,0,False,False
REC-RPTAUD00_WS-WS-AUDIT-STATUS,WS-AUDIT-STATUS,RPTAUD00_WS,program_ws,1,0,False,False
REC-RPTAUD00_WS-WS-ERROR-STATUS,WS-ERROR-STATUS,RPTAUD00_WS,program_ws,1,0,False,False
REC-RPTAUD00_WS-WS-REPORT-STATUS,WS-REPORT-STATUS,RPTAUD00_WS,program_ws,1,0,False,False
REC-RPTAUD00_WS-WS-REPORT-HEADERS,WS-REPORT-HEADERS,RPTAUD00_WS,program_ws,1,0,False,False
REC-RPTAUD00_WS-WS-HEADER1,WS-HEADER1,RPTAUD00_WS,program_ws,1,0,False,False
REC-RPTAUD00_WS-FILLER-52,FILLER-52,RPTAUD00_WS,program_ws,1,0,False,False
REC-RPTAUD00_WS-WS-HEADER2,WS-HEADER2,RPTAUD00_WS,program_ws,1,0,False,False
REC-RPTAUD00_WS-FILLER-54,FILLER-54,RPTAUD00_WS,program_ws,1,0,False,False
REC-RPTAUD00_WS-FILLER-55,FILLER-55,RPTAUD00_WS,program_ws,1,0,False,False
REC-RPTAUD00_WS-FILLER-57,FILLER-57,RPTAUD00_WS,program_ws,1,0,False,False
REC-RPTAUD00_WS-WS-HEADER3,WS-HEADER3,RPTAUD00_WS,program_ws,1,0,False,False
REC-RPTAUD00_WS-FILLER-59,FILLER-59,RPTAUD00_WS,program_ws,1,0,False,False
REC-RPTAUD00_WS-WS-REPORT-DATE,WS-REPORT-DATE,RPTAUD00_WS,program_ws,1,0,False,False
REC-RPTAUD00_WS-FILLER-61,FILLER-61,RPTAUD00_WS,program_ws,1,0,False,False
REC-RPTAUD00_WS-WS-AUDIT-DETAIL,WS-AUDIT-DETAIL,RPTAUD00_WS,program_ws,1,0,False,False
REC-RPTAUD00_WS-WS-AUD-TIMESTAMP,WS-AUD-TIMESTAMP,RPTAUD00_WS,program_ws,1,0,False,False
REC-RPTAUD00_WS-FILLER-65,FILLER-65,RPTAUD00_WS,program_ws,1,0,False,False
REC-RPTAUD00_WS-WS-AUD-PROGRAM,WS-AUD-PROGRAM,RPTAUD00_WS,program_ws,1,0,False,False
REC-RPTAUD00_WS-FILLER-67,FILLER-67,RPTAUD00_WS,program_ws,1,0,False,False
REC-RPTAUD00_WS-WS-AUD-TYPE,WS-AUD-TYPE,RPTAUD00_WS,program_ws,1,0,False,False
REC-RPTAUD00_WS-FILLER-69,FILLER-69,RPTAUD00_WS,program_ws,1,0,False,False
REC-RPTAUD00_WS-WS-AUD-MESSAGE,WS-AUD-MESSAGE,RPTAUD00_WS,program_ws,1,0,False,False
REC-RPTAUD00_WS-WS-ERROR-DETAIL,WS-ERROR-DETAIL,RPTAUD00_WS,program_ws,1,0,False,False
REC-RPTAUD00_WS-WS-ERR-TIMESTAMP,WS-ERR-TIMESTAMP,RPTAUD00_WS,program_ws,1,0,False,False
REC-RPTAUD00_WS-FILLER-74,FILLER-74,RPTAUD00_WS,program_ws,1,0,False,False
REC-RPTAUD00_WS-WS-ERR-PROGRAM,WS-ERR-PROGRAM,RPTAUD00_WS,program_ws,1,0,False,False
REC-RPTAUD00_WS-FILLER-76,FILLER-76,RPTAUD00_WS,program_ws,1,0,False,False
REC-RPTAUD00_WS-WS-ERR-CODE,WS-ERR-CODE,RPTAUD00_WS,program_ws,1,0,False,False
REC-RPTAUD00_WS-FILLER-78,FILLER-78,RPTAUD00_WS,program_ws,1,0,False,False
REC-RPTAUD00_WS-WS-ERR-MESSAGE,WS-ERR-MESSAGE,RPTAUD00_WS,program_ws,1,0,False,False
REC-RPTPOS00_WS-WS-FILE-STATUS,WS-FILE-STATUS,RPTPOS00_WS,program_ws,1,0,False,False
REC-RPTPOS00_WS-WS-POSITION-STATUS,WS-POSITION-STATUS,RPTPOS00_WS,program_ws,1,0,False,False
REC-RPTPOS00_WS-WS-TRAN-STATUS,WS-TRAN-STATUS,RPTPOS00_WS,program_ws,1,0,False,False
REC-RPTPOS00_WS-WS-REPORT-STATUS,WS-REPORT-STATUS,RPTPOS00_WS,program_ws,1,0,False,False
REC-RPTPOS00_WS-WS-REPORT-HEADERS,WS-REPORT-HEADERS,RPTPOS00_WS,program_ws,1,0,False,False
REC-RPTPOS00_WS-WS-HEADER1,WS-HEADER1,RPTPOS00_WS,program_ws,1,0,False,False
REC-RPTPOS00_WS-FILLER-53,FILLER-53,RPTPOS00_WS,program_ws,1,0,False,False
REC-RPTPOS00_WS-WS-HEADER2,WS-HEADER2,RPTPOS00_WS,program_ws,1,0,False,False
REC-RPTPOS00_WS-FILLER-55,FILLER-55,RPTPOS00_WS,program_ws,1,0,False,False
REC-RPTPOS00_WS-FILLER-56,FILLER-56,RPTPOS00_WS,program_ws,1,0,False,False
REC-RPTPOS00_WS-FILLER-58,FILLER-58,RPTPOS00_WS,program_ws,1,0,False,False
REC-RPTPOS00_WS-WS-HEADER3,WS-HEADER3,RPTPOS00_WS,program_ws,1,0,False,False
REC-RPTPOS00_WS-FILLER-60,FILLER-60,RPTPOS00_WS,program_ws,1,0,False,False
REC-RPTPOS00_WS-WS-REPORT-DATE,WS-REPORT-DATE,RPTPOS00_WS,program_ws,1,0,False,False
REC-RPTPOS00_WS-FILLER-62,FILLER-62,RPTPOS00_WS,program_ws,1,0,False,False
REC-RPTPOS00_WS-WS-POSITION-DETAIL,WS-POSITION-DETAIL,RPTPOS00_WS,program_ws,1,0,False,False
REC-RPTPOS00_WS-WS-POS-PORTFOLIO,WS-POS-PORTFOLIO,RPTPOS00_WS,program_ws,1,0,False,False
REC-RPTPOS00_WS-FILLER-66,FILLER-66,RPTPOS00_WS,program_ws,1,0,False,False
REC-RPTPOS00_WS-WS-POS-DESCRIPTION,WS-POS-DESCRIPTION,RPTPOS00_WS,program_ws,1,0,False,False
REC-RPTPOS00_WS-FILLER-68,FILLER-68,RPTPOS00_WS,program_ws,1,0,False,False
REC-RPTPOS00_WS-WS-POS-QUANTITY,WS-POS-QUANTITY,RPTPOS00_WS,program_ws,1,0,False,False
REC-RPTPOS00_WS-FILLER-70,FILLER-70,RPTPOS00_WS,program_ws,1,0,False,False
REC-RPTPOS00_WS-WS-POS-VALUE,WS-POS-VALUE,RPTPOS00_WS,program_ws,1,0,False,False
REC-RPTPOS00_WS-FILLER-72,FILLER-72,RPTPOS00_WS,program_ws,1,0,False,False
REC-RPTPOS00_WS-WS-POS-CHANGE-PCT,WS-POS-CHANGE-PCT,RPTPOS00_WS,program_ws,1,0,False,False
REC-RPTPOS00_WS-FILLER-74,FILLER-74,RPTPOS00_WS,program_ws,1,0,False,False
REC-RPTSTA00_WS-WS-FILE-STATUS,WS-FILE-STATUS,RPTSTA00_WS,program_ws,1,0,False,False
REC-RPTSTA00_WS-WS-DB2-STATUS,WS-DB2-STATUS,RPTSTA00_WS,program_ws,1,0,False,False
REC-RPTSTA00_WS-WS-BCH-STATUS,WS-BCH-STATUS,RPTSTA00_WS,program_ws,1,0,False,False
REC-RPTSTA00_WS-WS-REPORT-STATUS,WS-REPORT-STATUS,RPTSTA00_WS,program_ws,1,0,False,False
REC-RPTSTA00_WS-WS-REPORT-HEADERS,WS-REPORT-HEADERS,RPTSTA00_WS,program_ws,1,0,False,False
REC-RPTSTA00_WS-WS-HEADER1,WS-HEADER1,RPTSTA00_WS,program_ws,1,0,False,False
REC-RPTSTA00_WS-FILLER-53,FILLER-53,RPTSTA00_WS,program_ws,1,0,False,False
REC-RPTSTA00_WS-WS-HEADER2,WS-HEADER2,RPTSTA00_WS,program_ws,1,0,False,False
REC-RPTSTA00_WS-FILLER-55,FILLER-55,RPTSTA00_WS,program_ws,1,0,False,False
REC-RPTSTA00_WS-FILLER-56,FILLER-56,RPTSTA00_WS,program_ws,1,0,False,False
REC-RPTSTA00_WS-FILLER-58,FILLER-58,RPTSTA00_WS,program_ws,1,0,False,False
REC-RPTSTA00_WS-WS-HEADER3,WS-HEADER3,RPTSTA00_WS,program_ws,1,0,False,False
REC-RPTSTA00_WS-FILLER-60,FILLER-60,RPTSTA00_WS,program_ws,1,0,False,False
REC-RPTSTA00_WS-WS-REPORT-DATE,WS-REPORT-DATE,RPTSTA00_WS,program_ws,1,0,False,False
REC-RPTSTA00_WS-FILLER-62,FILLER-62,RPTSTA00_WS,program_ws,1,0,False,False
REC-RPTSTA00_WS-WS-PERFORMANCE-METRICS,WS-PERFORMANCE-METRICS,RPTSTA00_WS,program_ws,1,0,False,False
REC-RPTSTA00_WS-WS-DB2-METRICS,WS-DB2-METRICS,RPTSTA00_WS,program_ws,1,0,False,False
REC-RPTSTA00_WS-WS-DB2-CALLS,WS-DB2-CALLS,RPTSTA00_WS,program_ws,1,0,False,False
REC-RPTSTA00_WS-WS-DB2-ELAPSED,WS-DB2-ELAPSED,RPTSTA00_WS,program_ws,1,0,False,False
REC-RPTSTA00_WS-WS-DB2-CPU,WS-DB2-CPU,RPTSTA00_WS,program_ws,1,0,False,False
REC-RPTSTA00_WS-WS-DB2-WAIT,WS-DB2-WAIT,RPTSTA00_WS,program_ws,1,0,False,False
REC-RPTSTA00_WS-WS-BATCH-METRICS,WS-BATCH-METRICS,RPTSTA00_WS,program_ws,1,0,False,False
REC-RPTSTA00_WS-WS-BATCH-JOBS,WS-BATCH-JOBS,RPTSTA00_WS,program_ws,1,0,False,False
REC-RPTSTA00_WS-WS-BATCH-SUCCESS,WS-BATCH-SUCCESS,RPTSTA00_WS,program_ws,1,0,False,False
REC-RPTSTA00_WS-WS-BATCH-FAILED,WS-BATCH-FAILED,RPTSTA00_WS,program_ws,1,0,False,False
REC-RPTSTA00_WS-WS-BATCH-ELAPSED,WS-BATCH-ELAPSED,RPTSTA00_WS,program_ws,1,0,False,False
REC-RPTSTA00_WS-WS-DETAIL-LINES,WS-DETAIL-LINES,RPTSTA00_WS,program_ws,1,0,False,False
REC-RPTSTA00_WS-WS-DB2-DETAIL,WS-DB2-DETAIL,RPTSTA00_WS,program_ws,1,0,False,False
REC-RPTSTA00_WS-FILLER-78,FILLER-78,RPTSTA00_WS,program_ws,1,0,False,False
REC-RPTSTA00_WS-WS-DB2-CALLS-OUT,WS-DB2-CALLS-OUT,RPTSTA00_WS,program_ws,1,0,False,False
REC-RPTSTA00_WS-FILLER-80,FILLER-80,RPTSTA00_WS,program_ws,1,0,False,False
REC-RPTSTA00_WS-FILLER-81,FILLER-81,RPTSTA00_WS,program_ws,1,0,False,False
REC-RPTSTA00_WS-WS-DB2-AVG-RESP,WS-DB2-AVG-RESP,RPTSTA00_WS,program_ws,1,0,False,False
REC-RPTSTA00_WS-FILLER-83,FILLER-83,RPTSTA00_WS,program_ws,1,0,False,False
REC-RPTSTA00_WS-WS-BATCH-DETAIL,WS-BATCH-DETAIL,RPTSTA00_WS,program_ws,1,0,False,False
REC-RPTSTA00_WS-FILLER-86,FILLER-86,RPTSTA00_WS,program_ws,1,0,False,False
REC-RPTSTA00_WS-WS-BATCH-TOTAL,WS-BATCH-TOTAL,RPTSTA00_WS,program_ws,1,0,False,False
REC-RPTSTA00_WS-FILLER-88,FILLER-88,RPTSTA00_WS,program_ws,1,0,False,False
REC-RPTSTA00_WS-FILLER-89,FILLER-89,RPTSTA00_WS,program_ws,1,0,False,False
REC-RPTSTA00_WS-WS-SUCCESS-RATE,WS-SUCCESS-RATE,RPTSTA00_WS,program_ws,1,0,False,False
REC-RPTSTA00_WS-FILLER-91,FILLER-91,RPTSTA00_WS,program_ws,1,0,False,False
REC-RPTSTA00_WS-FILLER-92,FILLER-92,RPTSTA00_WS,program_ws,1,0,False,False
REC-RTNANA00_WS-WS-FILE-STATUS,WS-FILE-STATUS,RTNANA00_WS,program_ws,1,0,False,False
REC-RTNANA00_WS-WS-REPORT-STATUS,WS-REPORT-STATUS,RTNANA00_WS,program_ws,1,0,False,False
REC-RTNANA00_WS-WS-DB2-AREA,WS-DB2-AREA,RTNANA00_WS,program_ws,1,0,False,False
REC-RTNANA00_WS-WS-CURRENT-DATE-DATA,WS-CURRENT-DATE-DATA,RTNANA00_WS,program_ws,1,0,False,False
REC-RTNANA00_WS-WS-CURRENT-DATE,WS-CURRENT-DATE,RTNANA00_WS,program_ws,1,0,False,False
REC-RTNANA00_WS-WS-CURRENT-YEAR,WS-CURRENT-YEAR,RTNANA00_WS,program_ws,1,0,False,False
REC-RTNANA00_WS-WS-CURRENT-MONTH,WS-CURRENT-MONTH,RTNANA00_WS,program_ws,1,0,False,False
REC-RTNANA00_WS-WS-CURRENT-DAY,WS-CURRENT-DAY,RTNANA00_WS,program_ws,1,0,False,False
REC-RTNANA00_WS-WS-CURRENT-TIME,WS-CURRENT-TIME,RTNANA00_WS,program_ws,1,0,False,False
REC-RTNANA00_WS-WS-CURRENT-HOUR,WS-CURRENT-HOUR,RTNANA00_WS,program_ws,1,0,False,False
REC-RTNANA00_WS-WS-CURRENT-MINUTE,WS-CURRENT-MINUTE,RTNANA00_WS,program_ws,1,0,False,False
REC-RTNANA00_WS-WS-CURRENT-SECOND,WS-CURRENT-SECOND,RTNANA00_WS,program_ws,1,0,False,False
REC-RTNANA00_WS-WS-CURRENT-MS,WS-CURRENT-MS,RTNANA00_WS,program_ws,1,0,False,False
REC-RTNANA00_WS-WS-ANALYSIS-AREA,WS-ANALYSIS-AREA,RTNANA00_WS,program_ws,1,0,False,False
REC-RTNANA00_WS-WS-START-TIME,WS-START-TIME,RTNANA00_WS,program_ws,1,0,False,False
REC-RTNANA00_WS-WS-END-TIME,WS-END-TIME,RTNANA00_WS,program_ws,1,0,False,False
REC-RTNANA00_WS-WS-PROGRAM-COUNT,WS-PROGRAM-COUNT,RTNANA00_WS,program_ws,1,0,False,False
REC-RTNANA00_WS-WS-ERROR-COUNT,WS-ERROR-COUNT,RTNANA00_WS,program_ws,1,0,False,False
REC-RTNANA00_WS-WS-WARNING-COUNT,WS-WARNING-COUNT,RTNANA00_WS,program_ws,1,0,False,False
REC-RTNANA00_WS-WS-SUCCESS-COUNT,WS-SUCCESS-COUNT,RTNANA00_WS,program_ws,1,0,False,False
REC-RTNANA00_WS-WS-SEVERE-COUNT,WS-SEVERE-COUNT,RTNANA00_WS,program_ws,1,0,False,False
REC-RTNANA00_WS-WS-REPORT-LINES,WS-REPORT-LINES,RTNANA00_WS,program_ws,1,0,False,False
REC-RTNANA00_WS-WS-HEADER1,WS-HEADER1,RTNANA00_WS,program_ws,1,0,False,False
REC-RTNANA00_WS-FILLER-55,FILLER-55,RTNANA00_WS,program_ws,1,0,False,False
REC-RTNANA00_WS-WS-HEADER2,WS-HEADER2,RTNANA00_WS,program_ws,1,0,False,False
REC-RTNANA00_WS-FILLER-57,FILLER-57,RTNANA00_WS,program_ws,1,0,False,False
REC-RTNANA00_WS-FILLER-58,FILLER-58,RTNANA00_WS,program_ws,1,0,False,False
REC-RTNANA00_WS-FILLER-60,FILLER-60,RTNANA00_WS,program_ws,1,0,False,False
REC-RTNANA00_WS-WS-HEADER3,WS-HEADER3,RTNANA00_WS,program_ws,1,0,False,False
REC-RTNANA00_WS-FILLER-62,FILLER-62,RTNANA00_WS,program_ws,1,0,False,False
REC-RTNANA00_WS-WS-RPT-DATE,WS-RPT-DATE,RTNANA00_WS,program_ws,1,0,False,False
REC-RTNANA00_WS-FILLER-64,FILLER-64,RTNANA00_WS,program_ws,1,0,False,False
REC-RTNANA00_WS-FILLER-65,FILLER-65,RTNANA00_WS,program_ws,1,0,False,False
REC-RTNANA00_WS-WS-RPT-TIME,WS-RPT-TIME,RTNANA00_WS,program_ws,1,0,False,False
REC-RTNANA00_WS-FILLER-67,FILLER-67,RTNANA00_WS,program_ws,1,0,False,False
REC-RTNANA00_WS-WS-DETAIL-HDR,WS-DETAIL-HDR,RTNANA00_WS,program_ws,1,0,False,False
REC-RTNANA00_WS-FILLER-69,FILLER-69,RTNANA00_WS,program_ws,1,0,False,False
REC-RTNANA00_WS-FILLER-70,FILLER-70,RTNANA00_WS,program_ws,1,0,False,False
REC-RTNANA00_WS-FILLER-71,FILLER-71,RTNANA00_WS,program_ws,1,0,False,False
REC-RTNANA00_WS-FILLER-72,FILLER-72,RTNANA00_WS,program_ws,1,0,False,False
REC-RTNANA00_WS-FILLER-73,FILLER-73,RTNANA00_WS,program_ws,1,0,False,False
REC-RTNANA00_WS-FILLER-74,FILLER-74,RTNANA00_WS,program_ws,1,0,False,False
REC-RTNANA00_WS-FILLER-75,FILLER-75,RTNANA00_WS,program_ws,1,0,False,False
REC-RTNANA00_WS-FILLER-76,FILLER-76,RTNANA00_WS,program_ws,1,0,False,False
REC-RTNANA00_WS-FILLER-77,FILLER-77,RTNANA00_WS,program_ws,1,0,False,False
REC-RTNANA00_WS-FILLER-78,FILLER-78,RTNANA00_WS,program_ws,1,0,False,False
REC-RTNANA00_WS-FILLER-79,FILLER-79,RTNANA00_WS,program_ws,1,0,False,False
REC-RTNANA00_WS-FILLER-80,FILLER-80,RTNANA00_WS,program_ws,1,0,False,False
REC-RTNANA00_WS-WS-DETAIL-LINE,WS-DETAIL-LINE,RTNANA00_WS,program_ws,1,0,False,False
REC-RTNANA00_WS-WS-DTL-PROGRAM,WS-DTL-PROGRAM,RTNANA00_WS,program_ws,1,0,False,False
REC-RTNANA00_WS-FILLER-83,FILLER-83,RTNANA00_WS,program_ws,1,0,False,False
REC-RTNANA00_WS-WS-DTL-TOTAL,WS-DTL-TOTAL,RTNANA00_WS,program_ws,1,0,False,False
REC-RTNANA00_WS-FILLER-85,FILLER-85,RTNANA00_WS,program_ws,1,0,False,False
REC-RTNANA00_WS-WS-DTL-SUCCESS,WS-DTL-SUCCESS,RTNANA00_WS,program_ws,1,0,False,False
REC-RTNANA00_WS-FILLER-87,FILLER-87,RTNANA00_WS,program_ws,1,0,False,False
REC-RTNANA00_WS-WS-DTL-WARNING,WS-DTL-WARNING,RTNANA00_WS,program_ws,1,0,False,False
REC-RTNANA00_WS-FILLER-89,FILLER-89,RTNANA00_WS,program_ws,1,0,False,False
REC-RTNANA00_WS-WS-DTL-ERROR,WS-DTL-ERROR,RTNANA00_WS,program_ws,1,0,False,False
REC-RTNANA00_WS-FILLER-91,FILLER-91,RTNANA00_WS,program_ws,1,0,False,False
REC-RTNANA00_WS-WS-DTL-SEVERE,WS-DTL-SEVERE,RTNANA00_WS,program_ws,1,0,False,False
REC-RTNANA00_WS-FILLER-93,FILLER-93,RTNANA00_WS,program_ws,1,0,False,False
REC-RTNCDE00_WS-WS-CURRENT-TIME,WS-CURRENT-TIME,RTNCDE00_WS,program_ws,1,0,False,False
REC-RTNCDE00_WS-WS-CURRENT-DATE,WS-CURRENT-DATE,RTNCDE00_WS,program_ws,1,0,False,False
REC-RTNCDE00_WS-WS-CURRENT-YEAR,WS-CURRENT-YEAR,RTNCDE00_WS,program_ws,1,0,False,False
REC-RTNCDE00_WS-WS-CURRENT-MONTH,WS-CURRENT-MONTH,RTNCDE00_WS,program_ws,1,0,False,False
REC-RTNCDE00_WS-WS-CURRENT-DAY,WS-CURRENT-DAY,RTNCDE00_WS,program_ws,1,0,False,False
REC-RTNCDE00_WS-WS-CURRENT-HOURS,WS-CURRENT-HOURS,RTNCDE00_WS,program_ws,1,0,False,False
REC-RTNCDE00_WS-WS-CURRENT-MINUTES,WS-CURRENT-MINUTES,RTNCDE00_WS,program_ws,1,0,False,False
REC-RTNCDE00_WS-WS-CURRENT-SECONDS,WS-CURRENT-SECONDS,RTNCDE00_WS,program_ws,1,0,False,False
REC-RTNCDE00_WS-WS-CURRENT-MILLISEC,WS-CURRENT-MILLISEC,RTNCDE00_WS,program_ws,1,0,False,False
REC-RTNCDE00_WS-WS-DB2-AREA,WS-DB2-AREA,RTNCDE00_WS,program_ws,1,0,False,False
REC-AUDPROC_WS-WS-FILE-STATUS,WS-FILE-STATUS,AUDPROC_WS,program_ws,1,0,False,False
REC-AUDPROC_WS-WS-FORMATTED-TIME,WS-FORMATTED-TIME,AUDPROC_WS,program_ws,1,0,False,False
REC-DB2CMT_WS-WS-SAVEPOINT-ID,WS-SAVEPOINT-ID,DB2CMT_WS,program_ws,1,0,False,False
REC-DB2CMT_WS-WS-COMMIT-STATS,WS-COMMIT-STATS,DB2CMT_WS,program_ws,1,0,False,False
REC-DB2CMT_WS-WS-COMMIT-COUNT,WS-COMMIT-COUNT,DB2CMT_WS,program_ws,1,0,False,False
REC-DB2CMT_WS-WS-ROLLBACK-COUNT,WS-ROLLBACK-COUNT,DB2CMT_WS,program_ws,1,0,False,False
REC-DB2CMT_WS-WS-SAVEPOINT-COUNT,WS-SAVEPOINT-COUNT,DB2CMT_WS,program_ws,1,0,False,False
REC-DB2CMT_WS-WS-CURRENT-TIMESTAMP,WS-CURRENT-TIMESTAMP,DB2CMT_WS,program_ws,1,0,False,False
REC-DB2CONN_WS-WS-DB-NAME,WS-DB-NAME,DB2CONN_WS,program_ws,1,0,False,False
REC-DB2CONN_WS-WS-PLAN-NAME,WS-PLAN-NAME,DB2CONN_WS,program_ws,1,0,False,False
REC-DB2CONN_WS-WS-CONNECTION-STATE,WS-CONNECTION-STATE,DB2CONN_WS,program_ws,1,0,False,False
REC-DB2CONN_WS-WS-CONNECTED,WS-CONNECTED,DB2CONN_WS,program_ws,1,0,False,False
REC-DB2CONN_WS-WS-DISCONNECTED,WS-DISCONNECTED,DB2CONN_WS,program_ws,1,0,False,False
REC-DB2CONN_WS-WS-RETRY-COUNT,WS-RETRY-COUNT,DB2CONN_WS,program_ws,1,0,False,False
REC-DB2CONN_WS-WS-MAX-RETRIES,WS-MAX-RETRIES,DB2CONN_WS,program_ws,1,0,False,False
REC-DB2ERR_WS-WS-ERRLOG-REC,WS-ERRLOG-REC,DB2ERR_WS,program_ws,1,0,False,False
REC-DB2ERR_WS-WS-CURRENT-TIMESTAMP,WS-CURRENT-TIMESTAMP,DB2ERR_WS,program_ws,1,0,False,False
REC-DB2ERR_WS-WS-FORMATTED-SQLCODE,WS-FORMATTED-SQLCODE,DB2ERR_WS,program_ws,1,0,False,False
REC-DB2ERR_WS-WS-ERROR-CATEGORIES,WS-ERROR-CATEGORIES,DB2ERR_WS,program_ws,1,0,False,False
REC-DB2ERR_WS-WS-DEADLOCK,WS-DEADLOCK,DB2ERR_WS,program_ws,1,0,False,False
REC-DB2ERR_WS-WS-TIMEOUT,WS-TIMEOUT,DB2ERR_WS,program_ws,1,0,False,False
REC-DB2ERR_WS-WS-CONNECTION-ERROR,WS-CONNECTION-ERROR,DB2ERR_WS,program_ws,1,0,False,False
REC-DB2ERR_WS-WS-DUP-KEY,WS-DUP-KEY,DB2ERR_WS,program_ws,1,0,False,False
REC-DB2ERR_WS-WS-NOT-FOUND,WS-NOT-FOUND,DB2ERR_WS,program_ws,1,0,False,False
REC-DB2STAT_WS-WS-STATS-RECORD,WS-STATS-RECORD,DB2STAT_WS,program_ws,1,0,False,False
REC-DB2STAT_WS-WS-PROGRAM-ID,WS-PROGRAM-ID,DB2STAT_WS,program_ws,1,0,False,False
REC-DB2STAT_WS-WS-START-TIME,WS-START-TIME,DB2STAT_WS,program_ws,1,0,False,False
REC-DB2STAT_WS-WS-END-TIME,WS-END-TIME,DB2STAT_WS,program_ws,1,0,False,False
REC-DB2STAT_WS-WS-ROWS-READ,WS-ROWS-READ,DB2STAT_WS,program_ws,1,0,False,False
REC-DB2STAT_WS-WS-ROWS-INSERTED,WS-ROWS-INSERTED,DB2STAT_WS,program_ws,1,0,False,False
REC-DB2STAT_WS-WS-ROWS-UPDATED,WS-ROWS-UPDATED,DB2STAT_WS,program_ws,1,0,False,False
REC-DB2STAT_WS-WS-ROWS-DELETED,WS-ROWS-DELETED,DB2STAT_WS,program_ws,1,0,False,False
REC-DB2STAT_WS-WS-COMMITS,WS-COMMITS,DB2STAT_WS,program_ws,1,0,False,False
REC-DB2STAT_WS-WS-ROLLBACKS,WS-ROLLBACKS,DB2STAT_WS,program_ws,1,0,False,False
REC-DB2STAT_WS-WS-CPU-TIME,WS-CPU-TIME,DB2STAT_WS,program_ws,1,0,False,False
REC-DB2STAT_WS-WS-ELAPSED-TIME,WS-ELAPSED-TIME,DB2STAT_WS,program_ws,1,0,False,False
REC-DB2STAT_WS-WS-CURRENT-TIMESTAMP,WS-CURRENT-TIMESTAMP,DB2STAT_WS,program_ws,1,0,False,False
REC-DB2STAT_WS-WS-START-TIMESTAMP,WS-START-TIMESTAMP,DB2STAT_WS,program_ws,1,0,False,False
REC-DB2STAT_WS-WS-FORMATTED-TIME,WS-FORMATTED-TIME,DB2STAT_WS,program_ws,1,0,False,False
REC-ERRPROC_WS-WS-WORK-AREAS,WS-WORK-AREAS,ERRPROC_WS,program_ws,1,0,False,False
REC-ERRPROC_WS-WS-LOG-STATUS,WS-LOG-STATUS,ERRPROC_WS,program_ws,1,0,False,False
REC-ERRPROC_WS-WS-FORMATTED-TIME,WS-FORMATTED-TIME,ERRPROC_WS,program_ws,1,0,False,False
REC-CURSMGR_WS-WS-DB2-AREA,WS-DB2-AREA,CURSMGR_WS,program_ws,1,0,False,False
REC-CURSMGR_WS-WS-CURSOR-STATS,WS-CURSOR-STATS,CURSMGR_WS,program_ws,1,0,False,False
REC-CURSMGR_WS-WS-FETCH-COUNT,WS-FETCH-COUNT,CURSMGR_WS,program_ws,1,0,False,False
REC-CURSMGR_WS-WS-ROWS-FETCHED,WS-ROWS-FETCHED,CURSMGR_WS,program_ws,1,0,False,False
REC-CURSMGR_WS-WS-FETCH-TIME,WS-FETCH-TIME,CURSMGR_WS,program_ws,1,0,False,False
REC-CURSMGR_WS-WS-ARRAY-AREA,WS-ARRAY-AREA,CURSMGR_WS,program_ws,1,0,False,False
REC-CURSMGR_WS-WS-MAX-ROWS,WS-MAX-ROWS,CURSMGR_WS,program_ws,1,0,False,False
REC-CURSMGR_WS-WS-ARRAY-SIZE,WS-ARRAY-SIZE,CURSMGR_WS,program_ws,1,0,False,False
REC-DB2ONLN_WS-WS-DB2-AREA,WS-DB2-AREA,DB2ONLN_WS,program_ws,1,0,False,False
REC-DB2ONLN_WS-WS-POOL-STATS,WS-POOL-STATS,DB2ONLN_WS,program_ws,1,0,False,False
REC-DB2ONLN_WS-WS-TOTAL-CONNECTIONS,WS-TOTAL-CONNECTIONS,DB2ONLN_WS,program_ws,1,0,False,False
REC-DB2ONLN_WS-WS-ACTIVE-CONNECTIONS,WS-ACTIVE-CONNECTIONS,DB2ONLN_WS,program_ws,1,0,False,False
REC-DB2ONLN_WS-WS-AVAILABLE-CONNECTIONS,WS-AVAILABLE-CONNECTIONS,DB2ONLN_WS,program_ws,1,0,False,False
REC-DB2ONLN_WS-WS-MAX-CONNECTIONS,WS-MAX-CONNECTIONS,DB2ONLN_WS,program_ws,1,0,False,False
REC-DB2ONLN_WS-WS-ERROR-AREA,WS-ERROR-AREA,DB2ONLN_WS,program_ws,1,0,False,False
REC-DB2RECV_WS-WS-DB2-AREA,WS-DB2-AREA,DB2RECV_WS,program_ws,1,0,False,False
REC-DB2RECV_WS-WS-RECOVERY-STATS,WS-RECOVERY-STATS,DB2RECV_WS,program_ws,1,0,False,False
REC-DB2RECV_WS-WS-RETRY-COUNT,WS-RETRY-COUNT,DB2RECV_WS,program_ws,1,0,False,False
REC-DB2RECV_WS-WS-MAX-RETRIES,WS-MAX-RETRIES,DB2RECV_WS,program_ws,1,0,False,False
REC-DB2RECV_WS-WS-RETRY-INTERVAL,WS-RETRY-INTERVAL,DB2RECV_WS,program_ws,1,0,False,False
REC-DB2RECV_WS-WS-LAST-ERROR,WS-LAST-ERROR,DB2RECV_WS,program_ws,1,0,False,False
REC-DB2RECV_WS-WS-ERROR-AREA,WS-ERROR-AREA,DB2RECV_WS,program_ws,1,0,False,False
REC-DB2RECV_WS-WS-DB2-REQUEST,WS-DB2-REQUEST,DB2RECV_WS,program_ws,1,0,False,False
REC-ERRHNDL_WS-WS-ERROR-AREA,WS-ERROR-AREA,ERRHNDL_WS,program_ws,1,0,False,False
REC-ERRHNDL_WS-WS-DB2-AREA,WS-DB2-AREA,ERRHNDL_WS,program_ws,1,0,False,False
REC-ERRHNDL_WS-WS-ERRLOG-RECORD,WS-ERRLOG-RECORD,ERRHNDL_WS,program_ws,1,0,False,False
REC-ERRHNDL_WS-LOG-TIMESTAMP,LOG-TIMESTAMP,ERRHNDL_WS,program_ws,1,0,False,False
REC-ERRHNDL_WS-LOG-PROGRAM,LOG-PROGRAM,ERRHNDL_WS,program_ws,1,0,False,False
REC-ERRHNDL_WS-LOG-PARAGRAPH,LOG-PARAGRAPH,ERRHNDL_WS,program_ws,1,0,False,False
REC-ERRHNDL_WS-LOG-SQLCODE,LOG-SQLCODE,ERRHNDL_WS,program_ws,1,0,False,False
REC-ERRHNDL_WS-LOG-CICS-RESP,LOG-CICS-RESP,ERRHNDL_WS,program_ws,1,0,False,False
REC-ERRHNDL_WS-LOG-SEVERITY,LOG-SEVERITY,ERRHNDL_WS,program_ws,1,0,False,False
REC-ERRHNDL_WS-LOG-MESSAGE,LOG-MESSAGE,ERRHNDL_WS,program_ws,1,0,False,False
REC-ERRHNDL_WS-LOG-TRACE-ID,LOG-TRACE-ID,ERRHNDL_WS,program_ws,1,0,False,False
REC-INQHIST_WS-WS-COMMAREA,WS-COMMAREA,INQHIST_WS,program_ws,1,0,False,False
REC-INQHIST_WS-WS-DB2-AREA,WS-DB2-AREA,INQHIST_WS,program_ws,1,0,False,False
REC-INQHIST_WS-WS-HISTORY-TABLE,WS-HISTORY-TABLE,INQHIST_WS,program_ws,1,0,False,False
REC-INQHIST_WS-WS-HISTORY-ENTRY,WS-HISTORY-ENTRY,INQHIST_WS,program_ws,1,0,False,False
REC-INQHIST_WS-WS-TRANS-DATE,WS-TRANS-DATE,INQHIST_WS,program_ws,1,0,False,False
REC-INQHIST_WS-WS-TRANS-TYPE,WS-TRANS-TYPE,INQHIST_WS,program_ws,1,0,False,False
REC-INQHIST_WS-WS-TRANS-UNITS,WS-TRANS-UNITS,INQHIST_WS,program_ws,1,0,False,False
REC-INQHIST_WS-WS-TRANS-PRICE,WS-TRANS-PRICE,INQHIST_WS,program_ws,1,0,False,False
REC-INQHIST_WS-WS-TRANS-AMOUNT,WS-TRANS-AMOUNT,INQHIST_WS,program_ws,1,0,False,False
REC-INQHIST_WS-WS-FLAGS,WS-FLAGS,INQHIST_WS,program_ws,1,0,False,False
REC-INQHIST_WS-WS-RESPONSE-CODE,WS-RESPONSE-CODE,INQHIST_WS,program_ws,1,0,False,False
REC-INQHIST_WS-WS-MORE-HISTORY,WS-MORE-HISTORY,INQHIST_WS,program_ws,1,0,False,False
REC-INQHIST_WS-MORE-ROWS,MORE-ROWS,INQHIST_WS,program_ws,1,0,False,False
REC-INQHIST_WS-NO-MORE-ROWS,NO-MORE-ROWS,INQHIST_WS,program_ws,1,0,False,False
REC-INQHIST_WS-WS-ROW-COUNT,WS-ROW-COUNT,INQHIST_WS,program_ws,1,0,False,False
REC-INQHIST_WS-WS-DB2-REQUEST,WS-DB2-REQUEST,INQHIST_WS,program_ws,1,0,False,False
REC-INQHIST_WS-DB2-REQUEST-TYPE,DB2-REQUEST-TYPE,INQHIST_WS,program_ws,1,0,False,False
REC-INQHIST_WS-DB2-RESPONSE-CODE,DB2-RESPONSE-CODE,INQHIST_WS,program_ws,1,0,False,False
REC-INQHIST_WS-DB2-CONNECTION-TOKEN,DB2-CONNECTION-TOKEN,INQHIST_WS,program_ws,1,0,False,False
REC-INQHIST_WS-DB2-ERROR-INFO,DB2-ERROR-INFO,INQHIST_WS,program_ws,1,0,False,False
REC-INQHIST_WS-DB2-SQLCODE,DB2-SQLCODE,INQHIST_WS,program_ws,1,0,False,False
REC-INQHIST_WS-DB2-ERROR-MSG,DB2-ERROR-MSG,INQHIST_WS,program_ws,1,0,False,False
REC-INQHIST_WS-WS-CURSOR-REQUEST,WS-CURSOR-REQUEST,INQHIST_WS,program_ws,1,0,False,False
REC-INQHIST_WS-CURS-REQUEST-TYPE,CURS-REQUEST-TYPE,INQHIST_WS,program_ws,1,0,False,False
REC-INQHIST_WS-CURS-NAME,CURS-NAME,INQHIST_WS,program_ws,1,0,False,False
REC-INQHIST_WS-CURS-STMT,CURS-STMT,INQHIST_WS,program_ws,1,0,False,False
REC-INQHIST_WS-CURS-ARRAY-FETCH,CURS-ARRAY-FETCH,INQHIST_WS,program_ws,1,0,False,False
REC-INQHIST_WS-CURS-RESPONSE-CODE,CURS-RESPONSE-CODE,INQHIST_WS,program_ws,1,0,False,False
REC-INQHIST_WS-CURS-DATA-AREA,CURS-DATA-AREA,INQHIST_WS,program_ws,1,0,False,False
REC-INQHIST_WS-CURS-DATA-LENGTH,CURS-DATA-LENGTH,INQHIST_WS,program_ws,1,0,False,False
REC-INQHIST_WS-WS-RECOVERY-REQUEST,WS-RECOVERY-REQUEST,INQHIST_WS,program_ws,1,0,False,False
REC-INQHIST_WS-RECV-REQUEST-TYPE,RECV-REQUEST-TYPE,INQHIST_WS,program_ws,1,0,False,False
REC-INQHIST_WS-RECV-RESPONSE-CODE,RECV-RESPONSE-CODE,INQHIST_WS,program_ws,1,0,False,False
REC-INQHIST_WS-RECV-SQLCODE,RECV-SQLCODE,INQHIST_WS,program_ws,1,0,False,False
REC-INQHIST_WS-RECV-ERROR-INFO,RECV-ERROR-INFO,INQHIST_WS,program_ws,1,0,False,False
REC-INQHIST_WS-RECV-PROGRAM,RECV-PROGRAM,INQHIST_WS,program_ws,1,0,False,False
REC-INQHIST_WS-RECV-CURSOR,RECV-CURSOR,INQHIST_WS,program_ws,1,0,False,False
REC-INQHIST_WS-RECV-MESSAGE,RECV-MESSAGE,INQHIST_WS,program_ws,1,0,False,False
REC-INQHIST_WS-RECV-STATUS,RECV-STATUS,INQHIST_WS,program_ws,1,0,False,False
REC-INQHIST_WS-RECV-SUCCESS,RECV-SUCCESS,INQHIST_WS,program_ws,1,0,False,False
REC-INQHIST_WS-RECV-FAILED,RECV-FAILED,INQHIST_WS,program_ws,1,0,False,False
REC-INQHIST_WS-RECV-RETRY,RECV-RETRY,INQHIST_WS,program_ws,1,0,False,False
REC-INQONLN_WS-WS-COMMAREA,WS-COMMAREA,INQONLN_WS,program_ws,1,0,False,False
REC-INQONLN_WS-WS-FLAGS,WS-FLAGS,INQONLN_WS,program_ws,1,0,False,False
REC-INQONLN_WS-WS-END-OF-SESSION,WS-END-OF-SESSION,INQONLN_WS,program_ws,1,0,False,False
REC-INQONLN_WS-SESSION-ACTIVE,SESSION-ACTIVE,INQONLN_WS,program_ws,1,0,False,False
REC-INQONLN_WS-SESSION-TERMINATED,SESSION-TERMINATED,INQONLN_WS,program_ws,1,0,False,False
REC-INQONLN_WS-WS-RESPONSE-CODE,WS-RESPONSE-CODE,INQONLN_WS,program_ws,1,0,False,False
REC-INQONLN_WS-WS-ERROR-AREA,WS-ERROR-AREA,INQONLN_WS,program_ws,1,0,False,False
REC-INQONLN_WS-WS-SECURITY-REQUEST,WS-SECURITY-REQUEST,INQONLN_WS,program_ws,1,0,False,False
REC-INQONLN_WS-SEC-REQUEST-TYPE,SEC-REQUEST-TYPE,INQONLN_WS,program_ws,1,0,False,False
REC-INQONLN_WS-SEC-USER-ID,SEC-USER-ID,INQONLN_WS,program_ws,1,0,False,False
REC-INQONLN_WS-SEC-RESOURCE-NAME,SEC-RESOURCE-NAME,INQONLN_WS,program_ws,1,0,False,False
REC-INQONLN_WS-SEC-ACCESS-TYPE,SEC-ACCESS-TYPE,INQONLN_WS,program_ws,1,0,False,False
REC-INQONLN_WS-SEC-RESPONSE-CODE,SEC-RESPONSE-CODE,INQONLN_WS,program_ws,1,0,False,False
REC-INQONLN_WS-SEC-ERROR-INFO,SEC-ERROR-INFO,INQONLN_WS,program_ws,1,0,False,False
REC-INQPORT_WS-WS-COMMAREA,WS-COMMAREA,INQPORT_WS,program_ws,1,0,False,False
REC-INQPORT_WS-WS-POSITION-RECORD,WS-POSITION-RECORD,INQPORT_WS,program_ws,1,0,False,False
REC-INQPORT_WS-WS-DB2-POSITION,WS-DB2-POSITION,INQPORT_WS,program_ws,1,0,False,False
REC-INQPORT_WS-WS-FLAGS,WS-FLAGS,INQPORT_WS,program_ws,1,0,False,False
REC-INQPORT_WS-WS-RESPONSE-CODE,WS-RESPONSE-CODE,INQPORT_WS,program_ws,1,0,False,False
REC-INQPORT_WS-WS-POSITION-FOUND,WS-POSITION-FOUND,INQPORT_WS,program_ws,1,0,False,False
REC-INQPORT_WS-POSITION-EXISTS,POSITION-EXISTS,INQPORT_WS,program_ws,1,0,False,False
REC-INQPORT_WS-NO-POSITION,NO-POSITION,INQPORT_WS,program_ws,1,0,False,False
REC-INQPORT_WS-WS-MAP-FIELDS,WS-MAP-FIELDS,INQPORT_WS,program_ws,1,0,False,False
REC-INQPORT_WS-WS-ACCOUNT-LABEL,WS-ACCOUNT-LABEL,INQPORT_WS,program_ws,1,0,False,False
REC-INQPORT_WS-WS-FUND-LABEL,WS-FUND-LABEL,INQPORT_WS,program_ws,1,0,False,False
REC-INQPORT_WS-WS-UNITS-LABEL,WS-UNITS-LABEL,INQPORT_WS,program_ws,1,0,False,False
REC-INQPORT_WS-WS-COST-LABEL,WS-COST-LABEL,INQPORT_WS,program_ws,1,0,False,False
REC-INQPORT_WS-WS-VALUE-LABEL,WS-VALUE-LABEL,INQPORT_WS,program_ws,1,0,False,False
REC-SECMGR_WS-WS-DB2-AREA,WS-DB2-AREA,SECMGR_WS,program_ws,1,0,False,False
REC-SECMGR_WS-WS-SECURITY-AREA,WS-SECURITY-AREA,SECMGR_WS,program_ws,1,0,False,False
REC-SECMGR_WS-WS-USER-ID,WS-USER-ID,SECMGR_WS,program_ws,1,0,False,False
REC-SECMGR_WS-WS-TERMINAL-ID,WS-TERMINAL-ID,SECMGR_WS,program_ws,1,0,False,False
REC-SECMGR_WS-WS-TRANSACTION-ID,WS-TRANSACTION-ID,SECMGR_WS,program_ws,1,0,False,False
REC-SECMGR_WS-WS-PROGRAM-NAME,WS-PROGRAM-NAME,SECMGR_WS,program_ws,1,0,False,False
REC-SECMGR_WS-WS-ACCESS-TYPE,WS-ACCESS-TYPE,SECMGR_WS,program_ws,1,0,False,False
REC-SECMGR_WS-WS-TIMESTAMP,WS-TIMESTAMP,SECMGR_WS,program_ws,1,0,False,False
REC-SECMGR_WS-WS-ERROR-AREA,WS-ERROR-AREA,SECMGR_WS,program_ws,1,0,False,False
REC-PORTADD_WS-WS-CONSTANTS,WS-CONSTANTS,PORTADD_WS,program_ws,1,0,False,False
REC-PORTADD_WS-WS-PROGRAM-NAME,WS-PROGRAM-NAME,PORTADD_WS,program_ws,1,0,False,False
REC-PORTADD_WS-WS-SUCCESS,WS-SUCCESS,PORTADD_WS,program_ws,1,0,False,False
REC-PORTADD_WS-WS-ERROR,WS-ERROR,PORTADD_WS,program_ws,1,0,False,False
REC-PORTADD_WS-WS-SWITCHES,WS-SWITCHES,PORTADD_WS,program_ws,1,0,False,False
REC-PORTADD_WS-WS-FILE-STATUS,WS-FILE-STATUS,PORTADD_WS,program_ws,1,0,False,False
REC-PORTADD_WS-WS-SUCCESS-STATUS,WS-SUCCESS-STATUS,PORTADD_WS,program_ws,1,0,False,False
REC-PORTADD_WS-WS-DUP-STATUS,WS-DUP-STATUS,PORTADD_WS,program_ws,1,0,False,False
REC-PORTADD_WS-WS-EOF-STATUS,WS-EOF-STATUS,PORTADD_WS,program_ws,1,0,False,False
REC-PORTADD_WS-WS-INPUT-STATUS,WS-INPUT-STATUS,PORTADD_WS,program_ws,1,0,False,False
REC-PORTADD_WS-WS-INPUT-SUCCESS,WS-INPUT-SUCCESS,PORTADD_WS,program_ws,1,0,False,False
REC-PORTADD_WS-WS-INPUT-EOF,WS-INPUT-EOF,PORTADD_WS,program_ws,1,0,False,False
REC-PORTADD_WS-WS-END-OF-FILE-SW,WS-END-OF-FILE-SW,PORTADD_WS,program_ws,1,0,False,False
REC-PORTADD_WS-END-OF-FILE,END-OF-FILE,PORTADD_WS,program_ws,1,0,False,False
REC-PORTADD_WS-NOT-END-OF-FILE,NOT-END-OF-FILE,PORTADD_WS,program_ws,1,0,False,False
REC-PORTADD_WS-WS-WORK-AREAS,WS-WORK-AREAS,PORTADD_WS,program_ws,1,0,False,False
REC-PORTADD_WS-WS-ADD-COUNT,WS-ADD-COUNT,PORTADD_WS,program_ws,1,0,False,False
REC-PORTADD_WS-WS-ERROR-COUNT,WS-ERROR-COUNT,PORTADD_WS,program_ws,1,0,False,False
REC-PORTADD_WS-WS-DUP-COUNT,WS-DUP-COUNT,PORTADD_WS,program_ws,1,0,False,False
REC-PORTADD_WS-WS-RETURN-CODE,WS-RETURN-CODE,PORTADD_WS,program_ws,1,0,False,False
REC-PORTADD_WS-WS-CURRENT-DATE,WS-CURRENT-DATE,PORTADD_WS,program_ws,1,0,False,False
REC-PORTDEL_WS-WS-CONSTANTS,WS-CONSTANTS,PORTDEL_WS,program_ws,1,0,False,False
REC-PORTDEL_WS-WS-PROGRAM-NAME,WS-PROGRAM-NAME,PORTDEL_WS,program_ws,1,0,False,False
REC-PORTDEL_WS-WS-SUCCESS,WS-SUCCESS,PORTDEL_WS,program_ws,1,0,False,False
REC-PORTDEL_WS-WS-ERROR,WS-ERROR,PORTDEL_WS,program_ws,1,0,False,False
REC-PORTDEL_WS-WS-SWITCHES,WS-SWITCHES,PORTDEL_WS,program_ws,1,0,False,False
REC-PORTDEL_WS-WS-FILE-STATUS,WS-FILE-STATUS,PORTDEL_WS,program_ws,1,0,False,False
REC-PORTDEL_WS-WS-SUCCESS-STATUS,WS-SUCCESS-STATUS,PORTDEL_WS,program_ws,1,0,False,False
REC-PORTDEL_WS-WS-REC-NOT-FND,WS-REC-NOT-FND,PORTDEL_WS,program_ws,1,0,False,False
REC-PORTDEL_WS-WS-EOF-STATUS,WS-EOF-STATUS,PORTDEL_WS,program_ws,1,0,False,False
REC-PORTDEL_WS-WS-DEL-STATUS,WS-DEL-STATUS,PORTDEL_WS,program_ws,1,0,False,False
REC-PORTDEL_WS-WS-DEL-SUCCESS,WS-DEL-SUCCESS,PORTDEL_WS,program_ws,1,0,False,False
REC-PORTDEL_WS-WS-DEL-EOF,WS-DEL-EOF,PORTDEL_WS,program_ws,1,0,False,False
REC-PORTDEL_WS-WS-AUD-STATUS,WS-AUD-STATUS,PORTDEL_WS,program_ws,1,0,False,False
REC-PORTDEL_WS-WS-AUD-SUCCESS,WS-AUD-SUCCESS,PORTDEL_WS,program_ws,1,0,False,False
REC-PORTDEL_WS-WS-END-OF-FILE-SW,WS-END-OF-FILE-SW,PORTDEL_WS,program_ws,1,0,False,False
REC-PORTDEL_WS-END-OF-FILE,END-OF-FILE,PORTDEL_WS,program_ws,1,0,False,False
REC-PORTDEL_WS-NOT-END-OF-FILE,NOT-END-OF-FILE,PORTDEL_WS,program_ws,1,0,False,False
REC-PORTDEL_WS-WS-WORK-AREAS,WS-WORK-AREAS,PORTDEL_WS,program_ws,1,0,False,False
REC-PORTDEL_WS-WS-DELETE-COUNT,WS-DELETE-COUNT,PORTDEL_WS,program_ws,1,0,False,False
REC-PORTDEL_WS-WS-ERROR-COUNT,WS-ERROR-COUNT,PORTDEL_WS,program_ws,1,0,False,False
REC-PORTDEL_WS-WS-NOT-FND-COUNT,WS-NOT-FND-COUNT,PORTDEL_WS,program_ws,1,0,False,False
REC-PORTDEL_WS-WS-RETURN-CODE,WS-RETURN-CODE,PORTDEL_WS,program_ws,1,0,False,False
REC-PORTDEL_WS-WS-TIMESTAMP,WS-TIMESTAMP,PORTDEL_WS,program_ws,1,0,False,False
REC-PORTMSTR_WS-WS-CONSTANTS,WS-CONSTANTS,PORTMSTR_WS,program_ws,1,0,False,False
REC-PORTMSTR_WS-WS-PROGRAM-NAME,WS-PROGRAM-NAME,PORTMSTR_WS,program_ws,1,0,False,False
REC-PORTMSTR_WS-WS-SUCCESS,WS-SUCCESS,PORTMSTR_WS,program_ws,1,0,False,False
REC-PORTMSTR_WS-WS-ERROR,WS-ERROR,PORTMSTR_WS,program_ws,1,0,False,False
REC-PORTMSTR_WS-WS-ERROR-TEXT,WS-ERROR-TEXT,PORTMSTR_WS,program_ws,1,0,False,False
REC-PORTMSTR_WS-WS-SWITCHES,WS-SWITCHES,PORTMSTR_WS,program_ws,1,0,False,False
REC-PORTMSTR_WS-WS-PORT-STATUS,WS-PORT-STATUS,PORTMSTR_WS,program_ws,1,0,False,False
REC-PORTMSTR_WS-PORT-SUCCESS,PORT-SUCCESS,PORTMSTR_WS,program_ws,1,0,False,False
REC-PORTMSTR_WS-PORT-EOF,PORT-EOF,PORTMSTR_WS,program_ws,1,0,False,False
REC-PORTMSTR_WS-PORT-NOT-FOUND,PORT-NOT-FOUND,PORTMSTR_WS,program_ws,1,0,False,False
REC-PORTMSTR_WS-PORT-DUP-KEY,PORT-DUP-KEY,PORTMSTR_WS,program_ws,1,0,False,False
REC-PORTMSTR_WS-WS-VALID-STATUS,WS-VALID-STATUS,PORTMSTR_WS,program_ws,1,0,False,False
REC-PORTMSTR_WS-VALID-STATUS,VALID-STATUS,PORTMSTR_WS,program_ws,1,0,False,False
REC-PORTMSTR_WS-WS-END-OF-FILE-SW,WS-END-OF-FILE-SW,PORTMSTR_WS,program_ws,1,0,False,False
REC-PORTMSTR_WS-END-OF-FILE,END-OF-FILE,PORTMSTR_WS,program_ws,1,0,False,False
REC-PORTMSTR_WS-NOT-END-OF-FILE,NOT-END-OF-FILE,PORTMSTR_WS,program_ws,1,0,False,False
REC-PORTMSTR_WS-WS-WORK-AREAS,WS-WORK-AREAS,PORTMSTR_WS,program_ws,1,0,False,False
REC-PORTMSTR_WS-WS-CURRENT-DATE,WS-CURRENT-DATE,PORTMSTR_WS,program_ws,1,0,False,False
REC-PORTMSTR_WS-WS-RETURN-CODE,WS-RETURN-CODE,PORTMSTR_WS,program_ws,1,0,False,False
REC-PORTREAD_WS-WS-CONSTANTS,WS-CONSTANTS,PORTREAD_WS,program_ws,1,0,False,False
REC-PORTREAD_WS-WS-PROGRAM-NAME,WS-PROGRAM-NAME,PORTREAD_WS,program_ws,1,0,False,False
REC-PORTREAD_WS-WS-SUCCESS,WS-SUCCESS,PORTREAD_WS,program_ws,1,0,False,False
REC-PORTREAD_WS-WS-ERROR,WS-ERROR,PORTREAD_WS,program_ws,1,0,False,False
REC-PORTREAD_WS-WS-SWITCHES,WS-SWITCHES,PORTREAD_WS,program_ws,1,0,False,False
REC-PORTREAD_WS-WS-FILE-STATUS,WS-FILE-STATUS,PORTREAD_WS,program_ws,1,0,False,False
REC-PORTREAD_WS-WS-SUCCESS-STATUS,WS-SUCCESS-STATUS,PORTREAD_WS,program_ws,1,0,False,False
REC-PORTREAD_WS-WS-EOF-STATUS,WS-EOF-STATUS,PORTREAD_WS,program_ws,1,0,False,False
REC-PORTREAD_WS-WS-REC-NOT-FND,WS-REC-NOT-FND,PORTREAD_WS,program_ws,1,0,False,False
REC-PORTREAD_WS-WS-END-OF-FILE-SW,WS-END-OF-FILE-SW,PORTREAD_WS,program_ws,1,0,False,False
REC-PORTREAD_WS-END-OF-FILE,END-OF-FILE,PORTREAD_WS,program_ws,1,0,False,False
REC-PORTREAD_WS-NOT-END-OF-FILE,NOT-END-OF-FILE,PORTREAD_WS,program_ws,1,0,False,False
REC-PORTREAD_WS-WS-WORK-AREAS,WS-WORK-AREAS,PORTREAD_WS,program_ws,1,0,False,False
REC-PORTREAD_WS-WS-RECORD-COUNT,WS-RECORD-COUNT,PORTREAD_WS,program_ws,1,0,False,False
REC-PORTREAD_WS-WS-RETURN-CODE,WS-RETURN-CODE,PORTREAD_WS,program_ws,1,0,False,False
REC-PORTTEST_WS-WS-VARIABLES,WS-VARIABLES,PORTTEST_WS,program_ws,1,0,False,False
REC-PORTTEST_WS-WS-FILE-STATUS,WS-FILE-STATUS,PORTTEST_WS,program_ws,1,0,False,False
REC-PORTTEST_WS-WS-RECORD-COUNT,WS-RECORD-COUNT,PORTTEST_WS,program_ws,1,0,False,False
REC-PORTTEST_WS-WS-MAX-RECORDS,WS-MAX-RECORDS,PORTTEST_WS,program_ws,1,0,False,False
REC-PORTTEST_WS-WS-CURRENT-DATE,WS-CURRENT-DATE,PORTTEST_WS,program_ws,1,0,False,False
REC-PORTTEST_WS-WS-TEST-VALUES,WS-TEST-VALUES,PORTTEST_WS,program_ws,1,0,False,False
REC-PORTTEST_WS-WS-CLIENT-TYPES,WS-CLIENT-TYPES,PORTTEST_WS,program_ws,1,0,False,False
REC-PORTTEST_WS-WS-STATUS-TYPES,WS-STATUS-TYPES,PORTTEST_WS,program_ws,1,0,False,False
REC-PORTTEST_WS-WS-NAME-PREFIX,WS-NAME-PREFIX,PORTTEST_WS,program_ws,1,0,False,False
REC-PORTTEST_WS-WS-SUBSCRIPTS,WS-SUBSCRIPTS,PORTTEST_WS,program_ws,1,0,False,False
REC-PORTTEST_WS-WS-TYPE-SUB,WS-TYPE-SUB,PORTTEST_WS,program_ws,1,0,False,False
REC-PORTTEST_WS-WS-STATUS-SUB,WS-STATUS-SUB,PORTTEST_WS,program_ws,1,0,False,False
REC-PORTTRAN_WS-WS-FILE-STATUS,WS-FILE-STATUS,PORTTRAN_WS,program_ws,1,0,False,False
REC-PORTTRAN_WS-WS-TRAN-STATUS,WS-TRAN-STATUS,PORTTRAN_WS,program_ws,1,0,False,False
REC-PORTTRAN_WS-WS-PORT-STATUS,WS-PORT-STATUS,PORTTRAN_WS,program_ws,1,0,False,False
REC-PORTTRAN_WS-WS-COUNTERS,WS-COUNTERS,PORTTRAN_WS,program_ws,1,0,False,False
REC-PORTTRAN_WS-WS-READ-COUNT,WS-READ-COUNT,PORTTRAN_WS,program_ws,1,0,False,False
REC-PORTTRAN_WS-WS-PROCESS-COUNT,WS-PROCESS-COUNT,PORTTRAN_WS,program_ws,1,0,False,False
REC-PORTTRAN_WS-WS-ERROR-COUNT,WS-ERROR-COUNT,PORTTRAN_WS,program_ws,1,0,False,False
REC-PORTTRAN_WS-WS-EOF-FLAG,WS-EOF-FLAG,PORTTRAN_WS,program_ws,1,0,False,False
REC-PORTTRAN_WS-END-OF-FILE,END-OF-FILE,PORTTRAN_WS,program_ws,1,0,False,False
REC-PORTTRAN_WS-MORE-RECORDS,MORE-RECORDS,PORTTRAN_WS,program_ws,1,0,False,False
REC-PORTUPDT_WS-WS-CONSTANTS,WS-CONSTANTS,PORTUPDT_WS,program_ws,1,0,False,False
REC-PORTUPDT_WS-WS-PROGRAM-NAME,WS-PROGRAM-NAME,PORTUPDT_WS,program_ws,1,0,False,False
REC-PORTUPDT_WS-WS-SUCCESS,WS-SUCCESS,PORTUPDT_WS,program_ws,1,0,False,False
REC-PORTUPDT_WS-WS-ERROR,WS-ERROR,PORTUPDT_WS,program_ws,1,0,False,False
REC-PORTUPDT_WS-WS-SWITCHES,WS-SWITCHES,PORTUPDT_WS,program_ws,1,0,False,False
REC-PORTUPDT_WS-WS-FILE-STATUS,WS-FILE-STATUS,PORTUPDT_WS,program_ws,1,0,False,False
REC-PORTUPDT_WS-WS-SUCCESS-STATUS,WS-SUCCESS-STATUS,PORTUPDT_WS,program_ws,1,0,False,False
REC-PORTUPDT_WS-WS-EOF-STATUS,WS-EOF-STATUS,PORTUPDT_WS,program_ws,1,0,False,False
REC-PORTUPDT_WS-WS-REC-NOT-FND,WS-REC-NOT-FND,PORTUPDT_WS,program_ws,1,0,False,False
REC-PORTUPDT_WS-WS-UPDT-STATUS,WS-UPDT-STATUS,PORTUPDT_WS,program_ws,1,0,False,False
REC-PORTUPDT_WS-WS-UPDT-SUCCESS,WS-UPDT-SUCCESS,PORTUPDT_WS,program_ws,1,0,False,False
REC-PORTUPDT_WS-WS-UPDT-EOF,WS-UPDT-EOF,PORTUPDT_WS,program_ws,1,0,False,False
REC-PORTUPDT_WS-WS-END-OF-FILE-SW,WS-END-OF-FILE-SW,PORTUPDT_WS,program_ws,1,0,False,False
REC-PORTUPDT_WS-END-OF-FILE,END-OF-FILE,PORTUPDT_WS,program_ws,1,0,False,False
REC-PORTUPDT_WS-NOT-END-OF-FILE,NOT-END-OF-FILE,PORTUPDT_WS,program_ws,1,0,False,False
REC-PORTUPDT_WS-WS-WORK-AREAS,WS-WORK-AREAS,PORTUPDT_WS,program_ws,1,0,False,False
REC-PORTUPDT_WS-WS-UPDATE-COUNT,WS-UPDATE-COUNT,PORTUPDT_WS,program_ws,1,0,False,False
REC-PORTUPDT_WS-WS-ERROR-COUNT,WS-ERROR-COUNT,PORTUPDT_WS,program_ws,1,0,False,False
REC-PORTUPDT_WS-WS-RETURN-CODE,WS-RETURN-CODE,PORTUPDT_WS,program_ws,1,0,False,False
REC-PORTUPDT_WS-WS-NUMERIC-WORK,WS-NUMERIC-WORK,PORTUPDT_WS,program_ws,1,0,False,False
REC-TSTGEN00_WS-WS-FILE-STATUS,WS-FILE-STATUS,TSTGEN00_WS,program_ws,1,0,False,False
REC-TSTGEN00_WS-WS-CFG-STATUS,WS-CFG-STATUS,TSTGEN00_WS,program_ws,1,0,False,False
REC-TSTGEN00_WS-WS-PORT-STATUS,WS-PORT-STATUS,TSTGEN00_WS,program_ws,1,0,False,False
REC-TSTGEN00_WS-WS-TRAN-STATUS,WS-TRAN-STATUS,TSTGEN00_WS,program_ws,1,0,False,False
REC-TSTGEN00_WS-WS-RAND-STATUS,WS-RAND-STATUS,TSTGEN00_WS,program_ws,1,0,False,False
REC-TSTGEN00_WS-WS-TEST-TYPES,WS-TEST-TYPES,TSTGEN00_WS,program_ws,1,0,False,False
REC-TSTGEN00_WS-WS-PORTFOLIO,WS-PORTFOLIO,TSTGEN00_WS,program_ws,1,0,False,False
REC-TSTGEN00_WS-WS-TRANSACTION,WS-TRANSACTION,TSTGEN00_WS,program_ws,1,0,False,False
REC-TSTGEN00_WS-WS-ERROR-TEST,WS-ERROR-TEST,TSTGEN00_WS,program_ws,1,0,False,False
REC-TSTGEN00_WS-WS-VOLUME-TEST,WS-VOLUME-TEST,TSTGEN00_WS,program_ws,1,0,False,False
REC-TSTGEN00_WS-WS-PROCESSING-FLAGS,WS-PROCESSING-FLAGS,TSTGEN00_WS,program_ws,1,0,False,False
REC-TSTGEN00_WS-WS-END-OF-CONFIG,WS-END-OF-CONFIG,TSTGEN00_WS,program_ws,1,0,False,False
REC-TSTGEN00_WS-END-OF-CONFIG,END-OF-CONFIG,TSTGEN00_WS,program_ws,1,0,False,False
REC-TSTGEN00_WS-WS-COUNTERS,WS-COUNTERS,TSTGEN00_WS,program_ws,1,0,False,False
REC-TSTGEN00_WS-WS-RECORDS-WRITTEN,WS-RECORDS-WRITTEN,TSTGEN00_WS,program_ws,1,0,False,False
REC-TSTGEN00_WS-WS-ERROR-COUNT,WS-ERROR-COUNT,TSTGEN00_WS,program_ws,1,0,False,False
REC-TSTGEN00_WS-WS-RANDOM-VALUES,WS-RANDOM-VALUES,TSTGEN00_WS,program_ws,1,0,False,False
REC-TSTGEN00_WS-WS-RANDOM-SEED,WS-RANDOM-SEED,TSTGEN00_WS,program_ws,1,0,False,False
REC-TSTGEN00_WS-WS-RANDOM-NUM,WS-RANDOM-NUM,TSTGEN00_WS,program_ws,1,0,False,False
REC-TSTGEN00_WS-WS-RANDOM-DECIMAL,WS-RANDOM-DECIMAL,TSTGEN00_WS,program_ws,1,0,False,False
REC-TSTGEN00_WS-WS-PORTFOLIO-DATA,WS-PORTFOLIO-DATA,TSTGEN00_WS,program_ws,1,0,False,False
REC-TSTGEN00_WS-WS-PORT-ID,WS-PORT-ID,TSTGEN00_WS,program_ws,1,0,False,False
REC-TSTGEN00_WS-WS-PORT-NAME,WS-PORT-NAME,TSTGEN00_WS,program_ws,1,0,False,False
REC-TSTGEN00_WS-WS-PORT-TYPE,WS-PORT-TYPE,TSTGEN00_WS,program_ws,1,0,False,False
REC-TSTGEN00_WS-WS-PORT-BALANCE,WS-PORT-BALANCE,TSTGEN00_WS,program_ws,1,0,False,False
REC-TSTGEN00_WS-WS-TRANSACTION-DATA,WS-TRANSACTION-DATA,TSTGEN00_WS,program_ws,1,0,False,False
REC-TSTGEN00_WS-WS-TRAN-ID,WS-TRAN-ID,TSTGEN00_WS,program_ws,1,0,False,False
REC-TSTGEN00_WS-WS-TRAN-TYPE,WS-TRAN-TYPE,TSTGEN00_WS,program_ws,1,0,False,False
REC-TSTGEN00_WS-WS-TRAN-AMOUNT,WS-TRAN-AMOUNT,TSTGEN00_WS,program_ws,1,0,False,False
REC-TSTGEN00_WS-WS-TRAN-DATE,WS-TRAN-DATE,TSTGEN00_WS,program_ws,1,0,False,False
REC-TSTVAL00_WS-WS-FILE-STATUS,WS-FILE-STATUS,TSTVAL00_WS,program_ws,1,0,False,False
REC-TSTVAL00_WS-WS-TEST-STATUS,WS-TEST-STATUS,TSTVAL00_WS,program_ws,1,0,False,False
REC-TSTVAL00_WS-WS-EXP-STATUS,WS-EXP-STATUS,TSTVAL00_WS,program_ws,1,0,False,False
REC-TSTVAL00_WS-WS-ACT-STATUS,WS-ACT-STATUS,TSTVAL00_WS,program_ws,1,0,False,False
REC-TSTVAL00_WS-WS-RPT-STATUS,WS-RPT-STATUS,TSTVAL00_WS,program_ws,1,0,False,False
REC-TSTVAL00_WS-WS-TEST-TYPES,WS-TEST-TYPES,TSTVAL00_WS,program_ws,1,0,False,False
REC-TSTVAL00_WS-WS-FUNCTIONAL,WS-FUNCTIONAL,TSTVAL00_WS,program_ws,1,0,False,False
REC-TSTVAL00_WS-WS-INTEGRATION,WS-INTEGRATION,TSTVAL00_WS,program_ws,1,0,False,False
REC-TSTVAL00_WS-WS-PERFORMANCE,WS-PERFORMANCE,TSTVAL00_WS,program_ws,1,0,False,False
REC-TSTVAL00_WS-WS-ERROR,WS-ERROR,TSTVAL00_WS,program_ws,1,0,False,False
REC-TSTVAL00_WS-WS-PROCESSING-FLAGS,WS-PROCESSING-FLAGS,TSTVAL00_WS,program_ws,1,0,False,False
REC-TSTVAL00_WS-WS-END-OF-TESTS,WS-END-OF-TESTS,TSTVAL00_WS,program_ws,1,0,False,False
REC-TSTVAL00_WS-END-OF-TESTS,END-OF-TESTS,TSTVAL00_WS,program_ws,1,0,False,False
REC-TSTVAL00_WS-WS-TEST-PASSED,WS-TEST-PASSED,TSTVAL00_WS,program_ws,1,0,False,False
REC-TSTVAL00_WS-TEST-PASSED,TEST-PASSED,TSTVAL00_WS,program_ws,1,0,False,False
REC-TSTVAL00_WS-WS-TEST-METRICS,WS-TEST-METRICS,TSTVAL00_WS,program_ws,1,0,False,False
REC-TSTVAL00_WS-WS-TOTAL-TESTS,WS-TOTAL-TESTS,TSTVAL00_WS,program_ws,1,0,False,False
REC-TSTVAL00_WS-WS-TESTS-PASSED,WS-TESTS-PASSED,TSTVAL00_WS,program_ws,1,0,False,False
REC-TSTVAL00_WS-WS-TESTS-FAILED,WS-TESTS-FAILED,TSTVAL00_WS,program_ws,1,0,False,False
REC-TSTVAL00_WS-WS-START-TIME,WS-START-TIME,TSTVAL00_WS,program_ws,1,0,False,False
REC-TSTVAL00_WS-WS-END-TIME,WS-END-TIME,TSTVAL00_WS,program_ws,1,0,False,False
REC-TSTVAL00_WS-WS-ELAPSED-TIME,WS-ELAPSED-TIME,TSTVAL00_WS,program_ws,1,0,False,False
REC-TSTVAL00_WS-WS-REPORT-HEADERS,WS-REPORT-HEADERS,TSTVAL00_WS,program_ws,1,0,False,False
REC-TSTVAL00_WS-WS-HEADER1,WS-HEADER1,TSTVAL00_WS,program_ws,1,0,False,False
REC-TSTVAL00_WS-FILLER-97,FILLER-97,TSTVAL00_WS,program_ws,1,0,False,False
REC-TSTVAL00_WS-WS-HEADER2,WS-HEADER2,TSTVAL00_WS,program_ws,1,0,False,False
REC-TSTVAL00_WS-FILLER-99,FILLER-99,TSTVAL00_WS,program_ws,1,0,False,False
REC-TSTVAL00_WS-FILLER-100,FILLER-100,TSTVAL00_WS,program_ws,1,0,False,False
REC-TSTVAL00_WS-FILLER-102,FILLER-102,TSTVAL00_WS,program_ws,1,0,False,False
REC-TSTVAL00_WS-WS-TEST-DETAIL,WS-TEST-DETAIL,TSTVAL00_WS,program_ws,1,0,False,False
REC-TSTVAL00_WS-WS-TEST-ID-OUT,WS-TEST-ID-OUT,TSTVAL00_WS,program_ws,1,0,False,False
REC-TSTVAL00_WS-FILLER-106,FILLER-106,TSTVAL00_WS,program_ws,1,0,False,False
REC-TSTVAL00_WS-WS-TEST-TYPE-OUT,WS-TEST-TYPE-OUT,TSTVAL00_WS,program_ws,1,0,False,False
REC-TSTVAL00_WS-FILLER-108,FILLER-108,TSTVAL00_WS,program_ws,1,0,False,False
REC-TSTVAL00_WS-WS-TEST-DESC-OUT,WS-TEST-DESC-OUT,TSTVAL00_WS,program_ws,1,0,False,False
REC-TSTVAL00_WS-FILLER-110,FILLER-110,TSTVAL00_WS,program_ws,1,0,False,False
REC-TSTVAL00_WS-WS-TEST-STATUS-OUT,WS-TEST-STATUS-OUT,TSTVAL00_WS,program_ws,1,0,False,False
REC-TSTVAL00_WS-FILLER-112,FILLER-112,TSTVAL00_WS,program_ws,1,0,False,False
REC-TSTVAL00_WS-WS-SUMMARY-LINE,WS-SUMMARY-LINE,TSTVAL00_WS,program_ws,1,0,False,False
REC-TSTVAL00_WS-FILLER-115,FILLER-115,TSTVAL00_WS,program_ws,1,0,False,False
REC-TSTVAL00_WS-WS-TOTAL-OUT,WS-TOTAL-OUT,TSTVAL00_WS,program_ws,1,0,False,False
REC-TSTVAL00_WS-FILLER-117,FILLER-117,TSTVAL00_WS,program_ws,1,0,False,False
REC-TSTVAL00_WS-WS-PASSED-OUT,WS-PASSED-OUT,TSTVAL00_WS,program_ws,1,0,False,False
REC-TSTVAL00_WS-FILLER-119,FILLER-119,TSTVAL00_WS,program_ws,1,0,False,False
REC-TSTVAL00_WS-WS-FAILED-OUT,WS-FAILED-OUT,TSTVAL00_WS,program_ws,1,0,False,False
REC-TSTVAL00_WS-FILLER-121,FILLER-121,TSTVAL00_WS,program_ws,1,0,False,False
REC-TSTVAL00_WS-WS-SUCCESS-RATE,WS-SUCCESS-RATE,TSTVAL00_WS,program_ws,1,0,False,False
REC-TSTVAL00_WS-FILLER-123,FILLER-123,TSTVAL00_WS,program_ws,1,0,False,False
REC-TSTVAL00_WS-FILLER-124,FILLER-124,TSTVAL00_WS,program_ws,1,0,False,False
REC-UTLMNT00_WS-WS-FILE-STATUS,WS-FILE-STATUS,UTLMNT00_WS,program_ws,1,0,False,False
REC-UTLMNT00_WS-WS-CTL-STATUS,WS-CTL-STATUS,UTLMNT00_WS,program_ws,1,0,False,False
REC-UTLMNT00_WS-WS-ARCH-STATUS,WS-ARCH-STATUS,UTLMNT00_WS,program_ws,1,0,False,False
REC-UTLMNT00_WS-WS-REPORT-STATUS,WS-REPORT-STATUS,UTLMNT00_WS,program_ws,1,0,False,False
REC-UTLMNT00_WS-WS-PROCESSING-FLAGS,WS-PROCESSING-FLAGS,UTLMNT00_WS,program_ws,1,0,False,False
REC-UTLMNT00_WS-WS-END-OF-CTL,WS-END-OF-CTL,UTLMNT00_WS,program_ws,1,0,False,False
REC-UTLMNT00_WS-END-OF-CONTROL,END-OF-CONTROL,UTLMNT00_WS,program_ws,1,0,False,False
REC-UTLMNT00_WS-WS-FUNCTION-FLAG,WS-FUNCTION-FLAG,UTLMNT00_WS,program_ws,1,0,False,False
REC-UTLMNT00_WS-VALID-FUNCTION,VALID-FUNCTION,UTLMNT00_WS,program_ws,1,0,False,False
REC-UTLMNT00_WS-WS-FUNCTIONS,WS-FUNCTIONS,UTLMNT00_WS,program_ws,1,0,False,False
REC-UTLMNT00_WS-WS-ARCHIVE,WS-ARCHIVE,UTLMNT00_WS,program_ws,1,0,False,False
REC-UTLMNT00_WS-WS-CLEANUP,WS-CLEANUP,UTLMNT00_WS,program_ws,1,0,False,False
REC-UTLMNT00_WS-WS-REORG,WS-REORG,UTLMNT00_WS,program_ws,1,0,False,False
REC-UTLMNT00_WS-WS-ANALYZE,WS-ANALYZE,UTLMNT00_WS,program_ws,1,0,False,False
REC-UTLMNT00_WS-WS-COUNTERS,WS-COUNTERS,UTLMNT00_WS,program_ws,1,0,False,False
REC-UTLMNT00_WS-WS-RECORDS-READ,WS-RECORDS-READ,UTLMNT00_WS,program_ws,1,0,False,False
REC-UTLMNT00_WS-WS-RECORDS-WRITTEN,WS-RECORDS-WRITTEN,UTLMNT00_WS,program_ws,1,0,False,False
REC-UTLMNT00_WS-WS-ERROR-COUNT,WS-ERROR-COUNT,UTLMNT00_WS,program_ws,1,0,False,False
REC-UTLMNT00_WS-WS-VSAM-CONTROL,WS-VSAM-CONTROL,UTLMNT00_WS,program_ws,1,0,False,False
REC-UTLMNT00_WS-WS-VSAM-NAME,WS-VSAM-NAME,UTLMNT00_WS,program_ws,1,0,False,False
REC-UTLMNT00_WS-WS-VSAM-FUNCTION,WS-VSAM-FUNCTION,UTLMNT00_WS,program_ws,1,0,False,False
REC-UTLMNT00_WS-WS-VSAM-STATUS,WS-VSAM-STATUS,UTLMNT00_WS,program_ws,1,0,False,False
REC-UTLMON00_WS-WS-FILE-STATUS,WS-FILE-STATUS,UTLMON00_WS,program_ws,1,0,False,False
REC-UTLMON00_WS-WS-CFG-STATUS,WS-CFG-STATUS,UTLMON00_WS,program_ws,1,0,False,False
REC-UTLMON00_WS-WS-LOG-STATUS,WS-LOG-STATUS,UTLMON00_WS,program_ws,1,0,False,False
REC-UTLMON00_WS-WS-ALERT-STATUS,WS-ALERT-STATUS,UTLMON00_WS,program_ws,1,0,False,False
REC-UTLMON00_WS-WS-DB2-STATUS,WS-DB2-STATUS,UTLMON00_WS,program_ws,1,0,False,False
REC-UTLMON00_WS-WS-RESOURCE-TYPES,WS-RESOURCE-TYPES,UTLMON00_WS,program_ws,1,0,False,False
REC-UTLMON00_WS-WS-CPU,WS-CPU,UTLMON00_WS,program_ws,1,0,False,False
REC-UTLMON00_WS-WS-MEMORY,WS-MEMORY,UTLMON00_WS,program_ws,1,0,False,False
REC-UTLMON00_WS-WS-DASD,WS-DASD,UTLMON00_WS,program_ws,1,0,False,False
REC-UTLMON00_WS-WS-DB2,WS-DB2,UTLMON00_WS,program_ws,1,0,False,False
REC-UTLMON00_WS-WS-THRESHOLD-TYPES,WS-THRESHOLD-TYPES,UTLMON00_WS,program_ws,1,0,False,False
REC-UTLMON00_WS-WS-UTILIZATION,WS-UTILIZATION,UTLMON00_WS,program_ws,1,0,False,False
REC-UTLMON00_WS-WS-RESPONSE,WS-RESPONSE,UTLMON00_WS,program_ws,1,0,False,False
REC-UTLMON00_WS-WS-QUEUE,WS-QUEUE,UTLMON00_WS,program_ws,1,0,False,False
REC-UTLMON00_WS-WS-ERROR,WS-ERROR,UTLMON00_WS,program_ws,1,0,False,False
REC-UTLMON00_WS-WS-ALERT-LEVELS,WS-ALERT-LEVELS,UTLMON00_WS,program_ws,1,0,False,False
REC-UTLMON00_WS-WS-INFO,WS-INFO,UTLMON00_WS,program_ws,1,0,False,False
REC-UTLMON00_WS-WS-WARNING,WS-WARNING,UTLMON00_WS,program_ws,1,0,False,False
REC-UTLMON00_WS-WS-CRITICAL,WS-CRITICAL,UTLMON00_WS,program_ws,1,0,False,False
REC-UTLMON00_WS-WS-PROCESSING-FLAGS,WS-PROCESSING-FLAGS,UTLMON00_WS,program_ws,1,0,False,False
REC-UTLMON00_WS-WS-END-OF-CONFIG,WS-END-OF-CONFIG,UTLMON00_WS,program_ws,1,0,False,False
REC-UTLMON00_WS-END-OF-CONFIG,END-OF-CONFIG,UTLMON00_WS,program_ws,1,0,False,False
REC-UTLMON00_WS-WS-THRESHOLD-MET,WS-THRESHOLD-MET,UTLMON00_WS,program_ws,1,0,False,False
REC-UTLMON00_WS-THRESHOLD-MET,THRESHOLD-MET,UTLMON00_WS,program_ws,1,0,False,False
REC-UTLMON00_WS-WS-CURRENT-METRICS,WS-CURRENT-METRICS,UTLMON00_WS,program_ws,1,0,False,False
REC-UTLMON00_WS-WS-CPU-UTIL,WS-CPU-UTIL,UTLMON00_WS,program_ws,1,0,False,False
REC-UTLMON00_WS-WS-MEMORY-UTIL,WS-MEMORY-UTIL,UTLMON00_WS,program_ws,1,0,False,False
REC-UTLMON00_WS-WS-DASD-UTIL,WS-DASD-UTIL,UTLMON00_WS,program_ws,1,0,False,False
REC-UTLMON00_WS-WS-DB2-UTIL,WS-DB2-UTIL,UTLMON00_WS,program_ws,1,0,False,False
REC-UTLMON00_WS-WS-DB2-RESP,WS-DB2-RESP,UTLMON00_WS,program_ws,1,0,False,False
REC-UTLMON00_WS-WS-DB2-QUEUE,WS-DB2-QUEUE,UTLMON00_WS,program_ws,1,0,False,False
REC-UTLMON00_WS-WS-DB2-ERRORS,WS-DB2-ERRORS,UTLMON00_WS,program_ws,1,0,False,False
REC-UTLMON00_WS-WS-TIMESTAMP,WS-TIMESTAMP,UTLMON00_WS,program_ws,1,0,False,False
REC-UTLMON00_WS-WS-DATE,WS-DATE,UTLMON00_WS,program_ws,1,0,False,False
REC-UTLMON00_WS-WS-YEAR,WS-YEAR,UTLMON00_WS,program_ws,1,0,False,False
REC-UTLMON00_WS-WS-MONTH,WS-MONTH,UTLMON00_WS,program_ws,1,0,False,False
REC-UTLMON00_WS-WS-DAY,WS-DAY,UTLMON00_WS,program_ws,1,0,False,False
REC-UTLMON00_WS-WS-TIME,WS-TIME,UTLMON00_WS,program_ws,1,0,False,False
REC-UTLMON00_WS-WS-HOUR,WS-HOUR,UTLMON00_WS,program_ws,1,0,False,False
REC-UTLMON00_WS-WS-MINUTE,WS-MINUTE,UTLMON00_WS,program_ws,1,0,False,False
REC-UTLMON00_WS-WS-SECOND,WS-SECOND,UTLMON00_WS,program_ws,1,0,False,False
REC-UTLMON00_WS-WS-HUNDREDTH,WS-HUNDREDTH,UTLMON00_WS,program_ws,1,0,False,False
REC-UTLVAL00_WS-WS-FILE-STATUS,WS-FILE-STATUS,UTLVAL00_WS,program_ws,1,0,False,False
REC-UTLVAL00_WS-WS-VAL-STATUS,WS-VAL-STATUS,UTLVAL00_WS,program_ws,1,0,False,False
REC-UTLVAL00_WS-WS-POS-STATUS,WS-POS-STATUS,UTLVAL00_WS,program_ws,1,0,False,False
REC-UTLVAL00_WS-WS-TRAN-STATUS,WS-TRAN-STATUS,UTLVAL00_WS,program_ws,1,0,False,False
REC-UTLVAL00_WS-WS-RPT-STATUS,WS-RPT-STATUS,UTLVAL00_WS,program_ws,1,0,False,False
REC-UTLVAL00_WS-WS-VALIDATION-TYPES,WS-VALIDATION-TYPES,UTLVAL00_WS,program_ws,1,0,False,False
REC-UTLVAL00_WS-WS-INTEGRITY,WS-INTEGRITY,UTLVAL00_WS,program_ws,1,0,False,False
REC-UTLVAL00_WS-WS-XREF,WS-XREF,UTLVAL00_WS,program_ws,1,0,False,False
REC-UTLVAL00_WS-WS-FORMAT,WS-FORMAT,UTLVAL00_WS,program_ws,1,0,False,False
REC-UTLVAL00_WS-WS-BALANCE,WS-BALANCE,UTLVAL00_WS,program_ws,1,0,False,False
REC-UTLVAL00_WS-WS-PROCESSING-FLAGS,WS-PROCESSING-FLAGS,UTLVAL00_WS,program_ws,1,0,False,False
REC-UTLVAL00_WS-WS-END-OF-VAL,WS-END-OF-VAL,UTLVAL00_WS,program_ws,1,0,False,False
REC-UTLVAL00_WS-END-OF-VALIDATION,END-OF-VALIDATION,UTLVAL00_WS,program_ws,1,0,False,False
REC-UTLVAL00_WS-WS-ERROR-FOUND,WS-ERROR-FOUND,UTLVAL00_WS,program_ws,1,0,False,False
REC-UTLVAL00_WS-ERROR-FOUND,ERROR-FOUND,UTLVAL00_WS,program_ws,1,0,False,False
REC-UTLVAL00_WS-WS-VALIDATION-TOTALS,WS-VALIDATION-TOTALS,UTLVAL00_WS,program_ws,1,0,False,False
REC-UTLVAL00_WS-WS-RECORDS-READ,WS-RECORDS-READ,UTLVAL00_WS,program_ws,1,0,False,False
REC-UTLVAL00_WS-WS-RECORDS-VALID,WS-RECORDS-VALID,UTLVAL00_WS,program_ws,1,0,False,False
REC-UTLVAL00_WS-WS-RECORDS-ERROR,WS-RECORDS-ERROR,UTLVAL00_WS,program_ws,1,0,False,False
REC-UTLVAL00_WS-WS-TOTAL-AMOUNT,WS-TOTAL-AMOUNT,UTLVAL00_WS,program_ws,1,0,False,False
REC-UTLVAL00_WS-WS-CONTROL-TOTAL,WS-CONTROL-TOTAL,UTLVAL00_WS,program_ws,1,0,False,False
REC-UTLVAL00_WS-WS-ERROR-LINE,WS-ERROR-LINE,UTLVAL00_WS,program_ws,1,0,False,False
REC-UTLVAL00_WS-WS-ERR-TYPE,WS-ERR-TYPE,UTLVAL00_WS,program_ws,1,0,False,False
REC-UTLVAL00_WS-FILLER-89,FILLER-89,UTLVAL00_WS,program_ws,1,0,False,False
REC-UTLVAL00_WS-WS-ERR-KEY,WS-ERR-KEY,UTLVAL00_WS,program_ws,1,0,False,False
REC-UTLVAL00_WS-FILLER-91,FILLER-91,UTLVAL00_WS,program_ws,1,0,False,False
REC-UTLVAL00_WS-WS-ERR-DESC,WS-ERR-DESC,UTLVAL00_WS,program_ws,1,0,False,False
