:START_ID,level:int,:END_ID,:TYPE
REC-AUDITLOG-AUDIT-RECORD,10,FLD-REC-AUDITLOG-AUDIT-RECORD-AUD-TIMESTAMP,CONTAINS
REC-AUDITLOG-AUDIT-RECORD,10,FLD-REC-AUDITLOG-AUDIT-RECORD-AUD-SYSTEM-ID,CONTAINS
REC-AUDITLOG-AUDIT-RECORD,10,FLD-REC-AUDITLOG-AUDIT-RECORD-AUD-USER-ID,CONTAINS
REC-AUDITLOG-AUDIT-RECORD,10,FLD-REC-AUDITLOG-AUDIT-RECORD-AUD-PROGRAM,CONTAINS
REC-AUDITLOG-AUDIT-RECORD,10,FLD-REC-AUDITLOG-AUDIT-RECORD-AUD-TERMINAL,CONTAINS
REC-AUDITLOG-AUDIT-RECORD,88,FLD-REC-AUDITLOG-AUDIT-RECORD-AUD-TRANSACTION,CONTAINS
REC-AUDITLOG-AUDIT-RECORD,88,FLD-REC-AUDITLOG-AUDIT-RECORD-AUD-USER-ACTION,CONTAINS
REC-AUDITLOG-AUDIT-RECORD,88,FLD-REC-AUDITLOG-AUDIT-RECORD-AUD-SYSTEM-EVENT,CONTAINS
REC-AUDITLOG-AUDIT-RECORD,88,FLD-REC-AUDITLOG-AUDIT-RECORD-AUD-CREATE,CONTAINS
REC-AUDITLOG-AUDIT-RECORD,88,FLD-REC-AUDITLOG-AUDIT-RECORD-AUD-UPDATE,CONTAINS
REC-AUDITLOG-AUDIT-RECORD,88,FLD-REC-AUDITLOG-AUDIT-RECORD-AUD-DELETE,CONTAINS
REC-AUDITLOG-AUDIT-RECORD,88,FLD-REC-AUDITLOG-AUDIT-RECORD-AUD-INQUIRE,CONTAINS
REC-AUDITLOG-AUDIT-RECORD,88,FLD-REC-AUDITLOG-AUDIT-RECORD-AUD-LOGIN,CONTAINS
REC-AUDITLOG-AUDIT-RECORD,88,FLD-REC-AUDITLOG-AUDIT-RECORD-AUD-LOGOUT,CONTAINS
REC-AUDITLOG-AUDIT-RECORD,88,FLD-REC-AUDITLOG-AUDIT-RECORD-AUD-STARTUP,CONTAINS
REC-AUDITLOG-AUDIT-RECORD,88,FLD-REC-AUDITLOG-AUDIT-RECORD-AUD-SHUTDOWN,CONTAINS
REC-AUDITLOG-AUDIT-RECORD,88,FLD-REC-AUDITLOG-AUDIT-RECORD-AUD-SUCCESS,CONTAINS
REC-AUDITLOG-AUDIT-RECORD,88,FLD-REC-AUDITLOG-AUDIT-RECORD-AUD-FAILURE,CONTAINS
REC-AUDITLOG-AUDIT-RECORD,88,FLD-REC-AUDITLOG-AUDIT-RECORD-AUD-WARNING,CONTAINS
REC-AUDITLOG-AUDIT-RECORD,10,FLD-REC-AUDITLOG-AUDIT-RECORD-AUD-PORTFOLIO-ID,CONTAINS
REC-AUDITLOG-AUDIT-RECORD,10,FLD-REC-AUDITLOG-AUDIT-RECORD-AUD-ACCOUNT-NO,CONTAINS
REC-AUDITLOG-AUDIT-RECORD,5,FLD-REC-AUDITLOG-AUDIT-RECORD-AUD-BEFORE-IMAGE,CONTAINS
REC-AUDITLOG-AUDIT-RECORD,5,FLD-REC-AUDITLOG-AUDIT-RECORD-AUD-AFTER-IMAGE,CONTAINS
REC-AUDITLOG-AUDIT-RECORD,5,FLD-REC-AUDITLOG-AUDIT-RECORD-AUD-MESSAGE,CONTAINS
REC-BCHCON-BATCH-CONTROL-CONSTANTS,10,FLD-REC-BCHCON-BATCH-CONTROL-CONSTANTS-BCT-STAT-READY,CONTAINS
REC-BCHCON-BATCH-CONTROL-CONSTANTS,10,FLD-REC-BCHCON-BATCH-CONTROL-CONSTANTS-BCT-STAT-ACTIVE,CONTAINS
REC-BCHCON-BATCH-CONTROL-CONSTANTS,10,FLD-REC-BCHCON-BATCH-CONTROL-CONSTANTS-BCT-STAT-WAITING,CONTAINS
REC-BCHCON-BATCH-CONTROL-CONSTANTS,10,FLD-REC-BCHCON-BATCH-CONTROL-CONSTANTS-BCT-STAT-DONE,CONTAINS
REC-BCHCON-BATCH-CONTROL-CONSTANTS,10,FLD-REC-BCHCON-BATCH-CONTROL-CONSTANTS-BCT-STAT-ERROR,CONTAINS
REC-BCHCON-BATCH-CONTROL-CONSTANTS,10,FLD-REC-BCHCON-BATCH-CONTROL-CONSTANTS-BCT-RC-SUCCESS,CONTAINS
REC-BCHCON-BATCH-CONTROL-CONSTANTS,10,FLD-REC-BCHCON-BATCH-CONTROL-CONSTANTS-BCT-RC-WARNING,CONTAINS
REC-BCHCON-BATCH-CONTROL-CONSTANTS,10,FLD-REC-BCHCON-BATCH-CONTROL-CONSTANTS-BCT-RC-ERROR,CONTAINS
REC-BCHCON-BATCH-CONTROL-CONSTANTS,10,FLD-REC-BCHCON-BATCH-CONTROL-CONSTANTS-BCT-RC-SEVERE,CONTAINS
REC-BCHCON-BATCH-CONTROL-CONSTANTS,10,FLD-REC-BCHCON-BATCH-CONTROL-CONSTANTS-BCT-RC-CRITICAL,CONTAINS
REC-BCHCON-BATCH-CONTROL-CONSTANTS,10,FLD-REC-BCHCON-BATCH-CONTROL-CONSTANTS-BCT-MAX-PREREQ,CONTAINS
REC-BCHCON-BATCH-CONTROL-CONSTANTS,10,FLD-REC-BCHCON-BATCH-CONTROL-CONSTANTS-BCT-MAX-RESTARTS,CONTAINS
REC-BCHCON-BATCH-CONTROL-CONSTANTS,10,FLD-REC-BCHCON-BATCH-CONTROL-CONSTANTS-BCT-WAIT-INTERVAL,CONTAINS
REC-BCHCON-BATCH-CONTROL-CONSTANTS,10,FLD-REC-BCHCON-BATCH-CONTROL-CONSTANTS-BCT-MAX-WAIT-TIME,CONTAINS
REC-BCHCON-BATCH-CONTROL-CONSTANTS,10,FLD-REC-BCHCON-BATCH-CONTROL-CONSTANTS-BCT-TYPE-INITIAL,CONTAINS
REC-BCHCON-BATCH-CONTROL-CONSTANTS,10,FLD-REC-BCHCON-BATCH-CONTROL-CONSTANTS-BCT-TYPE-UPDATE,CONTAINS
REC-BCHCON-BATCH-CONTROL-CONSTANTS,10,FLD-REC-BCHCON-BATCH-CONTROL-CONSTANTS-BCT-TYPE-REPORT,CONTAINS
REC-BCHCON-BATCH-CONTROL-CONSTANTS,10,FLD-REC-BCHCON-BATCH-CONTROL-CONSTANTS-BCT-TYPE-CLEANUP,CONTAINS
REC-BCHCON-BATCH-CONTROL-CONSTANTS,10,FLD-REC-BCHCON-BATCH-CONTROL-CONSTANTS-BCT-DEP-REQUIRED,CONTAINS
REC-BCHCON-BATCH-CONTROL-CONSTANTS,10,FLD-REC-BCHCON-BATCH-CONTROL-CONSTANTS-BCT-DEP-OPTIONAL,CONTAINS
REC-BCHCON-BATCH-CONTROL-CONSTANTS,10,FLD-REC-BCHCON-BATCH-CONTROL-CONSTANTS-BCT-DEP-EXCLUSIVE,CONTAINS
REC-BCHCON-BATCH-CONTROL-CONSTANTS,10,FLD-REC-BCHCON-BATCH-CONTROL-CONSTANTS-BCT-START-OF-DAY,CONTAINS
REC-BCHCON-BATCH-CONTROL-CONSTANTS,10,FLD-REC-BCHCON-BATCH-CONTROL-CONSTANTS-BCT-END-OF-DAY,CONTAINS
REC-BCHCON-BATCH-CONTROL-CONSTANTS,10,FLD-REC-BCHCON-BATCH-CONTROL-CONSTANTS-BCT-EMERGENCY,CONTAINS
REC-BCHCON-BATCH-CONTROL-CONSTANTS,10,FLD-REC-BCHCON-BATCH-CONTROL-CONSTANTS-BCT-REC-CONTROL,CONTAINS
REC-BCHCON-BATCH-CONTROL-CONSTANTS,10,FLD-REC-BCHCON-BATCH-CONTROL-CONSTANTS-BCT-REC-PROCESS,CONTAINS
REC-BCHCON-BATCH-CONTROL-CONSTANTS,10,FLD-REC-BCHCON-BATCH-CONTROL-CONSTANTS-BCT-REC-DEPEND,CONTAINS
REC-BCHCON-BATCH-CONTROL-CONSTANTS,10,FLD-REC-BCHCON-BATCH-CONTROL-CONSTANTS-BCT-REC-HISTORY,CONTAINS
REC-BCHCON-BATCH-CONTROL-CONSTANTS,10,FLD-REC-BCHCON-BATCH-CONTROL-CONSTANTS-BCT-MSG-STARTING,CONTAINS
REC-BCHCON-BATCH-CONTROL-CONSTANTS,10,FLD-REC-BCHCON-BATCH-CONTROL-CONSTANTS-BCT-MSG-COMPLETE,CONTAINS
REC-BCHCON-BATCH-CONTROL-CONSTANTS,10,FLD-REC-BCHCON-BATCH-CONTROL-CONSTANTS-BCT-MSG-FAILED,CONTAINS
REC-BCHCON-BATCH-CONTROL-CONSTANTS,10,FLD-REC-BCHCON-BATCH-CONTROL-CONSTANTS-BCT-MSG-WAITING,CONTAINS
REC-BCHCTL-BATCH-CONTROL-RECORD,10,FLD-REC-BCHCTL-BATCH-CONTROL-RECORD-BCT-JOB-NAME,CONTAINS
REC-BCHCTL-BATCH-CONTROL-RECORD,10,FLD-REC-BCHCTL-BATCH-CONTROL-RECORD-BCT-PROCESS-DATE,CONTAINS
REC-BCHCTL-BATCH-CONTROL-RECORD,10,FLD-REC-BCHCTL-BATCH-CONTROL-RECORD-BCT-SEQUENCE-NO,CONTAINS
REC-BCHCTL-BATCH-CONTROL-RECORD,88,FLD-REC-BCHCTL-BATCH-CONTROL-RECORD-BCT-STATUS-READY,CONTAINS
REC-BCHCTL-BATCH-CONTROL-RECORD,88,FLD-REC-BCHCTL-BATCH-CONTROL-RECORD-BCT-STATUS-ACTIVE,CONTAINS
REC-BCHCTL-BATCH-CONTROL-RECORD,88,FLD-REC-BCHCTL-BATCH-CONTROL-RECORD-BCT-STATUS-WAITING,CONTAINS
REC-BCHCTL-BATCH-CONTROL-RECORD,88,FLD-REC-BCHCTL-BATCH-CONTROL-RECORD-BCT-STATUS-DONE,CONTAINS
REC-BCHCTL-BATCH-CONTROL-RECORD,88,FLD-REC-BCHCTL-BATCH-CONTROL-RECORD-BCT-STATUS-ERROR,CONTAINS
REC-BCHCTL-BATCH-CONTROL-RECORD,15,FLD-REC-BCHCTL-BATCH-CONTROL-RECORD-BCT-STEP-NAME,CONTAINS
REC-BCHCTL-BATCH-CONTROL-RECORD,15,FLD-REC-BCHCTL-BATCH-CONTROL-RECORD-BCT-PROGRAM-NAME,CONTAINS
REC-BCHCTL-BATCH-CONTROL-RECORD,15,FLD-REC-BCHCTL-BATCH-CONTROL-RECORD-BCT-START-TIME,CONTAINS
REC-BCHCTL-BATCH-CONTROL-RECORD,15,FLD-REC-BCHCTL-BATCH-CONTROL-RECORD-BCT-END-TIME,CONTAINS
REC-BCHCTL-BATCH-CONTROL-RECORD,15,FLD-REC-BCHCTL-BATCH-CONTROL-RECORD-BCT-PREREQ-COUNT,CONTAINS
REC-BCHCTL-BATCH-CONTROL-RECORD,20,FLD-REC-BCHCTL-BATCH-CONTROL-RECORD-BCT-PREREQ-NAME,CONTAINS
REC-BCHCTL-BATCH-CONTROL-RECORD,20,FLD-REC-BCHCTL-BATCH-CONTROL-RECORD-BCT-PREREQ-SEQ,CONTAINS
REC-BCHCTL-BATCH-CONTROL-RECORD,20,FLD-REC-BCHCTL-BATCH-CONTROL-RECORD-BCT-PREREQ-RC,CONTAINS
REC-BCHCTL-BATCH-CONTROL-RECORD,15,FLD-REC-BCHCTL-BATCH-CONTROL-RECORD-BCT-RETURN-CODE,CONTAINS
REC-BCHCTL-BATCH-CONTROL-RECORD,15,FLD-REC-BCHCTL-BATCH-CONTROL-RECORD-BCT-ERROR-DESC,CONTAINS
REC-BCHCTL-BATCH-CONTROL-RECORD,10,FLD-REC-BCHCTL-BATCH-CONTROL-RECORD-BCT-RESTART-COUNT,CONTAINS
REC-BCHCTL-BATCH-CONTROL-RECORD,10,FLD-REC-BCHCTL-BATCH-CONTROL-RECORD-BCT-ATTEMPT-TS,CONTAINS
REC-BCHCTL-BATCH-CONTROL-RECORD,10,FLD-REC-BCHCTL-BATCH-CONTROL-RECORD-BCT-COMPLETE-TS,CONTAINS
REC-BCHCTL-BATCH-CONTROL-RECORD,5,FLD-REC-BCHCTL-BATCH-CONTROL-RECORD-BCT-FILLER,CONTAINS
REC-CKPRST-CHECKPOINT-CONTROL,10,FLD-REC-CKPRST-CHECKPOINT-CONTROL-CK-PROGRAM-ID,CONTAINS
REC-CKPRST-CHECKPOINT-CONTROL,10,FLD-REC-CKPRST-CHECKPOINT-CONTROL-CK-RUN-DATE,CONTAINS
REC-CKPRST-CHECKPOINT-CONTROL,10,FLD-REC-CKPRST-CHECKPOINT-CONTROL-CK-RUN-TIME,CONTAINS
REC-CKPRST-CHECKPOINT-CONTROL,88,FLD-REC-CKPRST-CHECKPOINT-CONTROL-CK-INITIAL,CONTAINS
REC-CKPRST-CHECKPOINT-CONTROL,88,FLD-REC-CKPRST-CHECKPOINT-CONTROL-CK-ACTIVE,CONTAINS
REC-CKPRST-CHECKPOINT-CONTROL,88,FLD-REC-CKPRST-CHECKPOINT-CONTROL-CK-COMPLETE,CONTAINS
REC-CKPRST-CHECKPOINT-CONTROL,88,FLD-REC-CKPRST-CHECKPOINT-CONTROL-CK-FAILED,CONTAINS
REC-CKPRST-CHECKPOINT-CONTROL,88,FLD-REC-CKPRST-CHECKPOINT-CONTROL-CK-RESTARTED,CONTAINS
REC-CKPRST-CHECKPOINT-CONTROL,10,FLD-REC-CKPRST-CHECKPOINT-CONTROL-CK-RECORDS-READ,CONTAINS
REC-CKPRST-CHECKPOINT-CONTROL,10,FLD-REC-CKPRST-CHECKPOINT-CONTROL-CK-RECORDS-PROC,CONTAINS
REC-CKPRST-CHECKPOINT-CONTROL,10,FLD-REC-CKPRST-CHECKPOINT-CONTROL-CK-RECORDS-ERROR,CONTAINS
REC-CKPRST-CHECKPOINT-CONTROL,10,FLD-REC-CKPRST-CHECKPOINT-CONTROL-CK-RESTART-COUNT,CONTAINS
REC-CKPRST-CHECKPOINT-CONTROL,10,FLD-REC-CKPRST-CHECKPOINT-CONTROL-CK-LAST-KEY,CONTAINS
REC-CKPRST-CHECKPOINT-CONTROL,10,FLD-REC-CKPRST-CHECKPOINT-CONTROL-CK-LAST-TIME,CONTAINS
REC-CKPRST-CHECKPOINT-CONTROL,88,FLD-REC-CKPRST-CHECKPOINT-CONTROL-CK-PHASE-INIT,CONTAINS
REC-CKPRST-CHECKPOINT-CONTROL,88,FLD-REC-CKPRST-CHECKPOINT-CONTROL-CK-PHASE-READ,CONTAINS
REC-CKPRST-CHECKPOINT-CONTROL,88,FLD-REC-CKPRST-CHECKPOINT-CONTROL-CK-PHASE-PROC,CONTAINS
REC-CKPRST-CHECKPOINT-CONTROL,88,FLD-REC-CKPRST-CHECKPOINT-CONTROL-CK-PHASE-UPDT,CONTAINS
REC-CKPRST-CHECKPOINT-CONTROL,88,FLD-REC-CKPRST-CHECKPOINT-CONTROL-CK-PHASE-TERM,CONTAINS
REC-CKPRST-CHECKPOINT-CONTROL,15,FLD-REC-CKPRST-CHECKPOINT-CONTROL-CK-FILE-NAME,CONTAINS
REC-CKPRST-CHECKPOINT-CONTROL,15,FLD-REC-CKPRST-CHECKPOINT-CONTROL-CK-FILE-POS,CONTAINS
REC-CKPRST-CHECKPOINT-CONTROL,15,FLD-REC-CKPRST-CHECKPOINT-CONTROL-CK-FILE-STATUS,CONTAINS
REC-CKPRST-CHECKPOINT-CONTROL,10,FLD-REC-CKPRST-CHECKPOINT-CONTROL-CK-COMMIT-FREQ,CONTAINS
REC-CKPRST-CHECKPOINT-CONTROL,10,FLD-REC-CKPRST-CHECKPOINT-CONTROL-CK-MAX-ERRORS,CONTAINS
REC-CKPRST-CHECKPOINT-CONTROL,10,FLD-REC-CKPRST-CHECKPOINT-CONTROL-CK-MAX-RESTARTS,CONTAINS
REC-CKPRST-CHECKPOINT-CONTROL,88,FLD-REC-CKPRST-CHECKPOINT-CONTROL-CK-MODE-NORMAL,CONTAINS
REC-CKPRST-CHECKPOINT-CONTROL,88,FLD-REC-CKPRST-CHECKPOINT-CONTROL-CK-MODE-RESTART,CONTAINS
REC-CKPRST-CHECKPOINT-CONTROL,88,FLD-REC-CKPRST-CHECKPOINT-CONTROL-CK-MODE-RECOVER,CONTAINS
REC-CKPRST-CHECKPOINT-RECORD,10,FLD-REC-CKPRST-CHECKPOINT-RECORD-CKR-PROGRAM-ID,CONTAINS
REC-CKPRST-CHECKPOINT-RECORD,10,FLD-REC-CKPRST-CHECKPOINT-RECORD-CKR-RUN-DATE,CONTAINS
REC-CKPRST-CHECKPOINT-RECORD,5,FLD-REC-CKPRST-CHECKPOINT-RECORD-CKR-DATA,CONTAINS
REC-COMMON-RETURN-CODES,5,FLD-REC-COMMON-RETURN-CODES-RC-SUCCESS,CONTAINS
REC-COMMON-RETURN-CODES,5,FLD-REC-COMMON-RETURN-CODES-RC-WARNING,CONTAINS
REC-COMMON-RETURN-CODES,5,FLD-REC-COMMON-RETURN-CODES-RC-ERROR,CONTAINS
REC-COMMON-RETURN-CODES,5,FLD-REC-COMMON-RETURN-CODES-RC-SEVERE,CONTAINS
REC-COMMON-RETURN-CODES,5,FLD-REC-COMMON-RETURN-CODES-RC-CRITICAL,CONTAINS
REC-COMMON-STATUS-CODES,5,FLD-REC-COMMON-STATUS-CODES-STATUS-ACTIVE,CONTAINS
REC-COMMON-STATUS-CODES,5,FLD-REC-COMMON-STATUS-CODES-STATUS-CLOSED,CONTAINS
REC-COMMON-STATUS-CODES,5,FLD-REC-COMMON-STATUS-CODES-STATUS-PENDING,CONTAINS
REC-COMMON-STATUS-CODES,5,FLD-REC-COMMON-STATUS-CODES-STATUS-SUSPENDED,CONTAINS
REC-COMMON-STATUS-CODES,5,FLD-REC-COMMON-STATUS-CODES-STATUS-FAILED,CONTAINS
REC-COMMON-STATUS-CODES,5,FLD-REC-COMMON-STATUS-CODES-STATUS-REVERSED,CONTAINS
REC-COMMON-TRANSACTION-TYPES,5,FLD-REC-COMMON-TRANSACTION-TYPES-TRN-TYPE-BUY,CONTAINS
REC-COMMON-TRANSACTION-TYPES,5,FLD-REC-COMMON-TRANSACTION-TYPES-TRN-TYPE-SELL,CONTAINS
REC-COMMON-TRANSACTION-TYPES,5,FLD-REC-COMMON-TRANSACTION-TYPES-TRN-TYPE-TRANSFER,CONTAINS
REC-COMMON-TRANSACTION-TYPES,5,FLD-REC-COMMON-TRANSACTION-TYPES-TRN-TYPE-FEE,CONTAINS
REC-COMMON-COMMON-DATETIME,10,FLD-REC-COMMON-COMMON-DATETIME-CURR-YEAR,CONTAINS
REC-COMMON-COMMON-DATETIME,10,FLD-REC-COMMON-COMMON-DATETIME-CURR-MONTH,CONTAINS
REC-COMMON-COMMON-DATETIME,10,FLD-REC-COMMON-COMMON-DATETIME-CURR-DAY,CONTAINS
REC-COMMON-COMMON-DATETIME,10,FLD-REC-COMMON-COMMON-DATETIME-CURR-HOUR,CONTAINS
REC-COMMON-COMMON-DATETIME,10,FLD-REC-COMMON-COMMON-DATETIME-CURR-MINUTE,CONTAINS
REC-COMMON-COMMON-DATETIME,10,FLD-REC-COMMON-COMMON-DATETIME-CURR-SECOND,CONTAINS
REC-COMMON-COMMON-DATETIME,10,FLD-REC-COMMON-COMMON-DATETIME-CURR-MSEC,CONTAINS
REC-COMMON-ERROR-HANDLING,5,FLD-REC-COMMON-ERROR-HANDLING-ERROR-CODE,CONTAINS
REC-COMMON-ERROR-HANDLING,5,FLD-REC-COMMON-ERROR-HANDLING-ERROR-MODULE,CONTAINS
REC-COMMON-ERROR-HANDLING,5,FLD-REC-COMMON-ERROR-HANDLING-ERROR-ROUTINE,CONTAINS
REC-COMMON-ERROR-HANDLING,5,FLD-REC-COMMON-ERROR-HANDLING-ERROR-MESSAGE,CONTAINS
REC-COMMON-AUDIT-FIELDS,5,FLD-REC-COMMON-AUDIT-FIELDS-AUDIT-TIMESTAMP,CONTAINS
REC-COMMON-AUDIT-FIELDS,5,FLD-REC-COMMON-AUDIT-FIELDS-AUDIT-USER,CONTAINS
REC-COMMON-AUDIT-FIELDS,5,FLD-REC-COMMON-AUDIT-FIELDS-AUDIT-TERMINAL,CONTAINS
REC-COMMON-AUDIT-FIELDS,5,FLD-REC-COMMON-AUDIT-FIELDS-AUDIT-PROGRAM,CONTAINS
REC-COMMON-CURRENCY-CODES,5,FLD-REC-COMMON-CURRENCY-CODES-CURR-USD,CONTAINS
REC-COMMON-CURRENCY-CODES,5,FLD-REC-COMMON-CURRENCY-CODES-CURR-EUR,CONTAINS
REC-COMMON-CURRENCY-CODES,5,FLD-REC-COMMON-CURRENCY-CODES-CURR-GBP,CONTAINS
REC-COMMON-CURRENCY-CODES,5,FLD-REC-COMMON-CURRENCY-CODES-CURR-JPY,CONTAINS
REC-COMMON-CURRENCY-CODES,5,FLD-REC-COMMON-CURRENCY-CODES-CURR-CAD,CONTAINS
REC-ERRHAND-ERR-CATEGORIES,5,FLD-REC-ERRHAND-ERR-CATEGORIES-ERR-CAT-VSAM,CONTAINS
REC-ERRHAND-ERR-CATEGORIES,5,FLD-REC-ERRHAND-ERR-CATEGORIES-ERR-CAT-VALID,CONTAINS
REC-ERRHAND-ERR-CATEGORIES,5,FLD-REC-ERRHAND-ERR-CATEGORIES-ERR-CAT-PROC,CONTAINS
REC-ERRHAND-ERR-CATEGORIES,5,FLD-REC-ERRHAND-ERR-CATEGORIES-ERR-CAT-SYSTEM,CONTAINS
REC-ERRHAND-ERR-RETURN-CODES,5,FLD-REC-ERRHAND-ERR-RETURN-CODES-ERR-SUCCESS,CONTAINS
REC-ERRHAND-ERR-RETURN-CODES,5,FLD-REC-ERRHAND-ERR-RETURN-CODES-ERR-WARNING,CONTAINS
REC-ERRHAND-ERR-RETURN-CODES,5,FLD-REC-ERRHAND-ERR-RETURN-CODES-ERR-ERROR,CONTAINS
REC-ERRHAND-ERR-RETURN-CODES,5,FLD-REC-ERRHAND-ERR-RETURN-CODES-ERR-SEVERE,CONTAINS
REC-ERRHAND-ERR-RETURN-CODES,5,FLD-REC-ERRHAND-ERR-RETURN-CODES-ERR-TERMINAL,CONTAINS
REC-ERRHAND-ERR-MESSAGE,10,FLD-REC-ERRHAND-ERR-MESSAGE-ERR-DATE,CONTAINS
REC-ERRHAND-ERR-MESSAGE,10,FLD-REC-ERRHAND-ERR-MESSAGE-ERR-TIME,CONTAINS
REC-ERRHAND-ERR-MESSAGE,5,FLD-REC-ERRHAND-ERR-MESSAGE-ERR-PROGRAM,CONTAINS
REC-ERRHAND-ERR-MESSAGE,5,FLD-REC-ERRHAND-ERR-MESSAGE-ERR-CATEGORY,CONTAINS
REC-ERRHAND-ERR-MESSAGE,5,FLD-REC-ERRHAND-ERR-MESSAGE-ERR-CODE,CONTAINS
REC-ERRHAND-ERR-MESSAGE,5,FLD-REC-ERRHAND-ERR-MESSAGE-ERR-SEVERITY,CONTAINS
REC-ERRHAND-ERR-MESSAGE,5,FLD-REC-ERRHAND-ERR-MESSAGE-ERR-TEXT,CONTAINS
REC-ERRHAND-ERR-MESSAGE,5,FLD-REC-ERRHAND-ERR-MESSAGE-ERR-DETAILS,CONTAINS
REC-ERRHAND-ERR-VSAM-STATUSES,5,FLD-REC-ERRHAND-ERR-VSAM-STATUSES-ERR-VSAM-SUCCESS,CONTAINS
REC-ERRHAND-ERR-VSAM-STATUSES,5,FLD-REC-ERRHAND-ERR-VSAM-STATUSES-ERR-VSAM-DUPKEY,CONTAINS
REC-ERRHAND-ERR-VSAM-STATUSES,5,FLD-REC-ERRHAND-ERR-VSAM-STATUSES-ERR-VSAM-NOTFND,CONTAINS
REC-ERRHAND-ERR-VSAM-STATUSES,5,FLD-REC-ERRHAND-ERR-VSAM-STATUSES-ERR-VSAM-EOF,CONTAINS
REC-ERRHAND-ERR-VSAM-MSGS,5,FLD-REC-ERRHAND-ERR-VSAM-MSGS-ERR-VSAM-22,CONTAINS
REC-ERRHAND-ERR-VSAM-MSGS,5,FLD-REC-ERRHAND-ERR-VSAM-MSGS-ERR-VSAM-23,CONTAINS
REC-ERRHAND-ERR-VSAM-MSGS,5,FLD-REC-ERRHAND-ERR-VSAM-MSGS-ERR-OTHER,CONTAINS
REC-HISTREC-HISTORY-RECORD,10,FLD-REC-HISTREC-HISTORY-RECORD-HIST-PORTFOLIO-ID,CONTAINS
REC-HISTREC-HISTORY-RECORD,10,FLD-REC-HISTREC-HISTORY-RECORD-HIST-DATE,CONTAINS
REC-HISTREC-HISTORY-RECORD,10,FLD-REC-HISTREC-HISTORY-RECORD-HIST-TIME,CONTAINS
REC-HISTREC-HISTORY-RECORD,10,FLD-REC-HISTREC-HISTORY-RECORD-HIST-SEQ-NO,CONTAINS
REC-HISTREC-HISTORY-RECORD,88,FLD-REC-HISTREC-HISTORY-RECORD-HIST-TYPE-PORT,CONTAINS
REC-HISTREC-HISTORY-RECORD,88,FLD-REC-HISTREC-HISTORY-RECORD-HIST-TYPE-POS,CONTAINS
REC-HISTREC-HISTORY-RECORD,88,FLD-REC-HISTREC-HISTORY-RECORD-HIST-TYPE-TRN,CONTAINS
REC-HISTREC-HISTORY-RECORD,88,FLD-REC-HISTREC-HISTORY-RECORD-HIST-ACTION-ADD,CONTAINS
REC-HISTREC-HISTORY-RECORD,88,FLD-REC-HISTREC-HISTORY-RECORD-HIST-ACTION-CHG,CONTAINS
REC-HISTREC-HISTORY-RECORD,88,FLD-REC-HISTREC-HISTORY-RECORD-HIST-ACTION-DEL,CONTAINS
REC-HISTREC-HISTORY-RECORD,10,FLD-REC-HISTREC-HISTORY-RECORD-HIST-BEFORE-IMAGE,CONTAINS
REC-HISTREC-HISTORY-RECORD,10,FLD-REC-HISTREC-HISTORY-RECORD-HIST-AFTER-IMAGE,CONTAINS
REC-HISTREC-HISTORY-RECORD,10,FLD-REC-HISTREC-HISTORY-RECORD-HIST-REASON-CODE,CONTAINS
REC-HISTREC-HISTORY-RECORD,10,FLD-REC-HISTREC-HISTORY-RECORD-HIST-PROCESS-DATE,CONTAINS
REC-HISTREC-HISTORY-RECORD,10,FLD-REC-HISTREC-HISTORY-RECORD-HIST-PROCESS-USER,CONTAINS
REC-HISTREC-HISTORY-RECORD,5,FLD-REC-HISTREC-HISTORY-RECORD-HIST-FILLER,CONTAINS
REC-PORTFLIO-PORT-RECORD,10,FLD-REC-PORTFLIO-PORT-RECORD-PORT-ID,CONTAINS
REC-PORTFLIO-PORT-RECORD,10,FLD-REC-PORTFLIO-PORT-RECORD-PORT-ACCOUNT-NO,CONTAINS
REC-PORTFLIO-PORT-RECORD,10,FLD-REC-PORTFLIO-PORT-RECORD-PORT-CLIENT-NAME,CONTAINS
REC-PORTFLIO-PORT-RECORD,88,FLD-REC-PORTFLIO-PORT-RECORD-PORT-INDIVIDUAL,CONTAINS
REC-PORTFLIO-PORT-RECORD,88,FLD-REC-PORTFLIO-PORT-RECORD-PORT-CORPORATE,CONTAINS
REC-PORTFLIO-PORT-RECORD,88,FLD-REC-PORTFLIO-PORT-RECORD-PORT-TRUST,CONTAINS
REC-PORTFLIO-PORT-RECORD,10,FLD-REC-PORTFLIO-PORT-RECORD-PORT-CREATE-DATE,CONTAINS
REC-PORTFLIO-PORT-RECORD,10,FLD-REC-PORTFLIO-PORT-RECORD-PORT-LAST-MAINT,CONTAINS
REC-PORTFLIO-PORT-RECORD,88,FLD-REC-PORTFLIO-PORT-RECORD-PORT-ACTIVE,CONTAINS
REC-PORTFLIO-PORT-RECORD,88,FLD-REC-PORTFLIO-PORT-RECORD-PORT-CLOSED,CONTAINS
REC-PORTFLIO-PORT-RECORD,88,FLD-REC-PORTFLIO-PORT-RECORD-PORT-SUSPENDED,CONTAINS
REC-PORTFLIO-PORT-RECORD,10,FLD-REC-PORTFLIO-PORT-RECORD-PORT-TOTAL-VALUE,CONTAINS
REC-PORTFLIO-PORT-RECORD,10,FLD-REC-PORTFLIO-PORT-RECORD-PORT-CASH-BALANCE,CONTAINS
REC-PORTFLIO-PORT-RECORD,10,FLD-REC-PORTFLIO-PORT-RECORD-PORT-LAST-USER,CONTAINS
REC-PORTFLIO-PORT-RECORD,10,FLD-REC-PORTFLIO-PORT-RECORD-PORT-LAST-TRANS,CONTAINS
REC-PORTFLIO-PORT-RECORD,5,FLD-REC-PORTFLIO-PORT-RECORD-PORT-FILLER,CONTAINS
REC-PORTVAL-VAL-RETURN-CODES,5,FLD-REC-PORTVAL-VAL-RETURN-CODES-VAL-SUCCESS,CONTAINS
REC-PORTVAL-VAL-RETURN-CODES,5,FLD-REC-PORTVAL-VAL-RETURN-CODES-VAL-INVALID-ID,CONTAINS
REC-PORTVAL-VAL-RETURN-CODES,5,FLD-REC-PORTVAL-VAL-RETURN-CODES-VAL-INVALID-ACCT,CONTAINS
REC-PORTVAL-VAL-RETURN-CODES,5,FLD-REC-PORTVAL-VAL-RETURN-CODES-VAL-INVALID-TYPE,CONTAINS
REC-PORTVAL-VAL-RETURN-CODES,5,FLD-REC-PORTVAL-VAL-RETURN-CODES-VAL-INVALID-AMT,CONTAINS
REC-PORTVAL-VAL-ERROR-MESSAGES,5,FLD-REC-PORTVAL-VAL-ERROR-MESSAGES-VAL-ERR-ID,CONTAINS
REC-PORTVAL-VAL-ERROR-MESSAGES,5,FLD-REC-PORTVAL-VAL-ERROR-MESSAGES-VAL-ERR-ACCT,CONTAINS
REC-PORTVAL-VAL-ERROR-MESSAGES,5,FLD-REC-PORTVAL-VAL-ERROR-MESSAGES-VAL-ERR-TYPE,CONTAINS
REC-PORTVAL-VAL-ERROR-MESSAGES,5,FLD-REC-PORTVAL-VAL-ERROR-MESSAGES-VAL-ERR-AMT,CONTAINS
REC-PORTVAL-VAL-CONSTANTS,5,FLD-REC-PORTVAL-VAL-CONSTANTS-VAL-MIN-AMOUNT,CONTAINS
REC-PORTVAL-VAL-CONSTANTS,5,FLD-REC-PORTVAL-VAL-CONSTANTS-VAL-MAX-AMOUNT,CONTAINS
REC-PORTVAL-VAL-CONSTANTS,5,FLD-REC-PORTVAL-VAL-CONSTANTS-VAL-ID-PREFIX,CONTAINS
REC-PORTVAL-VAL-WORK-AREAS,5,FLD-REC-PORTVAL-VAL-WORK-AREAS-VAL-NUMERIC-CHECK,CONTAINS
REC-PORTVAL-VAL-WORK-AREAS,5,FLD-REC-PORTVAL-VAL-WORK-AREAS-VAL-TEMP-NUM,CONTAINS
REC-PORTVAL-VAL-WORK-AREAS,5,FLD-REC-PORTVAL-VAL-WORK-AREAS-VAL-ERROR-CODE,CONTAINS
REC-PORTVAL-VAL-WORK-AREAS,5,FLD-REC-PORTVAL-VAL-WORK-AREAS-VAL-ERROR-MSG,CONTAINS
REC-POSREC-POSITION-RECORD,10,FLD-REC-POSREC-POSITION-RECORD-POS-PORTFOLIO-ID,CONTAINS
REC-POSREC-POSITION-RECORD,10,FLD-REC-POSREC-POSITION-RECORD-POS-DATE,CONTAINS
REC-POSREC-POSITION-RECORD,10,FLD-REC-POSREC-POSITION-RECORD-POS-INVESTMENT-ID,CONTAINS
REC-POSREC-POSITION-RECORD,10,FLD-REC-POSREC-POSITION-RECORD-POS-QUANTITY,CONTAINS
REC-POSREC-POSITION-RECORD,10,FLD-REC-POSREC-POSITION-RECORD-POS-COST-BASIS,CONTAINS
REC-POSREC-POSITION-RECORD,10,FLD-REC-POSREC-POSITION-RECORD-POS-MARKET-VALUE,CONTAINS
REC-POSREC-POSITION-RECORD,10,FLD-REC-POSREC-POSITION-RECORD-POS-CURRENCY,CONTAINS
REC-POSREC-POSITION-RECORD,88,FLD-REC-POSREC-POSITION-RECORD-POS-STATUS-ACTIVE,CONTAINS
REC-POSREC-POSITION-RECORD,88,FLD-REC-POSREC-POSITION-RECORD-POS-STATUS-CLOSED,CONTAINS
REC-POSREC-POSITION-RECORD,88,FLD-REC-POSREC-POSITION-RECORD-POS-STATUS-PEND,CONTAINS
REC-POSREC-POSITION-RECORD,10,FLD-REC-POSREC-POSITION-RECORD-POS-LAST-MAINT-DATE,CONTAINS
REC-POSREC-POSITION-RECORD,10,FLD-REC-POSREC-POSITION-RECORD-POS-LAST-MAINT-USER,CONTAINS
REC-POSREC-POSITION-RECORD,5,FLD-REC-POSREC-POSITION-RECORD-POS-FILLER,CONTAINS
REC-RETHND-RETURN-HANDLING,88,FLD-REC-RETHND-RETURN-HANDLING-RC-SUCCESS,CONTAINS
REC-RETHND-RETURN-HANDLING,88,FLD-REC-RETHND-RETURN-HANDLING-RC-WARNING,CONTAINS
REC-RETHND-RETURN-HANDLING,88,FLD-REC-RETHND-RETURN-HANDLING-RC-ERROR,CONTAINS
REC-RETHND-RETURN-HANDLING,88,FLD-REC-RETHND-RETURN-HANDLING-RC-SEVERE,CONTAINS
REC-RETHND-RETURN-HANDLING,88,FLD-REC-RETHND-RETURN-HANDLING-RC-CRITICAL,CONTAINS
REC-RETHND-RETURN-HANDLING,10,FLD-REC-RETHND-RETURN-HANDLING-REASON-CODE,CONTAINS
REC-RETHND-RETURN-HANDLING,10,FLD-REC-RETHND-RETURN-HANDLING-MODULE-ID,CONTAINS
REC-RETHND-RETURN-HANDLING,10,FLD-REC-RETHND-RETURN-HANDLING-FUNCTION-ID,CONTAINS
REC-RETHND-RETURN-HANDLING,15,FLD-REC-RETHND-RETURN-HANDLING-PROGRAM-NAME,CONTAINS
REC-RETHND-RETURN-HANDLING,15,FLD-REC-RETHND-RETURN-HANDLING-PARAGRAPH-NAME,CONTAINS
REC-RETHND-RETURN-HANDLING,15,FLD-REC-RETHND-RETURN-HANDLING-ERROR-ROUTINE,CONTAINS
REC-RETHND-RETURN-HANDLING,88,FLD-REC-RETHND-RETURN-HANDLING-ERR-VALIDATION,CONTAINS
REC-RETHND-RETURN-HANDLING,88,FLD-REC-RETHND-RETURN-HANDLING-ERR-PROCESSING,CONTAINS
REC-RETHND-RETURN-HANDLING,88,FLD-REC-RETHND-RETURN-HANDLING-ERR-DATABASE,CONTAINS
REC-RETHND-RETURN-HANDLING,88,FLD-REC-RETHND-RETURN-HANDLING-ERR-FILE,CONTAINS
REC-RETHND-RETURN-HANDLING,88,FLD-REC-RETHND-RETURN-HANDLING-ERR-SECURITY,CONTAINS
REC-RETHND-RETURN-HANDLING,15,FLD-REC-RETHND-RETURN-HANDLING-ERROR-CODE,CONTAINS
REC-RETHND-RETURN-HANDLING,15,FLD-REC-RETHND-RETURN-HANDLING-ERROR-TEXT,CONTAINS
REC-RETHND-RETURN-HANDLING,15,FLD-REC-RETHND-RETURN-HANDLING-SYSTEM-CODE,CONTAINS
REC-RETHND-RETURN-HANDLING,15,FLD-REC-RETHND-RETURN-HANDLING-SYSTEM-MSG,CONTAINS
REC-RETHND-RETURN-HANDLING,88,FLD-REC-RETHND-RETURN-HANDLING-ACTION-CONTINUE,CONTAINS
REC-RETHND-RETURN-HANDLING,88,FLD-REC-RETHND-RETURN-HANDLING-ACTION-ABORT,CONTAINS
REC-RETHND-RETURN-HANDLING,88,FLD-REC-RETHND-RETURN-HANDLING-ACTION-RETRY,CONTAINS
REC-RETHND-RETURN-HANDLING,10,FLD-REC-RETHND-RETURN-HANDLING-RETRY-COUNT,CONTAINS
REC-RETHND-RETURN-HANDLING,10,FLD-REC-RETHND-RETURN-HANDLING-MAX-RETRIES,CONTAINS
REC-RETHND-STD-ERROR-CODES,5,FLD-REC-RETHND-STD-ERROR-CODES-ERR-INVALID-DATA,CONTAINS
REC-RETHND-STD-ERROR-CODES,5,FLD-REC-RETHND-STD-ERROR-CODES-ERR-NOT-FOUND,CONTAINS
REC-RETHND-STD-ERROR-CODES,5,FLD-REC-RETHND-STD-ERROR-CODES-ERR-DUPLICATE,CONTAINS
REC-RETHND-STD-ERROR-CODES,5,FLD-REC-RETHND-STD-ERROR-CODES-ERR-FILE-ERROR,CONTAINS
REC-RETHND-STD-ERROR-CODES,5,FLD-REC-RETHND-STD-ERROR-CODES-ERR-DB-ERROR,CONTAINS
REC-RETHND-STD-ERROR-CODES,5,FLD-REC-RETHND-STD-ERROR-CODES-ERR-SECURITY,CONTAINS
REC-RETHND-STD-ERROR-CODES,5,FLD-REC-RETHND-STD-ERROR-CODES-ERR-PROCESSING,CONTAINS
REC-RETHND-STD-ERROR-CODES,5,FLD-REC-RETHND-STD-ERROR-CODES-ERR-VALIDATION,CONTAINS
REC-RETHND-STD-ERROR-CODES,5,FLD-REC-RETHND-STD-ERROR-CODES-ERR-VERSION,CONTAINS
REC-RETHND-STD-ERROR-CODES,5,FLD-REC-RETHND-STD-ERROR-CODES-ERR-TIMEOUT,CONTAINS
REC-RTNCODE-RETURN-CODE-AREA,88,FLD-REC-RTNCODE-RETURN-CODE-AREA-RC-INITIALIZE,CONTAINS
REC-RTNCODE-RETURN-CODE-AREA,88,FLD-REC-RTNCODE-RETURN-CODE-AREA-RC-SET-CODE,CONTAINS
REC-RTNCODE-RETURN-CODE-AREA,88,FLD-REC-RTNCODE-RETURN-CODE-AREA-RC-GET-CODE,CONTAINS
REC-RTNCODE-RETURN-CODE-AREA,88,FLD-REC-RTNCODE-RETURN-CODE-AREA-RC-LOG-CODE,CONTAINS
REC-RTNCODE-RETURN-CODE-AREA,88,FLD-REC-RTNCODE-RETURN-CODE-AREA-RC-ANALYZE,CONTAINS
REC-RTNCODE-RETURN-CODE-AREA,5,FLD-REC-RTNCODE-RETURN-CODE-AREA-RC-PROGRAM-ID,CONTAINS
REC-RTNCODE-RETURN-CODE-AREA,10,FLD-REC-RTNCODE-RETURN-CODE-AREA-RC-CURRENT-CODE,CONTAINS
REC-RTNCODE-RETURN-CODE-AREA,10,FLD-REC-RTNCODE-RETURN-CODE-AREA-RC-HIGHEST-CODE,CONTAINS
REC-RTNCODE-RETURN-CODE-AREA,10,FLD-REC-RTNCODE-RETURN-CODE-AREA-RC-NEW-CODE,CONTAINS
REC-RTNCODE-RETURN-CODE-AREA,88,FLD-REC-RTNCODE-RETURN-CODE-AREA-RC-STATUS-SUCCESS,CONTAINS
REC-RTNCODE-RETURN-CODE-AREA,88,FLD-REC-RTNCODE-RETURN-CODE-AREA-RC-STATUS-WARNING,CONTAINS
REC-RTNCODE-RETURN-CODE-AREA,88,FLD-REC-RTNCODE-RETURN-CODE-AREA-RC-STATUS-ERROR,CONTAINS
REC-RTNCODE-RETURN-CODE-AREA,88,FLD-REC-RTNCODE-RETURN-CODE-AREA-RC-STATUS-SEVERE,CONTAINS
REC-RTNCODE-RETURN-CODE-AREA,5,FLD-REC-RTNCODE-RETURN-CODE-AREA-RC-MESSAGE,CONTAINS
REC-RTNCODE-RETURN-CODE-AREA,5,FLD-REC-RTNCODE-RETURN-CODE-AREA-RC-RESPONSE-CODE,CONTAINS
REC-RTNCODE-RETURN-CODE-AREA,10,FLD-REC-RTNCODE-RETURN-CODE-AREA-RC-START-TIME,CONTAINS
REC-RTNCODE-RETURN-CODE-AREA,10,FLD-REC-RTNCODE-RETURN-CODE-AREA-RC-END-TIME,CONTAINS
REC-RTNCODE-RETURN-CODE-AREA,10,FLD-REC-RTNCODE-RETURN-CODE-AREA-RC-TOTAL-CODES,CONTAINS
REC-RTNCODE-RETURN-CODE-AREA,10,FLD-REC-RTNCODE-RETURN-CODE-AREA-RC-MAX-CODE,CONTAINS
REC-RTNCODE-RETURN-CODE-AREA,10,FLD-REC-RTNCODE-RETURN-CODE-AREA-RC-MIN-CODE,CONTAINS
REC-RTNCODE-RETURN-CODE-AREA,10,FLD-REC-RTNCODE-RETURN-CODE-AREA-RC-RETURN-VALUE,CONTAINS
REC-RTNCODE-RETURN-CODE-AREA,10,FLD-REC-RTNCODE-RETURN-CODE-AREA-RC-HIGHEST-RETURN,CONTAINS
REC-RTNCODE-RETURN-CODE-AREA,10,FLD-REC-RTNCODE-RETURN-CODE-AREA-RC-RETURN-STATUS,CONTAINS
REC-TRNREC-TRANSACTION-RECORD,10,FLD-REC-TRNREC-TRANSACTION-RECORD-TRN-DATE,CONTAINS
REC-TRNREC-TRANSACTION-RECORD,10,FLD-REC-TRNREC-TRANSACTION-RECORD-TRN-TIME,CONTAINS
REC-TRNREC-TRANSACTION-RECORD,10,FLD-REC-TRNREC-TRANSACTION-RECORD-TRN-PORTFOLIO-ID,CONTAINS
REC-TRNREC-TRANSACTION-RECORD,10,FLD-REC-TRNREC-TRANSACTION-RECORD-TRN-SEQUENCE-NO,CONTAINS
REC-TRNREC-TRANSACTION-RECORD,10,FLD-REC-TRNREC-TRANSACTION-RECORD-TRN-INVESTMENT-ID,CONTAINS
REC-TRNREC-TRANSACTION-RECORD,88,FLD-REC-TRNREC-TRANSACTION-RECORD-TRN-TYPE-BUY,CONTAINS
REC-TRNREC-TRANSACTION-RECORD,88,FLD-REC-TRNREC-TRANSACTION-RECORD-TRN-TYPE-SELL,CONTAINS
REC-TRNREC-TRANSACTION-RECORD,88,FLD-REC-TRNREC-TRANSACTION-RECORD-TRN-TYPE-TRANS,CONTAINS
REC-TRNREC-TRANSACTION-RECORD,88,FLD-REC-TRNREC-TRANSACTION-RECORD-TRN-TYPE-FEE,CONTAINS
REC-TRNREC-TRANSACTION-RECORD,10,FLD-REC-TRNREC-TRANSACTION-RECORD-TRN-QUANTITY,CONTAINS
REC-TRNREC-TRANSACTION-RECORD,10,FLD-REC-TRNREC-TRANSACTION-RECORD-TRN-PRICE,CONTAINS
REC-TRNREC-TRANSACTION-RECORD,10,FLD-REC-TRNREC-TRANSACTION-RECORD-TRN-AMOUNT,CONTAINS
REC-TRNREC-TRANSACTION-RECORD,10,FLD-REC-TRNREC-TRANSACTION-RECORD-TRN-CURRENCY,CONTAINS
REC-TRNREC-TRANSACTION-RECORD,88,FLD-REC-TRNREC-TRANSACTION-RECORD-TRN-STATUS-PEND,CONTAINS
REC-TRNREC-TRANSACTION-RECORD,88,FLD-REC-TRNREC-TRANSACTION-RECORD-TRN-STATUS-DONE,CONTAINS
REC-TRNREC-TRANSACTION-RECORD,88,FLD-REC-TRNREC-TRANSACTION-RECORD-TRN-STATUS-FAIL,CONTAINS
REC-TRNREC-TRANSACTION-RECORD,88,FLD-REC-TRNREC-TRANSACTION-RECORD-TRN-STATUS-REV,CONTAINS
REC-TRNREC-TRANSACTION-RECORD,10,FLD-REC-TRNREC-TRANSACTION-RECORD-TRN-PROCESS-DATE,CONTAINS
REC-TRNREC-TRANSACTION-RECORD,10,FLD-REC-TRNREC-TRANSACTION-RECORD-TRN-PROCESS-USER,CONTAINS
REC-TRNREC-TRANSACTION-RECORD,5,FLD-REC-TRNREC-TRANSACTION-RECORD-TRN-FILLER,CONTAINS
REC-DBPROC-DB2-ERROR-HANDLING,10,FLD-REC-DBPROC-DB2-ERROR-HANDLING-FILLER_0012,CONTAINS
REC-DBPROC-DB2-ERROR-HANDLING,10,FLD-REC-DBPROC-DB2-ERROR-HANDLING-DB2-SQLCODE-TXT,CONTAINS
REC-DBPROC-DB2-ERROR-HANDLING,10,FLD-REC-DBPROC-DB2-ERROR-HANDLING-FILLER_0014,CONTAINS
REC-DBPROC-DB2-ERROR-HANDLING,10,FLD-REC-DBPROC-DB2-ERROR-HANDLING-DB2-STATE,CONTAINS
REC-DBPROC-DB2-ERROR-HANDLING,10,FLD-REC-DBPROC-DB2-ERROR-HANDLING-FILLER_0016,CONTAINS
REC-DBPROC-DB2-ERROR-HANDLING,10,FLD-REC-DBPROC-DB2-ERROR-HANDLING-DB2-ERROR-TEXT,CONTAINS
REC-DBPROC-DB2-ERROR-HANDLING,5,FLD-REC-DBPROC-DB2-ERROR-HANDLING-DB2-SAVE-STATUS,CONTAINS
REC-DBPROC-DB2-ERROR-HANDLING,5,FLD-REC-DBPROC-DB2-ERROR-HANDLING-DB2-RETRY-COUNT,CONTAINS
REC-DBPROC-DB2-ERROR-HANDLING,5,FLD-REC-DBPROC-DB2-ERROR-HANDLING-DB2-MAX-RETRIES,CONTAINS
REC-DBPROC-DB2-ERROR-HANDLING,5,FLD-REC-DBPROC-DB2-ERROR-HANDLING-DB2-RETRY-WAIT,CONTAINS
REC-DBTBLS-POSHIST-RECORD,5,FLD-REC-DBTBLS-POSHIST-RECORD-PH-ACCOUNT-NO,CONTAINS
REC-DBTBLS-POSHIST-RECORD,5,FLD-REC-DBTBLS-POSHIST-RECORD-PH-PORTFOLIO-ID,CONTAINS
REC-DBTBLS-POSHIST-RECORD,5,FLD-REC-DBTBLS-POSHIST-RECORD-PH-TRANS-DATE,CONTAINS
REC-DBTBLS-POSHIST-RECORD,5,FLD-REC-DBTBLS-POSHIST-RECORD-PH-TRANS-TIME,CONTAINS
REC-DBTBLS-POSHIST-RECORD,5,FLD-REC-DBTBLS-POSHIST-RECORD-PH-TRANS-TYPE,CONTAINS
REC-DBTBLS-POSHIST-RECORD,5,FLD-REC-DBTBLS-POSHIST-RECORD-PH-SECURITY-ID,CONTAINS
REC-DBTBLS-POSHIST-RECORD,5,FLD-REC-DBTBLS-POSHIST-RECORD-PH-QUANTITY,CONTAINS
REC-DBTBLS-POSHIST-RECORD,5,FLD-REC-DBTBLS-POSHIST-RECORD-PH-PRICE,CONTAINS
REC-DBTBLS-POSHIST-RECORD,5,FLD-REC-DBTBLS-POSHIST-RECORD-PH-AMOUNT,CONTAINS
REC-DBTBLS-POSHIST-RECORD,5,FLD-REC-DBTBLS-POSHIST-RECORD-PH-FEES,CONTAINS
REC-DBTBLS-POSHIST-RECORD,5,FLD-REC-DBTBLS-POSHIST-RECORD-PH-TOTAL-AMOUNT,CONTAINS
REC-DBTBLS-POSHIST-RECORD,5,FLD-REC-DBTBLS-POSHIST-RECORD-PH-COST-BASIS,CONTAINS
REC-DBTBLS-POSHIST-RECORD,5,FLD-REC-DBTBLS-POSHIST-RECORD-PH-GAIN-LOSS,CONTAINS
REC-DBTBLS-POSHIST-RECORD,5,FLD-REC-DBTBLS-POSHIST-RECORD-PH-PROCESS-DATE,CONTAINS
REC-DBTBLS-POSHIST-RECORD,5,FLD-REC-DBTBLS-POSHIST-RECORD-PH-PROCESS-TIME,CONTAINS
REC-DBTBLS-POSHIST-RECORD,5,FLD-REC-DBTBLS-POSHIST-RECORD-PH-PROGRAM-ID,CONTAINS
REC-DBTBLS-POSHIST-RECORD,5,FLD-REC-DBTBLS-POSHIST-RECORD-PH-USER-ID,CONTAINS
REC-DBTBLS-POSHIST-RECORD,5,FLD-REC-DBTBLS-POSHIST-RECORD-PH-AUDIT-TIMESTAMP,CONTAINS
REC-DBTBLS-ERRLOG-RECORD,5,FLD-REC-DBTBLS-ERRLOG-RECORD-EL-ERROR-TIMESTAMP,CONTAINS
REC-DBTBLS-ERRLOG-RECORD,5,FLD-REC-DBTBLS-ERRLOG-RECORD-EL-PROGRAM-ID,CONTAINS
REC-DBTBLS-ERRLOG-RECORD,88,FLD-REC-DBTBLS-ERRLOG-RECORD-EL-TYPE-SYSTEM,CONTAINS
REC-DBTBLS-ERRLOG-RECORD,88,FLD-REC-DBTBLS-ERRLOG-RECORD-EL-TYPE-APP,CONTAINS
REC-DBTBLS-ERRLOG-RECORD,88,FLD-REC-DBTBLS-ERRLOG-RECORD-EL-TYPE-DATA,CONTAINS
REC-DBTBLS-ERRLOG-RECORD,88,FLD-REC-DBTBLS-ERRLOG-RECORD-EL-SEV-INFO,CONTAINS
REC-DBTBLS-ERRLOG-RECORD,88,FLD-REC-DBTBLS-ERRLOG-RECORD-EL-SEV-WARN,CONTAINS
REC-DBTBLS-ERRLOG-RECORD,88,FLD-REC-DBTBLS-ERRLOG-RECORD-EL-SEV-ERROR,CONTAINS
REC-DBTBLS-ERRLOG-RECORD,88,FLD-REC-DBTBLS-ERRLOG-RECORD-EL-SEV-SEVERE,CONTAINS
REC-DBTBLS-ERRLOG-RECORD,5,FLD-REC-DBTBLS-ERRLOG-RECORD-EL-ERROR-CODE,CONTAINS
REC-DBTBLS-ERRLOG-RECORD,5,FLD-REC-DBTBLS-ERRLOG-RECORD-EL-ERROR-MESSAGE,CONTAINS
REC-DBTBLS-ERRLOG-RECORD,5,FLD-REC-DBTBLS-ERRLOG-RECORD-EL-PROCESS-DATE,CONTAINS
REC-DBTBLS-ERRLOG-RECORD,5,FLD-REC-DBTBLS-ERRLOG-RECORD-EL-PROCESS-TIME,CONTAINS
REC-DBTBLS-ERRLOG-RECORD,5,FLD-REC-DBTBLS-ERRLOG-RECORD-EL-USER-ID,CONTAINS
REC-DBTBLS-ERRLOG-RECORD,5,FLD-REC-DBTBLS-ERRLOG-RECORD-EL-ADDITIONAL-INFO,CONTAINS
REC-SQLCA-SQL-STATUS-CODES,5,FLD-REC-SQLCA-SQL-STATUS-CODES-SQL-SUCCESS,CONTAINS
REC-SQLCA-SQL-STATUS-CODES,5,FLD-REC-SQLCA-SQL-STATUS-CODES-SQL-NOT-FOUND,CONTAINS
REC-SQLCA-SQL-STATUS-CODES,5,FLD-REC-SQLCA-SQL-STATUS-CODES-SQL-DUP-KEY,CONTAINS
REC-SQLCA-SQL-STATUS-CODES,5,FLD-REC-SQLCA-SQL-STATUS-CODES-SQL-DEADLOCK,CONTAINS
REC-SQLCA-SQL-STATUS-CODES,5,FLD-REC-SQLCA-SQL-STATUS-CODES-SQL-TIMEOUT,CONTAINS
REC-SQLCA-SQL-STATUS-CODES,5,FLD-REC-SQLCA-SQL-STATUS-CODES-SQL-CONNECTION-ERROR,CONTAINS
REC-SQLCA-SQL-STATUS-CODES,5,FLD-REC-SQLCA-SQL-STATUS-CODES-SQL-DB-ERROR,CONTAINS
REC-DB2REQ-DB2-REQUEST-AREA,88,FLD-REC-DB2REQ-DB2-REQUEST-AREA-DB2-CONNECT,CONTAINS
REC-DB2REQ-DB2-REQUEST-AREA,88,FLD-REC-DB2REQ-DB2-REQUEST-AREA-DB2-DISCONNECT,CONTAINS
REC-DB2REQ-DB2-REQUEST-AREA,88,FLD-REC-DB2REQ-DB2-REQUEST-AREA-DB2-STATUS,CONTAINS
REC-DB2REQ-DB2-REQUEST-AREA,5,FLD-REC-DB2REQ-DB2-REQUEST-AREA-DB2-RESPONSE-CODE,CONTAINS
REC-DB2REQ-DB2-REQUEST-AREA,5,FLD-REC-DB2REQ-DB2-REQUEST-AREA-DB2-CONNECTION-TOKEN,CONTAINS
REC-DB2REQ-DB2-REQUEST-AREA,10,FLD-REC-DB2REQ-DB2-REQUEST-AREA-DB2-SQLCODE,CONTAINS
REC-DB2REQ-DB2-REQUEST-AREA,10,FLD-REC-DB2REQ-DB2-REQUEST-AREA-DB2-ERROR-MSG,CONTAINS
REC-ERRHND-ERROR-HANDLING,5,FLD-REC-ERRHND-ERROR-HANDLING-ERR-PROGRAM,CONTAINS
REC-ERRHND-ERROR-HANDLING,5,FLD-REC-ERRHND-ERROR-HANDLING-ERR-PARAGRAPH,CONTAINS
REC-ERRHND-ERROR-HANDLING,5,FLD-REC-ERRHND-ERROR-HANDLING-ERR-SQLCODE,CONTAINS
REC-ERRHND-ERROR-HANDLING,5,FLD-REC-ERRHND-ERROR-HANDLING-ERR-CICS-RESP,CONTAINS
REC-ERRHND-ERROR-HANDLING,5,FLD-REC-ERRHND-ERROR-HANDLING-ERR-CICS-RESP2,CONTAINS
REC-ERRHND-ERROR-HANDLING,88,FLD-REC-ERRHND-ERROR-HANDLING-ERR-FATAL,CONTAINS
REC-ERRHND-ERROR-HANDLING,88,FLD-REC-ERRHND-ERROR-HANDLING-ERR-WARNING,CONTAINS
REC-ERRHND-ERROR-HANDLING,88,FLD-REC-ERRHND-ERROR-HANDLING-ERR-INFO,CONTAINS
REC-ERRHND-ERROR-HANDLING,5,FLD-REC-ERRHND-ERROR-HANDLING-ERR-MESSAGE,CONTAINS
REC-ERRHND-ERROR-HANDLING,88,FLD-REC-ERRHND-ERROR-HANDLING-ERR-RETURN,CONTAINS
REC-ERRHND-ERROR-HANDLING,88,FLD-REC-ERRHND-ERROR-HANDLING-ERR-CONTINUE,CONTAINS
REC-ERRHND-ERROR-HANDLING,88,FLD-REC-ERRHND-ERROR-HANDLING-ERR-ABEND,CONTAINS
REC-ERRHND-ERROR-HANDLING,10,FLD-REC-ERRHND-ERROR-HANDLING-ERR-TRACE-ID,CONTAINS
REC-ERRHND-ERROR-HANDLING,10,FLD-REC-ERRHND-ERROR-HANDLING-ERR-TIMESTAMP,CONTAINS
REC-INQCOM-INQCOM-AREA,88,FLD-REC-INQCOM-INQCOM-AREA-INQCOM-MENU,CONTAINS
REC-INQCOM-INQCOM-AREA,88,FLD-REC-INQCOM-INQCOM-AREA-INQCOM-PORTFOLIO,CONTAINS
REC-INQCOM-INQCOM-AREA,88,FLD-REC-INQCOM-INQCOM-AREA-INQCOM-HISTORY,CONTAINS
REC-INQCOM-INQCOM-AREA,88,FLD-REC-INQCOM-INQCOM-AREA-INQCOM-EXIT,CONTAINS
REC-INQCOM-INQCOM-AREA,5,FLD-REC-INQCOM-INQCOM-AREA-INQCOM-ACCOUNT-NO,CONTAINS
REC-INQCOM-INQCOM-AREA,5,FLD-REC-INQCOM-INQCOM-AREA-INQCOM-RESPONSE-CODE,CONTAINS
REC-INQCOM-INQCOM-AREA,5,FLD-REC-INQCOM-INQCOM-AREA-INQCOM-ERROR-MSG,CONTAINS
REC-PRCSEQ-PROCESS-SEQUENCE-RECORD,10,FLD-REC-PRCSEQ-PROCESS-SEQUENCE-RECORD-PSR-PROCESS-ID,CONTAINS
REC-PRCSEQ-PROCESS-SEQUENCE-RECORD,10,FLD-REC-PRCSEQ-PROCESS-SEQUENCE-RECORD-PSR-VERSION,CONTAINS
REC-PRCSEQ-PROCESS-SEQUENCE-RECORD,10,FLD-REC-PRCSEQ-PROCESS-SEQUENCE-RECORD-PSR-DESCRIPTION,CONTAINS
REC-PRCSEQ-PROCESS-SEQUENCE-RECORD,88,FLD-REC-PRCSEQ-PROCESS-SEQUENCE-RECORD-PSR-TYPE-INIT,CONTAINS
REC-PRCSEQ-PROCESS-SEQUENCE-RECORD,88,FLD-REC-PRCSEQ-PROCESS-SEQUENCE-RECORD-PSR-TYPE-PROC,CONTAINS
REC-PRCSEQ-PROCESS-SEQUENCE-RECORD,88,FLD-REC-PRCSEQ-PROCESS-SEQUENCE-RECORD-PSR-TYPE-RPT,CONTAINS
REC-PRCSEQ-PROCESS-SEQUENCE-RECORD,88,FLD-REC-PRCSEQ-PROCESS-SEQUENCE-RECORD-PSR-TYPE-TERM,CONTAINS
REC-PRCSEQ-PROCESS-SEQUENCE-RECORD,88,FLD-REC-PRCSEQ-PROCESS-SEQUENCE-RECORD-PSR-DAILY,CONTAINS
REC-PRCSEQ-PROCESS-SEQUENCE-RECORD,88,FLD-REC-PRCSEQ-PROCESS-SEQUENCE-RECORD-PSR-WEEKLY,CONTAINS
REC-PRCSEQ-PROCESS-SEQUENCE-RECORD,88,FLD-REC-PRCSEQ-PROCESS-SEQUENCE-RECORD-PSR-MONTHLY,CONTAINS
REC-PRCSEQ-PROCESS-SEQUENCE-RECORD,15,FLD-REC-PRCSEQ-PROCESS-SEQUENCE-RECORD-PSR-START-TIME,CONTAINS
REC-PRCSEQ-PROCESS-SEQUENCE-RECORD,15,FLD-REC-PRCSEQ-PROCESS-SEQUENCE-RECORD-PSR-MAX-TIME,CONTAINS
REC-PRCSEQ-PROCESS-SEQUENCE-RECORD,15,FLD-REC-PRCSEQ-PROCESS-SEQUENCE-RECORD-PSR-DEP-COUNT,CONTAINS
REC-PRCSEQ-PROCESS-SEQUENCE-RECORD,20,FLD-REC-PRCSEQ-PROCESS-SEQUENCE-RECORD-PSR-DEP-ID,CONTAINS
REC-PRCSEQ-PROCESS-SEQUENCE-RECORD,88,FLD-REC-PRCSEQ-PROCESS-SEQUENCE-RECORD-PSR-DEP-HARD,CONTAINS
REC-PRCSEQ-PROCESS-SEQUENCE-RECORD,88,FLD-REC-PRCSEQ-PROCESS-SEQUENCE-RECORD-PSR-DEP-SOFT,CONTAINS
REC-PRCSEQ-PROCESS-SEQUENCE-RECORD,20,FLD-REC-PRCSEQ-PROCESS-SEQUENCE-RECORD-PSR-DEP-RC,CONTAINS
REC-PRCSEQ-PROCESS-SEQUENCE-RECORD,15,FLD-REC-PRCSEQ-PROCESS-SEQUENCE-RECORD-PSR-PROGRAM,CONTAINS
REC-PRCSEQ-PROCESS-SEQUENCE-RECORD,15,FLD-REC-PRCSEQ-PROCESS-SEQUENCE-RECORD-PSR-PARM,CONTAINS
REC-PRCSEQ-PROCESS-SEQUENCE-RECORD,15,FLD-REC-PRCSEQ-PROCESS-SEQUENCE-RECORD-PSR-MAX-RC,CONTAINS
REC-PRCSEQ-PROCESS-SEQUENCE-RECORD,88,FLD-REC-PRCSEQ-PROCESS-SEQUENCE-RECORD-PSR-RESTARTABLE,CONTAINS
REC-PRCSEQ-PROCESS-SEQUENCE-RECORD,88,FLD-REC-PRCSEQ-PROCESS-SEQUENCE-RECORD-PSR-NO-RESTART,CONTAINS
REC-PRCSEQ-PROCESS-SEQUENCE-RECORD,88,FLD-REC-PRCSEQ-PROCESS-SEQUENCE-RECORD-PSR-WEEKDAY,CONTAINS
REC-PRCSEQ-PROCESS-SEQUENCE-RECORD,88,FLD-REC-PRCSEQ-PROCESS-SEQUENCE-RECORD-PSR-WEEKEND,CONTAINS
REC-PRCSEQ-PROCESS-SEQUENCE-RECORD,88,FLD-REC-PRCSEQ-PROCESS-SEQUENCE-RECORD-PSR-ALL-DAYS,CONTAINS
REC-PRCSEQ-PROCESS-SEQUENCE-RECORD,88,FLD-REC-PRCSEQ-PROCESS-SEQUENCE-RECORD-PSR-LAST-DAY,CONTAINS
REC-PRCSEQ-PROCESS-SEQUENCE-RECORD,88,FLD-REC-PRCSEQ-PROCESS-SEQUENCE-RECORD-PSR-SKIP-HOL,CONTAINS
REC-PRCSEQ-PROCESS-SEQUENCE-RECORD,88,FLD-REC-PRCSEQ-PROCESS-SEQUENCE-RECORD-PSR-RUN-HOL,CONTAINS
REC-PRCSEQ-PROCESS-SEQUENCE-RECORD,10,FLD-REC-PRCSEQ-PROCESS-SEQUENCE-RECORD-PSR-RECOVERY-PGM,CONTAINS
REC-PRCSEQ-PROCESS-SEQUENCE-RECORD,10,FLD-REC-PRCSEQ-PROCESS-SEQUENCE-RECORD-PSR-RECOVERY-PARM,CONTAINS
REC-PRCSEQ-PROCESS-SEQUENCE-RECORD,10,FLD-REC-PRCSEQ-PROCESS-SEQUENCE-RECORD-PSR-ERROR-LIMIT,CONTAINS
REC-PRCSEQ-PROCESS-SEQUENCE-RECORD,10,FLD-REC-PRCSEQ-PROCESS-SEQUENCE-RECORD-PSR-CREATE-DATE,CONTAINS
REC-PRCSEQ-PROCESS-SEQUENCE-RECORD,10,FLD-REC-PRCSEQ-PROCESS-SEQUENCE-RECORD-PSR-CREATE-USER,CONTAINS
REC-PRCSEQ-PROCESS-SEQUENCE-RECORD,10,FLD-REC-PRCSEQ-PROCESS-SEQUENCE-RECORD-PSR-UPDATE-DATE,CONTAINS
REC-PRCSEQ-PROCESS-SEQUENCE-RECORD,10,FLD-REC-PRCSEQ-PROCESS-SEQUENCE-RECORD-PSR-UPDATE-USER,CONTAINS
REC-PRCSEQ-PROCESS-SEQUENCE-RECORD,5,FLD-REC-PRCSEQ-PROCESS-SEQUENCE-RECORD-PSR-FILLER,CONTAINS
REC-PRCSEQ-STANDARD-SEQUENCES,10,FLD-REC-PRCSEQ-STANDARD-SEQUENCES-FILLER_0065,CONTAINS
REC-PRCSEQ-STANDARD-SEQUENCES,10,FLD-REC-PRCSEQ-STANDARD-SEQUENCES-FILLER_0066,CONTAINS
REC-PRCSEQ-STANDARD-SEQUENCES,10,FLD-REC-PRCSEQ-STANDARD-SEQUENCES-FILLER_0067,CONTAINS
REC-PRCSEQ-STANDARD-SEQUENCES,10,FLD-REC-PRCSEQ-STANDARD-SEQUENCES-FILLER_0069,CONTAINS
REC-PRCSEQ-STANDARD-SEQUENCES,10,FLD-REC-PRCSEQ-STANDARD-SEQUENCES-FILLER_0070,CONTAINS
REC-PRCSEQ-STANDARD-SEQUENCES,10,FLD-REC-PRCSEQ-STANDARD-SEQUENCES-FILLER_0071,CONTAINS
REC-PRCSEQ-STANDARD-SEQUENCES,10,FLD-REC-PRCSEQ-STANDARD-SEQUENCES-FILLER_0073,CONTAINS
REC-PRCSEQ-STANDARD-SEQUENCES,10,FLD-REC-PRCSEQ-STANDARD-SEQUENCES-FILLER_0074,CONTAINS
REC-PRCSEQ-STANDARD-SEQUENCES,10,FLD-REC-PRCSEQ-STANDARD-SEQUENCES-FILLER_0075,CONTAINS
