:START_ID,section,:END_ID,:TYPE
BCHCTL00,0000-MAIN,BCHCTL00::0000-MAIN,CONTAINS
BCHCTL00,1000-PROCESS-INITIALIZE,BCHCTL00::1000-PROCESS-INITIALIZE,CONTAINS
BCHCTL00,2000-CHECK-PREREQUISITES,BCHCTL00::2000-CHECK-PREREQUISITES,CONTAINS
BCHCTL00,3000-UPDATE-STATUS,BCHCTL00::3000-UPDATE-STATUS,CONTAINS
BCHCTL00,4000-PROCESS-TERMINATE,BCHCTL00::4000-PROCESS-TERMINATE,CONTAINS
BCHCTL00,9000-ERROR-ROUTINE,BCHCTL00::9000-ERROR-ROUTINE,CONTAINS
CKPRST,PROC-COMMIT-CHECKPOINT,CKPRST::PROC-COMMIT-CHECKPOINT,CONTAINS
CKPRST,PROC-INIT,CKPRST::PROC-INIT,CONTAINS
CKPRST,PROC-RESTART,CKPRST::PROC-RESTART,CONTAINS
CKPRST,PROC-TAKE-CHECKPOINT,CKPRST::PROC-TAKE-CHECKPOINT,CONTAINS
CKPRST,RETURN-STATUS,CKPRST::RETURN-STATUS,CONTAINS
HISTLD00,0000-MAIN,HISTLD00::0000-MAIN,CONTAINS
HISTLD00,1000-INITIALIZE,HISTLD00::1000-INITIALIZE,CONTAINS
HISTLD00,1100-OPEN-FILES,HISTLD00::1100-OPEN-FILES,CONTAINS
HISTLD00,1200-CONNECT-DB2,HISTLD00::1200-CONNECT-DB2,CONTAINS
HISTLD00,1300-INIT-CHECKPOINTS,HISTLD00::1300-INIT-CHECKPOINTS,CONTAINS
HISTLD00,2000-PROCESS,HISTLD00::2000-PROCESS,CONTAINS
HISTLD00,2100-READ-HISTORY,HISTLD00::2100-READ-HISTORY,CONTAINS
HISTLD00,2200-LOAD-TO-DB2,HISTLD00::2200-LOAD-TO-DB2,CONTAINS
HISTLD00,2300-CHECK-COMMIT,HISTLD00::2300-CHECK-COMMIT,CONTAINS
HISTLD00,2310-UPDATE-CHECKPOINT,HISTLD00::2310-UPDATE-CHECKPOINT,CONTAINS
HISTLD00,3000-TERMINATE,HISTLD00::3000-TERMINATE,CONTAINS
HISTLD00,3100-FINAL-COMMIT,HISTLD00::3100-FINAL-COMMIT,CONTAINS
HISTLD00,3200-CLOSE-FILES,HISTLD00::3200-CLOSE-FILES,CONTAINS
HISTLD00,3300-DISCONNECT-DB2,HISTLD00::3300-DISCONNECT-DB2,CONTAINS
HISTLD00,3400-DISPLAY-STATS,HISTLD00::3400-DISPLAY-STATS,CONTAINS
HISTLD00,9000-ERROR-ROUTINE,HISTLD00::9000-ERROR-ROUTINE,CONTAINS
PRCSEQ00,0000-MAIN,PRCSEQ00::0000-MAIN,CONTAINS
PRCSEQ00,1000-INITIALIZE-SEQUENCE,PRCSEQ00::1000-INITIALIZE-SEQUENCE,CONTAINS
PRCSEQ00,1100-OPEN-FILES,PRCSEQ00::1100-OPEN-FILES,CONTAINS
PRCSEQ00,1200-BUILD-SEQUENCE,PRCSEQ00::1200-BUILD-SEQUENCE,CONTAINS
PRCSEQ00,1210-ADD-TO-SEQUENCE,PRCSEQ00::1210-ADD-TO-SEQUENCE,CONTAINS
PRCSEQ00,1300-CREATE-CONTROL-RECORDS,PRCSEQ00::1300-CREATE-CONTROL-RECORDS,CONTAINS
PRCSEQ00,2000-GET-NEXT-PROCESS,PRCSEQ00::2000-GET-NEXT-PROCESS,CONTAINS
PRCSEQ00,2100-FIND-NEXT-READY,PRCSEQ00::2100-FIND-NEXT-READY,CONTAINS
PRCSEQ00,2200-CHECK-DEPENDENCIES,PRCSEQ00::2200-CHECK-DEPENDENCIES,CONTAINS
PRCSEQ00,2210-CHECK-DEP-STATUS,PRCSEQ00::2210-CHECK-DEP-STATUS,CONTAINS
PRCSEQ00,2300-UPDATE-PROCESS-STATUS,PRCSEQ00::2300-UPDATE-PROCESS-STATUS,CONTAINS
PRCSEQ00,3000-CHECK-STATUS,PRCSEQ00::3000-CHECK-STATUS,CONTAINS
PRCSEQ00,3100-READ-CONTROL-STATUS,PRCSEQ00::3100-READ-CONTROL-STATUS,CONTAINS
PRCSEQ00,3200-UPDATE-SEQUENCE-TABLE,PRCSEQ00::3200-UPDATE-SEQUENCE-TABLE,CONTAINS
PRCSEQ00,3300-CHECK-COMPLETION,PRCSEQ00::3300-CHECK-COMPLETION,CONTAINS
PRCSEQ00,4000-TERMINATE-SEQUENCE,PRCSEQ00::4000-TERMINATE-SEQUENCE,CONTAINS
PRCSEQ00,4100-CHECK-FINAL-STATUS,PRCSEQ00::4100-CHECK-FINAL-STATUS,CONTAINS
PRCSEQ00,4200-CLOSE-FILES,PRCSEQ00::4200-CLOSE-FILES,CONTAINS
PRCSEQ00,9000-ERROR-ROUTINE,PRCSEQ00::9000-ERROR-ROUTINE,CONTAINS
RCVPRC00,0000-MAIN,RCVPRC00::0000-MAIN,CONTAINS
RCVPRC00,1000-INITIALIZE-RECOVERY,RCVPRC00::1000-INITIALIZE-RECOVERY,CONTAINS
RCVPRC00,1100-OPEN-FILES,RCVPRC00::1100-OPEN-FILES,CONTAINS
RCVPRC00,1200-VALIDATE-REQUEST,RCVPRC00::1200-VALIDATE-REQUEST,CONTAINS
RCVPRC00,1300-SET-RECOVERY-MODE,RCVPRC00::1300-SET-RECOVERY-MODE,CONTAINS
RCVPRC00,2000-PROCESS-RECOVERY,RCVPRC00::2000-PROCESS-RECOVERY,CONTAINS
RCVPRC00,2100-RECOVER-PROCESS,RCVPRC00::2100-RECOVER-PROCESS,CONTAINS
RCVPRC00,2110-DETERMINE-ACTION,RCVPRC00::2110-DETERMINE-ACTION,CONTAINS
RCVPRC00,2120-EXECUTE-RECOVERY,RCVPRC00::2120-EXECUTE-RECOVERY,CONTAINS
RCVPRC00,2121-RESTART-PROCESS,RCVPRC00::2121-RESTART-PROCESS,CONTAINS
RCVPRC00,2122-BYPASS-PROCESS,RCVPRC00::2122-BYPASS-PROCESS,CONTAINS
RCVPRC00,2123-TERMINATE-PROCESS,RCVPRC00::2123-TERMINATE-PROCESS,CONTAINS
RCVPRC00,2200-RECOVER-SEQUENCE,RCVPRC00::2200-RECOVER-SEQUENCE,CONTAINS
RCVPRC00,2300-RECOVER-ALL,RCVPRC00::2300-RECOVER-ALL,CONTAINS
RCVPRC00,3000-TERMINATE-RECOVERY,RCVPRC00::3000-TERMINATE-RECOVERY,CONTAINS
RCVPRC00,3100-UPDATE-FINAL-STATUS,RCVPRC00::3100-UPDATE-FINAL-STATUS,CONTAINS
RCVPRC00,3200-CLOSE-FILES,RCVPRC00::3200-CLOSE-FILES,CONTAINS
RCVPRC00,9000-ERROR-ROUTINE,RCVPRC00::9000-ERROR-ROUTINE,CONTAINS
RPTAUD00,0000-MAIN,RPTAUD00::0000-MAIN,CONTAINS
RPTAUD00,1000-INITIALIZE,RPTAUD00::1000-INITIALIZE,CONTAINS
RPTAUD00,1100-OPEN-FILES,RPTAUD00::1100-OPEN-FILES,CONTAINS
RPTAUD00,1200-WRITE-HEADERS,RPTAUD00::1200-WRITE-HEADERS,CONTAINS
RPTAUD00,2000-PROCESS-REPORT,RPTAUD00::2000-PROCESS-REPORT,CONTAINS
RPTAUD00,2100-PROCESS-AUDIT-TRAIL,RPTAUD00::2100-PROCESS-AUDIT-TRAIL,CONTAINS
RPTAUD00,2200-PROCESS-ERROR-LOG,RPTAUD00::2200-PROCESS-ERROR-LOG,CONTAINS
RPTAUD00,2300-WRITE-SUMMARY,RPTAUD00::2300-WRITE-SUMMARY,CONTAINS
RPTAUD00,3000-CLEANUP,RPTAUD00::3000-CLEANUP,CONTAINS
RPTAUD00,9999-ERROR-HANDLER,RPTAUD00::9999-ERROR-HANDLER,CONTAINS
RPTAUD00,REPORT-FILE,RPTAUD00::REPORT-FILE,CONTAINS
RPTPOS00,0000-MAIN,RPTPOS00::0000-MAIN,CONTAINS
RPTPOS00,1000-INITIALIZE,RPTPOS00::1000-INITIALIZE,CONTAINS
RPTPOS00,1100-OPEN-FILES,RPTPOS00::1100-OPEN-FILES,CONTAINS
RPTPOS00,1200-WRITE-HEADERS,RPTPOS00::1200-WRITE-HEADERS,CONTAINS
RPTPOS00,2000-PROCESS-REPORT,RPTPOS00::2000-PROCESS-REPORT,CONTAINS
RPTPOS00,2100-READ-POSITIONS,RPTPOS00::2100-READ-POSITIONS,CONTAINS
RPTPOS00,2110-FORMAT-POSITION,RPTPOS00::2110-FORMAT-POSITION,CONTAINS
RPTPOS00,2200-PROCESS-TRANSACTIONS,RPTPOS00::2200-PROCESS-TRANSACTIONS,CONTAINS
RPTPOS00,2300-WRITE-SUMMARY,RPTPOS00::2300-WRITE-SUMMARY,CONTAINS
RPTPOS00,3000-CLEANUP,RPTPOS00::3000-CLEANUP,CONTAINS
RPTPOS00,9999-ERROR-HANDLER,RPTPOS00::9999-ERROR-HANDLER,CONTAINS
RPTPOS00,END-PERFORM,RPTPOS00::END-PERFORM,CONTAINS
RPTPOS00,REPORT-FILE,RPTPOS00::REPORT-FILE,CONTAINS
RPTSTA00,0000-MAIN,RPTSTA00::0000-MAIN,CONTAINS
RPTSTA00,1000-INITIALIZE,RPTSTA00::1000-INITIALIZE,CONTAINS
RPTSTA00,1100-OPEN-FILES,RPTSTA00::1100-OPEN-FILES,CONTAINS
RPTSTA00,1200-WRITE-HEADERS,RPTSTA00::1200-WRITE-HEADERS,CONTAINS
RPTSTA00,1300-INIT-ACCUMULATORS,RPTSTA00::1300-INIT-ACCUMULATORS,CONTAINS
RPTSTA00,2000-PROCESS-REPORT,RPTSTA00::2000-PROCESS-REPORT,CONTAINS
RPTSTA00,2100-PROCESS-DB2-STATS,RPTSTA00::2100-PROCESS-DB2-STATS,CONTAINS
RPTSTA00,2200-PROCESS-BATCH-STATS,RPTSTA00::2200-PROCESS-BATCH-STATS,CONTAINS
RPTSTA00,2300-CALCULATE-METRICS,RPTSTA00::2300-CALCULATE-METRICS,CONTAINS
RPTSTA00,2400-WRITE-REPORT,RPTSTA00::2400-WRITE-REPORT,CONTAINS
RPTSTA00,3000-CLEANUP,RPTSTA00::3000-CLEANUP,CONTAINS
RPTSTA00,9999-ERROR-HANDLER,RPTSTA00::9999-ERROR-HANDLER,CONTAINS
RPTSTA00,END-PERFORM,RPTSTA00::END-PERFORM,CONTAINS
RPTSTA00,REPORT-FILE,RPTSTA00::REPORT-FILE,CONTAINS
RTNANA00,END-EXEC,RTNANA00::END-EXEC,CONTAINS
RTNANA00,P100-EXIT,RTNANA00::P100-EXIT,CONTAINS
RTNANA00,P100-INIT-PROGRAM,RTNANA00::P100-INIT-PROGRAM,CONTAINS
RTNANA00,P200-EXIT,RTNANA00::P200-EXIT,CONTAINS
RTNANA00,P200-PROCESS-ANALYSIS,RTNANA00::P200-PROCESS-ANALYSIS,CONTAINS
RTNANA00,P210-EXIT,RTNANA00::P210-EXIT,CONTAINS
RTNANA00,P210-WRITE-HEADERS,RTNANA00::P210-WRITE-HEADERS,CONTAINS
RTNANA00,P220-EXIT,RTNANA00::P220-EXIT,CONTAINS
RTNANA00,P220-PROCESS-DETAIL,RTNANA00::P220-PROCESS-DETAIL,CONTAINS
RTNANA00,P300-EXIT,RTNANA00::P300-EXIT,CONTAINS
RTNANA00,P300-GENERATE-REPORT,RTNANA00::P300-GENERATE-REPORT,CONTAINS
RTNANA00,P900-CLOSE-FILES,RTNANA00::P900-CLOSE-FILES,CONTAINS
RTNANA00,P900-EXIT,RTNANA00::P900-EXIT,CONTAINS
RTNCDE00,END-EXEC,RTNCDE00::END-EXEC,CONTAINS
RTNCDE00,P100-EXIT,RTNCDE00::P100-EXIT,CONTAINS
RTNCDE00,P100-INIT-RETURN-CODES,RTNCDE00::P100-INIT-RETURN-CODES,CONTAINS
RTNCDE00,P200-EXIT,RTNCDE00::P200-EXIT,CONTAINS
RTNCDE00,P200-SET-RETURN-CODE,RTNCDE00::P200-SET-RETURN-CODE,CONTAINS
RTNCDE00,P300-EXIT,RTNCDE00::P300-EXIT,CONTAINS
RTNCDE00,P300-GET-RETURN-CODE,RTNCDE00::P300-GET-RETURN-CODE,CONTAINS
RTNCDE00,P400-EXIT,RTNCDE00::P400-EXIT,CONTAINS
RTNCDE00,P400-LOG-RETURN-CODE,RTNCDE00::P400-LOG-RETURN-CODE,CONTAINS
RTNCDE00,P500-ANALYZE-CODES,RTNCDE00::P500-ANALYZE-CODES,CONTAINS
RTNCDE00,P500-EXIT,RTNCDE00::P500-EXIT,CONTAINS
AUDPROC,0000-MAIN,AUDPROC::0000-MAIN,CONTAINS
AUDPROC,1000-INITIALIZE,AUDPROC::1000-INITIALIZE,CONTAINS
AUDPROC,2000-PROCESS-AUDIT,AUDPROC::2000-PROCESS-AUDIT,CONTAINS
AUDPROC,3000-TERMINATE,AUDPROC::3000-TERMINATE,CONTAINS
DB2CMT,0000-MAIN,DB2CMT::0000-MAIN,CONTAINS
DB2CMT,1000-INITIALIZE,DB2CMT::1000-INITIALIZE,CONTAINS
DB2CMT,2000-COMMIT,DB2CMT::2000-COMMIT,CONTAINS
DB2CMT,2100-ISSUE-COMMIT,DB2CMT::2100-ISSUE-COMMIT,CONTAINS
DB2CMT,3000-ROLLBACK,DB2CMT::3000-ROLLBACK,CONTAINS
DB2CMT,4000-SAVEPOINT,DB2CMT::4000-SAVEPOINT,CONTAINS
DB2CMT,5000-RESTORE,DB2CMT::5000-RESTORE,CONTAINS
DB2CMT,6000-STATISTICS,DB2CMT::6000-STATISTICS,CONTAINS
DB2CMT,9000-ERROR-ROUTINE,DB2CMT::9000-ERROR-ROUTINE,CONTAINS
DB2CMT,9100-LOG-ERROR,DB2CMT::9100-LOG-ERROR,CONTAINS
DB2CONN,0000-MAIN,DB2CONN::0000-MAIN,CONTAINS
DB2CONN,1000-CONNECT,DB2CONN::1000-CONNECT,CONTAINS
DB2CONN,1100-HANDLE-CONN-ERROR,DB2CONN::1100-HANDLE-CONN-ERROR,CONTAINS
DB2CONN,2000-DISCONNECT,DB2CONN::2000-DISCONNECT,CONTAINS
DB2CONN,3000-CHECK-STATUS,DB2CONN::3000-CHECK-STATUS,CONTAINS
DB2CONN,9000-ERROR-ROUTINE,DB2CONN::9000-ERROR-ROUTINE,CONTAINS
DB2ERR,0000-MAIN,DB2ERR::0000-MAIN,CONTAINS
DB2ERR,1000-LOG-ERROR,DB2ERR::1000-LOG-ERROR,CONTAINS
DB2ERR,1100-SET-SEVERITY,DB2ERR::1100-SET-SEVERITY,CONTAINS
DB2ERR,1200-INSERT-ERROR,DB2ERR::1200-INSERT-ERROR,CONTAINS
DB2ERR,2000-DIAGNOSE-ERROR,DB2ERR::2000-DIAGNOSE-ERROR,CONTAINS
DB2ERR,3000-RETRIEVE-ERROR,DB2ERR::3000-RETRIEVE-ERROR,CONTAINS
DB2ERR,9000-ERROR-ROUTINE,DB2ERR::9000-ERROR-ROUTINE,CONTAINS
DB2STAT,0000-MAIN,DB2STAT::0000-MAIN,CONTAINS
DB2STAT,1000-INITIALIZE,DB2STAT::1000-INITIALIZE,CONTAINS
DB2STAT,1100-CREATE-STATS-TABLE,DB2STAT::1100-CREATE-STATS-TABLE,CONTAINS
DB2STAT,1200-INSERT-INITIAL,DB2STAT::1200-INSERT-INITIAL,CONTAINS
DB2STAT,2000-UPDATE-STATS,DB2STAT::2000-UPDATE-STATS,CONTAINS
DB2STAT,3000-TERMINATE,DB2STAT::3000-TERMINATE,CONTAINS
DB2STAT,3100-CALC-TIMES,DB2STAT::3100-CALC-TIMES,CONTAINS
DB2STAT,4000-DISPLAY-STATS,DB2STAT::4000-DISPLAY-STATS,CONTAINS
DB2STAT,9000-ERROR-ROUTINE,DB2STAT::9000-ERROR-ROUTINE,CONTAINS
ERRPROC,0000-MAIN,ERRPROC::0000-MAIN,CONTAINS
ERRPROC,1000-INITIALIZE,ERRPROC::1000-INITIALIZE,CONTAINS
ERRPROC,2000-PROCESS-ERROR,ERRPROC::2000-PROCESS-ERROR,CONTAINS
ERRPROC,2100-WRITE-LOG,ERRPROC::2100-WRITE-LOG,CONTAINS
ERRPROC,2200-DISPLAY-ERROR,ERRPROC::2200-DISPLAY-ERROR,CONTAINS
ERRPROC,3000-TERMINATE,ERRPROC::3000-TERMINATE,CONTAINS
CURSMGR,END-EXEC,CURSMGR::END-EXEC,CONTAINS
CURSMGR,P100-DECLARE-CURSOR,CURSMGR::P100-DECLARE-CURSOR,CONTAINS
CURSMGR,P100-EXIT,CURSMGR::P100-EXIT,CONTAINS
CURSMGR,P200-OPEN-CURSOR,CURSMGR::P200-OPEN-CURSOR,CONTAINS
DB2ONLN,END-EXEC,DB2ONLN::END-EXEC,CONTAINS
DB2ONLN,P100-EXIT,DB2ONLN::P100-EXIT,CONTAINS
DB2ONLN,P100-PROCESS-CONNECT,DB2ONLN::P100-PROCESS-CONNECT,CONTAINS
DB2ONLN,P110-ESTABLISH-CONNECTION,DB2ONLN::P110-ESTABLISH-CONNECTION,CONTAINS
DB2ONLN,P110-EXIT,DB2ONLN::P110-EXIT,CONTAINS
DB2ONLN,P120-EXIT,DB2ONLN::P120-EXIT,CONTAINS
DB2ONLN,P120-GENERATE-TOKEN,DB2ONLN::P120-GENERATE-TOKEN,CONTAINS
DB2ONLN,P200-EXIT,DB2ONLN::P200-EXIT,CONTAINS
DB2ONLN,P200-PROCESS-DISCONNECT,DB2ONLN::P200-PROCESS-DISCONNECT,CONTAINS
DB2ONLN,P300-CHECK-STATUS,DB2ONLN::P300-CHECK-STATUS,CONTAINS
DB2ONLN,P300-EXIT,DB2ONLN::P300-EXIT,CONTAINS
DB2RECV,END-EXEC,DB2RECV::END-EXEC,CONTAINS
DB2RECV,END-PERFORM,DB2RECV::END-PERFORM,CONTAINS
DB2RECV,P100-EXIT,DB2RECV::P100-EXIT,CONTAINS
DB2RECV,P100-RECOVER-CONNECTION,DB2RECV::P100-RECOVER-CONNECTION,CONTAINS
DB2RECV,P110-ATTEMPT-RECONNECT,DB2RECV::P110-ATTEMPT-RECONNECT,CONTAINS
DB2RECV,P110-EXIT,DB2RECV::P110-EXIT,CONTAINS
DB2RECV,P120-EXIT,DB2RECV::P120-EXIT,CONTAINS
DB2RECV,P120-WAIT-INTERVAL,DB2RECV::P120-WAIT-INTERVAL,CONTAINS
DB2RECV,P200-EXIT,DB2RECV::P200-EXIT,CONTAINS
DB2RECV,P200-RECOVER-TRANSACTION,DB2RECV::P200-RECOVER-TRANSACTION,CONTAINS
DB2RECV,P300-EXIT,DB2RECV::P300-EXIT,CONTAINS
DB2RECV,P300-RECOVER-CURSOR,DB2RECV::P300-RECOVER-CURSOR,CONTAINS
ERRHNDL,END-EXEC,ERRHNDL::END-EXEC,CONTAINS
ERRHNDL,P100-EXIT,ERRHNDL::P100-EXIT,CONTAINS
ERRHNDL,P100-INIT-ERROR-HANDLER,ERRHNDL::P100-INIT-ERROR-HANDLER,CONTAINS
ERRHNDL,P200-EXIT,ERRHNDL::P200-EXIT,CONTAINS
ERRHNDL,P200-LOG-ERROR,ERRHNDL::P200-LOG-ERROR,CONTAINS
ERRHNDL,P300-EXIT,ERRHNDL::P300-EXIT,CONTAINS
ERRHNDL,P300-FORMAT-MESSAGE,ERRHNDL::P300-FORMAT-MESSAGE,CONTAINS
ERRHNDL,P400-DETERMINE-ACTION,ERRHNDL::P400-DETERMINE-ACTION,CONTAINS
ERRHNDL,P400-EXIT,ERRHNDL::P400-EXIT,CONTAINS
INQHIST,END-EXEC,INQHIST::END-EXEC,CONTAINS
INQHIST,P100-EXIT,INQHIST::P100-EXIT,CONTAINS
INQHIST,P100-INIT-PROGRAM,INQHIST::P100-INIT-PROGRAM,CONTAINS
INQHIST,P150-DB2-CONNECT,INQHIST::P150-DB2-CONNECT,CONTAINS
INQHIST,P150-EXIT,INQHIST::P150-EXIT,CONTAINS
INQHIST,P200-EXIT,INQHIST::P200-EXIT,CONTAINS
INQHIST,P200-GET-HISTORY,INQHIST::P200-GET-HISTORY,CONTAINS
INQHIST,P250-EXIT,INQHIST::P250-EXIT,CONTAINS
INQHIST,P250-FETCH-HISTORY,INQHIST::P250-FETCH-HISTORY,CONTAINS
INQHIST,P300-EXIT,INQHIST::P300-EXIT,CONTAINS
INQHIST,P300-FORMAT-DISPLAY,INQHIST::P300-FORMAT-DISPLAY,CONTAINS
INQHIST,P999-ERROR-ROUTINE,INQHIST::P999-ERROR-ROUTINE,CONTAINS
INQHIST,P999-EXIT,INQHIST::P999-EXIT,CONTAINS
INQONLN,END-EXEC,INQONLN::END-EXEC,CONTAINS
INQONLN,P050-EXIT,INQONLN::P050-EXIT,CONTAINS
INQONLN,P050-SECURITY-CHECK,INQONLN::P050-SECURITY-CHECK,CONTAINS
INQONLN,P100-EXIT,INQONLN::P100-EXIT,CONTAINS
INQONLN,P100-PROCESS-REQUEST,INQONLN::P100-PROCESS-REQUEST,CONTAINS
INQONLN,P200-DISPLAY-MENU,INQONLN::P200-DISPLAY-MENU,CONTAINS
INQONLN,P200-EXIT,INQONLN::P200-EXIT,CONTAINS
INQONLN,P300-EXIT,INQONLN::P300-EXIT,CONTAINS
INQONLN,P300-PORTFOLIO-INQUIRY,INQONLN::P300-PORTFOLIO-INQUIRY,CONTAINS
INQONLN,P400-EXIT,INQONLN::P400-EXIT,CONTAINS
INQONLN,P400-HISTORY-INQUIRY,INQONLN::P400-HISTORY-INQUIRY,CONTAINS
INQONLN,P900-ERROR-ROUTINE,INQONLN::P900-ERROR-ROUTINE,CONTAINS
INQONLN,P900-EXIT,INQONLN::P900-EXIT,CONTAINS
INQPORT,END-EXEC,INQPORT::END-EXEC,CONTAINS
INQPORT,P100-EXIT,INQPORT::P100-EXIT,CONTAINS
INQPORT,P100-INIT-PROGRAM,INQPORT::P100-INIT-PROGRAM,CONTAINS
INQPORT,P200-EXIT,INQPORT::P200-EXIT,CONTAINS
INQPORT,P200-GET-POSITION,INQPORT::P200-GET-POSITION,CONTAINS
INQPORT,P300-EXIT,INQPORT::P300-EXIT,CONTAINS
INQPORT,P300-FORMAT-DISPLAY,INQPORT::P300-FORMAT-DISPLAY,CONTAINS
INQPORT,P900-EXIT,INQPORT::P900-EXIT,CONTAINS
INQPORT,P900-NOT-FOUND,INQPORT::P900-NOT-FOUND,CONTAINS
INQPORT,P999-ERROR-ROUTINE,INQPORT::P999-ERROR-ROUTINE,CONTAINS
INQPORT,P999-EXIT,INQPORT::P999-EXIT,CONTAINS
SECMGR,END-EXEC,SECMGR::END-EXEC,CONTAINS
SECMGR,P100-EXIT,SECMGR::P100-EXIT,CONTAINS
SECMGR,P100-VALIDATE-USER,SECMGR::P100-VALIDATE-USER,CONTAINS
SECMGR,P200-CHECK-AUTH,SECMGR::P200-CHECK-AUTH,CONTAINS
SECMGR,P200-EXIT,SECMGR::P200-EXIT,CONTAINS
SECMGR,P300-EXIT,SECMGR::P300-EXIT,CONTAINS
SECMGR,P300-LOG-ACCESS,SECMGR::P300-LOG-ACCESS,CONTAINS
PORTADD,0000-MAIN,PORTADD::0000-MAIN,CONTAINS
PORTADD,1000-INITIALIZE,PORTADD::1000-INITIALIZE,CONTAINS
PORTADD,2000-PROCESS,PORTADD::2000-PROCESS,CONTAINS
PORTADD,2100-VALIDATE-AND-ADD,PORTADD::2100-VALIDATE-AND-ADD,CONTAINS
PORTADD,3000-TERMINATE,PORTADD::3000-TERMINATE,CONTAINS
PORTDEL,0000-MAIN,PORTDEL::0000-MAIN,CONTAINS
PORTDEL,1000-INITIALIZE,PORTDEL::1000-INITIALIZE,CONTAINS
PORTDEL,2000-PROCESS,PORTDEL::2000-PROCESS,CONTAINS
PORTDEL,2100-PROCESS-DELETE,PORTDEL::2100-PROCESS-DELETE,CONTAINS
PORTDEL,2200-DELETE-RECORD,PORTDEL::2200-DELETE-RECORD,CONTAINS
PORTDEL,2300-WRITE-AUDIT,PORTDEL::2300-WRITE-AUDIT,CONTAINS
PORTDEL,3000-TERMINATE,PORTDEL::3000-TERMINATE,CONTAINS
PORTMSTR,0000-MAIN,PORTMSTR::0000-MAIN,CONTAINS
PORTMSTR,1000-INITIALIZE,PORTMSTR::1000-INITIALIZE,CONTAINS
PORTMSTR,2000-CREATE-PORTFOLIO,PORTMSTR::2000-CREATE-PORTFOLIO,CONTAINS
PORTMSTR,2100-HANDLE-VSAM-ERROR,PORTMSTR::2100-HANDLE-VSAM-ERROR,CONTAINS
PORTMSTR,2100-LOG-PORTFOLIO-UPDATE,PORTMSTR::2100-LOG-PORTFOLIO-UPDATE,CONTAINS
PORTMSTR,2100-VALIDATE-PORTFOLIO,PORTMSTR::2100-VALIDATE-PORTFOLIO,CONTAINS
PORTMSTR,3000-READ-PORTFOLIO,PORTMSTR::3000-READ-PORTFOLIO,CONTAINS
PORTMSTR,4000-UPDATE-PORTFOLIO,PORTMSTR::4000-UPDATE-PORTFOLIO,CONTAINS
PORTMSTR,5000-DELETE-PORTFOLIO,PORTMSTR::5000-DELETE-PORTFOLIO,CONTAINS
PORTMSTR,6000-TERMINATE,PORTMSTR::6000-TERMINATE,CONTAINS
PORTMSTR,9000-ERROR,PORTMSTR::9000-ERROR,CONTAINS
PORTREAD,0000-MAIN,PORTREAD::0000-MAIN,CONTAINS
PORTREAD,1000-INITIALIZE,PORTREAD::1000-INITIALIZE,CONTAINS
PORTREAD,2000-PROCESS,PORTREAD::2000-PROCESS,CONTAINS
PORTREAD,2100-DISPLAY-RECORD,PORTREAD::2100-DISPLAY-RECORD,CONTAINS
PORTREAD,3000-TERMINATE,PORTREAD::3000-TERMINATE,CONTAINS
PORTTEST,0000-MAIN,PORTTEST::0000-MAIN,CONTAINS
PORTTEST,1000-INITIALIZE,PORTTEST::1000-INITIALIZE,CONTAINS
PORTTEST,2000-GENERATE-RECORDS,PORTTEST::2000-GENERATE-RECORDS,CONTAINS
PORTTEST,2100-GENERATE-KEY,PORTTEST::2100-GENERATE-KEY,CONTAINS
PORTTEST,2200-GENERATE-CLIENT-INFO,PORTTEST::2200-GENERATE-CLIENT-INFO,CONTAINS
PORTTEST,2300-GENERATE-PORTFOLIO-INFO,PORTTEST::2300-GENERATE-PORTFOLIO-INFO,CONTAINS
PORTTEST,2400-GENERATE-FINANCIAL-INFO,PORTTEST::2400-GENERATE-FINANCIAL-INFO,CONTAINS
PORTTEST,3000-TERMINATE,PORTTEST::3000-TERMINATE,CONTAINS
PORTTRAN,0000-MAIN,PORTTRAN::0000-MAIN,CONTAINS
PORTTRAN,1000-INITIALIZE,PORTTRAN::1000-INITIALIZE,CONTAINS
PORTTRAN,2000-PROCESS-TRANSACTIONS,PORTTRAN::2000-PROCESS-TRANSACTIONS,CONTAINS
PORTTRAN,2100-VALIDATE-TRANSACTION,PORTTRAN::2100-VALIDATE-TRANSACTION,CONTAINS
PORTTRAN,2110-CHECK-PORTFOLIO,PORTTRAN::2110-CHECK-PORTFOLIO,CONTAINS
PORTTRAN,2120-CHECK-TRANSACTION-TYPE,PORTTRAN::2120-CHECK-TRANSACTION-TYPE,CONTAINS
PORTTRAN,2130-CHECK-AMOUNTS,PORTTRAN::2130-CHECK-AMOUNTS,CONTAINS
PORTTRAN,2200-UPDATE-POSITIONS,PORTTRAN::2200-UPDATE-POSITIONS,CONTAINS
PORTTRAN,2210-PROCESS-BUY,PORTTRAN::2210-PROCESS-BUY,CONTAINS
PORTTRAN,2220-PROCESS-SELL,PORTTRAN::2220-PROCESS-SELL,CONTAINS
PORTTRAN,2230-PROCESS-TRANSFER,PORTTRAN::2230-PROCESS-TRANSFER,CONTAINS
PORTTRAN,2240-PROCESS-FEE,PORTTRAN::2240-PROCESS-FEE,CONTAINS
PORTTRAN,2300-UPDATE-AUDIT-TRAIL,PORTTRAN::2300-UPDATE-AUDIT-TRAIL,CONTAINS
PORTTRAN,2310-WRITE-AUDIT-RECORD,PORTTRAN::2310-WRITE-AUDIT-RECORD,CONTAINS
PORTTRAN,3000-TERMINATE,PORTTRAN::3000-TERMINATE,CONTAINS
PORTTRAN,9000-ERROR-ROUTINE,PORTTRAN::9000-ERROR-ROUTINE,CONTAINS
PORTUPDT,0000-MAIN,PORTUPDT::0000-MAIN,CONTAINS
PORTUPDT,1000-INITIALIZE,PORTUPDT::1000-INITIALIZE,CONTAINS
PORTUPDT,2000-PROCESS,PORTUPDT::2000-PROCESS,CONTAINS
PORTUPDT,2100-PROCESS-UPDATE,PORTUPDT::2100-PROCESS-UPDATE,CONTAINS
PORTUPDT,2200-APPLY-UPDATE,PORTUPDT::2200-APPLY-UPDATE,CONTAINS
PORTUPDT,3000-TERMINATE,PORTUPDT::3000-TERMINATE,CONTAINS
PORTVALD,0000-MAIN,PORTVALD::0000-MAIN,CONTAINS
PORTVALD,1000-VALIDATE-ID,PORTVALD::1000-VALIDATE-ID,CONTAINS
PORTVALD,2000-VALIDATE-ACCOUNT,PORTVALD::2000-VALIDATE-ACCOUNT,CONTAINS
PORTVALD,3000-VALIDATE-TYPE,PORTVALD::3000-VALIDATE-TYPE,CONTAINS
PORTVALD,4000-VALIDATE-AMOUNT,PORTVALD::4000-VALIDATE-AMOUNT,CONTAINS
TSTGEN00,0000-MAIN,TSTGEN00::0000-MAIN,CONTAINS
TSTGEN00,1000-INITIALIZE,TSTGEN00::1000-INITIALIZE,CONTAINS
TSTGEN00,1100-OPEN-FILES,TSTGEN00::1100-OPEN-FILES,CONTAINS
TSTGEN00,1200-INIT-RANDOM,TSTGEN00::1200-INIT-RANDOM,CONTAINS
TSTGEN00,1300-INIT-COUNTERS,TSTGEN00::1300-INIT-COUNTERS,CONTAINS
TSTGEN00,2000-PROCESS,TSTGEN00::2000-PROCESS,CONTAINS
TSTGEN00,2100-GENERATE-TEST-DATA,TSTGEN00::2100-GENERATE-TEST-DATA,CONTAINS
TSTGEN00,2200-GEN-PORTFOLIO,TSTGEN00::2200-GEN-PORTFOLIO,CONTAINS
TSTGEN00,2300-GEN-TRANSACTION,TSTGEN00::2300-GEN-TRANSACTION,CONTAINS
TSTGEN00,2400-GEN-ERROR-DATA,TSTGEN00::2400-GEN-ERROR-DATA,CONTAINS
TSTGEN00,2500-GEN-VOLUME-DATA,TSTGEN00::2500-GEN-VOLUME-DATA,CONTAINS
TSTGEN00,3000-CLEANUP,TSTGEN00::3000-CLEANUP,CONTAINS
TSTGEN00,9999-ERROR-HANDLER,TSTGEN00::9999-ERROR-HANDLER,CONTAINS
TSTGEN00,END-PERFORM,TSTGEN00::END-PERFORM,CONTAINS
TSTGEN00,RANDOM-SEED,TSTGEN00::RANDOM-SEED,CONTAINS
TSTVAL00,0000-MAIN,TSTVAL00::0000-MAIN,CONTAINS
TSTVAL00,1000-INITIALIZE,TSTVAL00::1000-INITIALIZE,CONTAINS
TSTVAL00,1100-OPEN-FILES,TSTVAL00::1100-OPEN-FILES,CONTAINS
TSTVAL00,1200-WRITE-HEADERS,TSTVAL00::1200-WRITE-HEADERS,CONTAINS
TSTVAL00,1300-INIT-METRICS,TSTVAL00::1300-INIT-METRICS,CONTAINS
TSTVAL00,2000-PROCESS,TSTVAL00::2000-PROCESS,CONTAINS
TSTVAL00,2100-EXECUTE-TEST,TSTVAL00::2100-EXECUTE-TEST,CONTAINS
TSTVAL00,2900-WRITE-SUMMARY,TSTVAL00::2900-WRITE-SUMMARY,CONTAINS
TSTVAL00,3000-CLEANUP,TSTVAL00::3000-CLEANUP,CONTAINS
TSTVAL00,9999-ERROR-HANDLER,TSTVAL00::9999-ERROR-HANDLER,CONTAINS
TSTVAL00,TEST-REPORT,TSTVAL00::TEST-REPORT,CONTAINS
UTLMNT00,0000-MAIN,UTLMNT00::0000-MAIN,CONTAINS
UTLMNT00,1000-INITIALIZE,UTLMNT00::1000-INITIALIZE,CONTAINS
UTLMNT00,1100-OPEN-FILES,UTLMNT00::1100-OPEN-FILES,CONTAINS
UTLMNT00,1200-INIT-PROCESSING,UTLMNT00::1200-INIT-PROCESSING,CONTAINS
UTLMNT00,2000-PROCESS,UTLMNT00::2000-PROCESS,CONTAINS
UTLMNT00,2100-PROCESS-FUNCTION,UTLMNT00::2100-PROCESS-FUNCTION,CONTAINS
UTLMNT00,2200-ARCHIVE-PROCESS,UTLMNT00::2200-ARCHIVE-PROCESS,CONTAINS
UTLMNT00,2300-CLEANUP-PROCESS,UTLMNT00::2300-CLEANUP-PROCESS,CONTAINS
UTLMNT00,2400-REORG-PROCESS,UTLMNT00::2400-REORG-PROCESS,CONTAINS
UTLMNT00,2500-ANALYZE-PROCESS,UTLMNT00::2500-ANALYZE-PROCESS,CONTAINS
UTLMNT00,3000-CLEANUP,UTLMNT00::3000-CLEANUP,CONTAINS
UTLMNT00,9999-ERROR-HANDLER,UTLMNT00::9999-ERROR-HANDLER,CONTAINS
UTLMNT00,END-PERFORM,UTLMNT00::END-PERFORM,CONTAINS
UTLMNT00,REPORT-FILE,UTLMNT00::REPORT-FILE,CONTAINS
UTLMON00,0000-MAIN,UTLMON00::0000-MAIN,CONTAINS
UTLMON00,1000-INITIALIZE,UTLMON00::1000-INITIALIZE,CONTAINS
UTLMON00,1100-OPEN-FILES,UTLMON00::1100-OPEN-FILES,CONTAINS
UTLMON00,1200-INIT-PROCESSING,UTLMON00::1200-INIT-PROCESSING,CONTAINS
UTLMON00,1300-READ-CONFIG,UTLMON00::1300-READ-CONFIG,CONTAINS
UTLMON00,2000-PROCESS,UTLMON00::2000-PROCESS,CONTAINS
UTLMON00,2100-COLLECT-METRICS,UTLMON00::2100-COLLECT-METRICS,CONTAINS
UTLMON00,2200-CHECK-THRESHOLDS,UTLMON00::2200-CHECK-THRESHOLDS,CONTAINS
UTLMON00,2300-LOG-STATUS,UTLMON00::2300-LOG-STATUS,CONTAINS
UTLMON00,2400-GENERATE-ALERTS,UTLMON00::2400-GENERATE-ALERTS,CONTAINS
UTLMON00,3000-CLEANUP,UTLMON00::3000-CLEANUP,CONTAINS
UTLMON00,9999-ERROR-HANDLER,UTLMON00::9999-ERROR-HANDLER,CONTAINS
UTLMON00,DB2-STATS,UTLMON00::DB2-STATS,CONTAINS
UTLMON00,END-PERFORM,UTLMON00::END-PERFORM,CONTAINS
UTLVAL00,0000-MAIN,UTLVAL00::0000-MAIN,CONTAINS
UTLVAL00,1000-INITIALIZE,UTLVAL00::1000-INITIALIZE,CONTAINS
UTLVAL00,1100-OPEN-FILES,UTLVAL00::1100-OPEN-FILES,CONTAINS
UTLVAL00,1200-INIT-PROCESSING,UTLVAL00::1200-INIT-PROCESSING,CONTAINS
UTLVAL00,2000-PROCESS,UTLVAL00::2000-PROCESS,CONTAINS
UTLVAL00,2100-PROCESS-VALIDATION,UTLVAL00::2100-PROCESS-VALIDATION,CONTAINS
UTLVAL00,2200-CHECK-INTEGRITY,UTLVAL00::2200-CHECK-INTEGRITY,CONTAINS
UTLVAL00,2300-CHECK-XREF,UTLVAL00::2300-CHECK-XREF,CONTAINS
UTLVAL00,2400-CHECK-FORMAT,UTLVAL00::2400-CHECK-FORMAT,CONTAINS
UTLVAL00,2500-CHECK-BALANCE,UTLVAL00::2500-CHECK-BALANCE,CONTAINS
UTLVAL00,3000-CLEANUP,UTLVAL00::3000-CLEANUP,CONTAINS
UTLVAL00,9999-ERROR-HANDLER,UTLVAL00::9999-ERROR-HANDLER,CONTAINS
UTLVAL00,END-PERFORM,UTLVAL00::END-PERFORM,CONTAINS
UTLVAL00,ERROR-REPORT,UTLVAL00::ERROR-REPORT,CONTAINS
