:START_ID,source_type,section,:END_ID,:TYPE
AUDITLOG,copybook,,REC-AUDITLOG-AUDIT-RECORD,DEFINES
BCHCON,copybook,,REC-BCHCON-BATCH-CONTROL-CONSTANTS,DEFINES
BCHCTL,copybook,,REC-BCHCTL-BATCH-CONTROL-RECORD,DEFINES
CKPRST,copybook,,REC-CKPRST-CHECKPOINT-CONTROL,DEFINES
CKPRST,copybook,,REC-CKPRST-CHECKPOINT-RECORD,DEFINES
COMMON,copybook,,REC-COMMON-RETURN-CODES,DEFINES
COMMON,copybook,,REC-COMMON-STATUS-CODES,DEFINES
COMMON,copybook,,REC-COMMON-TRANSACTION-TYPES,DEFINES
COMMON,copybook,,REC-COMMON-COMMON-DATETIME,DEFINES
COMMON,copybook,,REC-COMMON-ERROR-HANDLING,DEFINES
COMMON,copybook,,REC-COMMON-AUDIT-FIELDS,DEFINES
COMMON,copybook,,REC-COMMON-CURRENCY-CODES,DEFINES
ERRHAND,copybook,,REC-ERRHAND-ERR-CATEGORIES,DEFINES
ERRHAND,copybook,,REC-ERRHAND-ERR-RETURN-CODES,DEFINES
ERRHAND,copybook,,REC-ERRHAND-ERR-MESSAGE,DEFINES
ERRHAND,copybook,,REC-ERRHAND-ERR-VSAM-STATUSES,DEFINES
ERRHAND,copybook,,REC-ERRHAND-ERR-VSAM-MSGS,DEFINES
HISTREC,copybook,,REC-HISTREC-HISTORY-RECORD,DEFINES
PORTFLIO,copybook,,REC-PORTFLIO-PORT-RECORD,DEFINES
PORTVAL,copybook,,REC-PORTVAL-VAL-RETURN-CODES,DEFINES
PORTVAL,copybook,,REC-PORTVAL-VAL-ERROR-MESSAGES,DEFINES
PORTVAL,copybook,,REC-PORTVAL-VAL-CONSTANTS,DEFINES
PORTVAL,copybook,,REC-PORTVAL-VAL-WORK-AREAS,DEFINES
POSREC,copybook,,REC-POSREC-POSITION-RECORD,DEFINES
RETHND,copybook,,REC-RETHND-RETURN-HANDLING,DEFINES
RETHND,copybook,,REC-RETHND-STD-ERROR-CODES,DEFINES
RTNCODE,copybook,,REC-RTNCODE-RETURN-CODE-AREA,DEFINES
TRNREC,copybook,,REC-TRNREC-TRANSACTION-RECORD,DEFINES
DBPROC,copybook,,REC-DBPROC-DB2-ERROR-HANDLING,DEFINES
DBTBLS,copybook,,REC-DBTBLS-POSHIST-RECORD,DEFINES
DBTBLS,copybook,,REC-DBTBLS-ERRLOG-RECORD,DEFINES
SQLCA,copybook,,REC-SQLCA-SQL-STATUS-CODES,DEFINES
DB2REQ,copybook,,REC-DB2REQ-DB2-REQUEST-AREA,DEFINES
ERRHND,copybook,,REC-ERRHND-ERROR-HANDLING,DEFINES
INQCOM,copybook,,REC-INQCOM-INQCOM-AREA,DEFINES
PRCSEQ,copybook,,REC-PRCSEQ-PROCESS-SEQUENCE-RECORD,DEFINES
PRCSEQ,copybook,,REC-PRCSEQ-STANDARD-SEQUENCES,DEFINES
BCHCTL00,program_ws,WORKING-STORAGE,REC-BCHCTL00_WS-WS-FILE-STATUS,DEFINES
BCHCTL00,program_ws,WORKING-STORAGE,REC-BCHCTL00_WS-WS-BCT-STATUS,DEFINES
BCHCTL00,program_ws,WORKING-STORAGE,REC-BCHCTL00_WS-WS-WORK-AREAS,DEFINES
BCHCTL00,program_ws,WORKING-STORAGE,REC-BCHCTL00_WS-WS-CURRENT-TIME,DEFINES
BCHCTL00,program_ws,WORKING-STORAGE,REC-BCHCTL00_WS-WS-PREREQ-MET,DEFINES
BCHCTL00,program_ws,WORKING-STORAGE,REC-BCHCTL00_WS-PREREQS-SATISFIED,DEFINES
BCHCTL00,program_ws,WORKING-STORAGE,REC-BCHCTL00_WS-PREREQS-PENDING,DEFINES
BCHCTL00,program_ws,WORKING-STORAGE,REC-BCHCTL00_WS-WS-PROCESS-MODE,DEFINES
BCHCTL00,program_ws,WORKING-STORAGE,REC-BCHCTL00_WS-MODE-INITIALIZE,DEFINES
BCHCTL00,program_ws,WORKING-STORAGE,REC-BCHCTL00_WS-MODE-CHECK-PREREQ,DEFINES
BCHCTL00,program_ws,WORKING-STORAGE,REC-BCHCTL00_WS-MODE-UPDATE-STATUS,DEFINES
BCHCTL00,program_ws,WORKING-STORAGE,REC-BCHCTL00_WS-MODE-FINALIZE,DEFINES
CKPRST,program_ws,WORKING-STORAGE,REC-CKPRST_WS-WS-FILE-STATUS,DEFINES
HISTLD00,program_ws,WORKING-STORAGE,REC-HISTLD00_WS-WS-FILE-STATUS,DEFINES
HISTLD00,program_ws,WORKING-STORAGE,REC-HISTLD00_WS-WS-TH-STATUS,DEFINES
HISTLD00,program_ws,WORKING-STORAGE,REC-HISTLD00_WS-WS-BCT-STATUS,DEFINES
HISTLD00,program_ws,WORKING-STORAGE,REC-HISTLD00_WS-WS-COUNTERS,DEFINES
HISTLD00,program_ws,WORKING-STORAGE,REC-HISTLD00_WS-WS-RECORDS-READ,DEFINES
HISTLD00,program_ws,WORKING-STORAGE,REC-HISTLD00_WS-WS-RECORDS-WRITTEN,DEFINES
HISTLD00,program_ws,WORKING-STORAGE,REC-HISTLD00_WS-WS-ERROR-COUNT,DEFINES
HISTLD00,program_ws,WORKING-STORAGE,REC-HISTLD00_WS-WS-COMMIT-COUNT,DEFINES
HISTLD00,program_ws,WORKING-STORAGE,REC-HISTLD00_WS-WS-COMMIT-THRESHOLD,DEFINES
HISTLD00,program_ws,WORKING-STORAGE,REC-HISTLD00_WS-WS-SWITCHES,DEFINES
HISTLD00,program_ws,WORKING-STORAGE,REC-HISTLD00_WS-WS-END-OF-FILE-SW,DEFINES
HISTLD00,program_ws,WORKING-STORAGE,REC-HISTLD00_WS-END-OF-FILE,DEFINES
HISTLD00,program_ws,WORKING-STORAGE,REC-HISTLD00_WS-MORE-RECORDS,DEFINES
PRCSEQ00,program_ws,WORKING-STORAGE,REC-PRCSEQ00_WS-WS-FILE-STATUS,DEFINES
PRCSEQ00,program_ws,WORKING-STORAGE,REC-PRCSEQ00_WS-WS-PSR-STATUS,DEFINES
PRCSEQ00,program_ws,WORKING-STORAGE,REC-PRCSEQ00_WS-WS-BCT-STATUS,DEFINES
PRCSEQ00,program_ws,WORKING-STORAGE,REC-PRCSEQ00_WS-WS-WORK-AREAS,DEFINES
PRCSEQ00,program_ws,WORKING-STORAGE,REC-PRCSEQ00_WS-WS-CURRENT-TIME,DEFINES
PRCSEQ00,program_ws,WORKING-STORAGE,REC-PRCSEQ00_WS-WS-SEQUENCE-IX,DEFINES
PRCSEQ00,program_ws,WORKING-STORAGE,REC-PRCSEQ00_WS-WS-PROCESS-COUNT,DEFINES
PRCSEQ00,program_ws,WORKING-STORAGE,REC-PRCSEQ00_WS-WS-ACTIVE-COUNT,DEFINES
PRCSEQ00,program_ws,WORKING-STORAGE,REC-PRCSEQ00_WS-WS-ERROR-COUNT,DEFINES
PRCSEQ00,program_ws,WORKING-STORAGE,REC-PRCSEQ00_WS-WS-PROCESS-TABLE,DEFINES
PRCSEQ00,program_ws,WORKING-STORAGE,REC-PRCSEQ00_WS-WS-PROC-ENTRY,DEFINES
PRCSEQ00,program_ws,WORKING-STORAGE,REC-PRCSEQ00_WS-WS-PROC-ID,DEFINES
PRCSEQ00,program_ws,WORKING-STORAGE,REC-PRCSEQ00_WS-WS-PROC-SEQ,DEFINES
PRCSEQ00,program_ws,WORKING-STORAGE,REC-PRCSEQ00_WS-WS-PROC-STATUS,DEFINES
PRCSEQ00,program_ws,WORKING-STORAGE,REC-PRCSEQ00_WS-WS-PROC-RC,DEFINES
RCVPRC00,program_ws,WORKING-STORAGE,REC-RCVPRC00_WS-WS-FILE-STATUS,DEFINES
RCVPRC00,program_ws,WORKING-STORAGE,REC-RCVPRC00_WS-WS-BCT-STATUS,DEFINES
RCVPRC00,program_ws,WORKING-STORAGE,REC-RCVPRC00_WS-WS-PSR-STATUS,DEFINES
RCVPRC00,program_ws,WORKING-STORAGE,REC-RCVPRC00_WS-WS-WORK-AREAS,DEFINES
RCVPRC00,program_ws,WORKING-STORAGE,REC-RCVPRC00_WS-WS-CURRENT-TIME,DEFINES
RCVPRC00,program_ws,WORKING-STORAGE,REC-RCVPRC00_WS-WS-RECOVERY-MODE,DEFINES
RCVPRC00,program_ws,WORKING-STORAGE,REC-RCVPRC00_WS-WS-RECOVER-PROCESS,DEFINES
RCVPRC00,program_ws,WORKING-STORAGE,REC-RCVPRC00_WS-WS-RECOVER-SEQUENCE,DEFINES
RCVPRC00,program_ws,WORKING-STORAGE,REC-RCVPRC00_WS-WS-RECOVER-ALL,DEFINES
RCVPRC00,program_ws,WORKING-STORAGE,REC-RCVPRC00_WS-WS-RECOVERY-ACTION,DEFINES
RCVPRC00,program_ws,WORKING-STORAGE,REC-RCVPRC00_WS-WS-ACTION-RESTART,DEFINES
RCVPRC00,program_ws,WORKING-STORAGE,REC-RCVPRC00_WS-WS-ACTION-BYPASS,DEFINES
RCVPRC00,program_ws,WORKING-STORAGE,REC-RCVPRC00_WS-WS-ACTION-TERMINATE,DEFINES
RPTAUD00,program_ws,WORKING-STORAGE,REC-RPTAUD00_WS-WS-FILE-STATUS,DEFINES
RPTAUD00,program_ws,WORKING-STORAGE,REC-RPTAUD00_WS-WS-AUDIT-STATUS,DEFINES
RPTAUD00,program_ws,WORKING-STORAGE,REC-RPTAUD00_WS-WS-ERROR-STATUS,DEFINES
RPTAUD00,program_ws,WORKING-STORAGE,REC-RPTAUD00_WS-WS-REPORT-STATUS,DEFINES
RPTAUD00,program_ws,WORKING-STORAGE,REC-RPTAUD00_WS-WS-REPORT-HEADERS,DEFINES
RPTAUD00,program_ws,WORKING-STORAGE,REC-RPTAUD00_WS-WS-HEADER1,DEFINES
RPTAUD00,program_ws,WORKING-STORAGE,REC-RPTAUD00_WS-FILLER-52,DEFINES
RPTAUD00,program_ws,WORKING-STORAGE,REC-RPTAUD00_WS-WS-HEADER2,DEFINES
RPTAUD00,program_ws,WORKING-STORAGE,REC-RPTAUD00_WS-FILLER-54,DEFINES
RPTAUD00,program_ws,WORKING-STORAGE,REC-RPTAUD00_WS-FILLER-55,DEFINES
RPTAUD00,program_ws,WORKING-STORAGE,REC-RPTAUD00_WS-FILLER-57,DEFINES
RPTAUD00,program_ws,WORKING-STORAGE,REC-RPTAUD00_WS-WS-HEADER3,DEFINES
RPTAUD00,program_ws,WORKING-STORAGE,REC-RPTAUD00_WS-FILLER-59,DEFINES
RPTAUD00,program_ws,WORKING-STORAGE,REC-RPTAUD00_WS-WS-REPORT-DATE,DEFINES
RPTAUD00,program_ws,WORKING-STORAGE,REC-RPTAUD00_WS-FILLER-61,DEFINES
RPTAUD00,program_ws,WORKING-STORAGE,REC-RPTAUD00_WS-WS-AUDIT-DETAIL,DEFINES
RPTAUD00,program_ws,WORKING-STORAGE,REC-RPTAUD00_WS-WS-AUD-TIMESTAMP,DEFINES
RPTAUD00,program_ws,WORKING-STORAGE,REC-RPTAUD00_WS-FILLER-65,DEFINES
RPTAUD00,program_ws,WORKING-STORAGE,REC-RPTAUD00_WS-WS-AUD-PROGRAM,DEFINES
RPTAUD00,program_ws,WORKING-STORAGE,REC-RPTAUD00_WS-FILLER-67,DEFINES
RPTAUD00,program_ws,WORKING-STORAGE,REC-RPTAUD00_WS-WS-AUD-TYPE,DEFINES
RPTAUD00,program_ws,WORKING-STORAGE,REC-RPTAUD00_WS-FILLER-69,DEFINES
RPTAUD00,program_ws,WORKING-STORAGE,REC-RPTAUD00_WS-WS-AUD-MESSAGE,DEFINES
RPTAUD00,program_ws,WORKING-STORAGE,REC-RPTAUD00_WS-WS-ERROR-DETAIL,DEFINES
RPTAUD00,program_ws,WORKING-STORAGE,REC-RPTAUD00_WS-WS-ERR-TIMESTAMP,DEFINES
RPTAUD00,program_ws,WORKING-STORAGE,REC-RPTAUD00_WS-FILLER-74,DEFINES
RPTAUD00,program_ws,WORKING-STORAGE,REC-RPTAUD00_WS-WS-ERR-PROGRAM,DEFINES
RPTAUD00,program_ws,WORKING-STORAGE,REC-RPTAUD00_WS-FILLER-76,DEFINES
RPTAUD00,program_ws,WORKING-STORAGE,REC-RPTAUD00_WS-WS-ERR-CODE,DEFINES
RPTAUD00,program_ws,WORKING-STORAGE,REC-RPTAUD00_WS-FILLER-78,DEFINES
RPTAUD00,program_ws,WORKING-STORAGE,REC-RPTAUD00_WS-WS-ERR-MESSAGE,DEFINES
RPTPOS00,program_ws,WORKING-STORAGE,REC-RPTPOS00_WS-WS-FILE-STATUS,DEFINES
RPTPOS00,program_ws,WORKING-STORAGE,REC-RPTPOS00_WS-WS-POSITION-STATUS,DEFINES
RPTPOS00,program_ws,WORKING-STORAGE,REC-RPTPOS00_WS-WS-TRAN-STATUS,DEFINES
RPTPOS00,program_ws,WORKING-STORAGE,REC-RPTPOS00_WS-WS-REPORT-STATUS,DEFINES
RPTPOS00,program_ws,WORKING-STORAGE,REC-RPTPOS00_WS-WS-REPORT-HEADERS,DEFINES
RPTPOS00,program_ws,WORKING-STORAGE,REC-RPTPOS00_WS-WS-HEADER1,DEFINES
RPTPOS00,program_ws,WORKING-STORAGE,REC-RPTPOS00_WS-FILLER-53,DEFINES
RPTPOS00,program_ws,WORKING-STORAGE,REC-RPTPOS00_WS-WS-HEADER2,DEFINES
RPTPOS00,program_ws,WORKING-STORAGE,REC-RPTPOS00_WS-FILLER-55,DEFINES
RPTPOS00,program_ws,WORKING-STORAGE,REC-RPTPOS00_WS-FILLER-56,DEFINES
RPTPOS00,program_ws,WORKING-STORAGE,REC-RPTPOS00_WS-FILLER-58,DEFINES
RPTPOS00,program_ws,WORKING-STORAGE,REC-RPTPOS00_WS-WS-HEADER3,DEFINES
RPTPOS00,program_ws,WORKING-STORAGE,REC-RPTPOS00_WS-FILLER-60,DEFINES
RPTPOS00,program_ws,WORKING-STORAGE,REC-RPTPOS00_WS-WS-REPORT-DATE,DEFINES
RPTPOS00,program_ws,WORKING-STORAGE,REC-RPTPOS00_WS-FILLER-62,DEFINES
RPTPOS00,program_ws,WORKING-STORAGE,REC-RPTPOS00_WS-WS-POSITION-DETAIL,DEFINES
RPTPOS00,program_ws,WORKING-STORAGE,REC-RPTPOS00_WS-WS-POS-PORTFOLIO,DEFINES
RPTPOS00,program_ws,WORKING-STORAGE,REC-RPTPOS00_WS-FILLER-66,DEFINES
RPTPOS00,program_ws,WORKING-STORAGE,REC-RPTPOS00_WS-WS-POS-DESCRIPTION,DEFINES
RPTPOS00,program_ws,WORKING-STORAGE,REC-RPTPOS00_WS-FILLER-68,DEFINES
RPTPOS00,program_ws,WORKING-STORAGE,REC-RPTPOS00_WS-WS-POS-QUANTITY,DEFINES
RPTPOS00,program_ws,WORKING-STORAGE,REC-RPTPOS00_WS-FILLER-70,DEFINES
RPTPOS00,program_ws,WORKING-STORAGE,REC-RPTPOS00_WS-WS-POS-VALUE,DEFINES
RPTPOS00,program_ws,WORKING-STORAGE,REC-RPTPOS00_WS-FILLER-72,DEFINES
RPTPOS00,program_ws,WORKING-STORAGE,REC-RPTPOS00_WS-WS-POS-CHANGE-PCT,DEFINES
RPTPOS00,program_ws,WORKING-STORAGE,REC-RPTPOS00_WS-FILLER-74,DEFINES
RPTSTA00,program_ws,WORKING-STORAGE,REC-RPTSTA00_WS-WS-FILE-STATUS,DEFINES
RPTSTA00,program_ws,WORKING-STORAGE,REC-RPTSTA00_WS-WS-DB2-STATUS,DEFINES
RPTSTA00,program_ws,WORKING-STORAGE,REC-RPTSTA00_WS-WS-BCH-STATUS,DEFINES
RPTSTA00,program_ws,WORKING-STORAGE,REC-RPTSTA00_WS-WS-REPORT-STATUS,DEFINES
RPTSTA00,program_ws,WORKING-STORAGE,REC-RPTSTA00_WS-WS-REPORT-HEADERS,DEFINES
RPTSTA00,program_ws,WORKING-STORAGE,REC-RPTSTA00_WS-WS-HEADER1,DEFINES
RPTSTA00,program_ws,WORKING-STORAGE,REC-RPTSTA00_WS-FILLER-53,DEFINES
RPTSTA00,program_ws,WORKING-STORAGE,REC-RPTSTA00_WS-WS-HEADER2,DEFINES
RPTSTA00,program_ws,WORKING-STORAGE,REC-RPTSTA00_WS-FILLER-55,DEFINES
RPTSTA00,program_ws,WORKING-STORAGE,REC-RPTSTA00_WS-FILLER-56,DEFINES
RPTSTA00,program_ws,WORKING-STORAGE,REC-RPTSTA00_WS-FILLER-58,DEFINES
RPTSTA00,program_ws,WORKING-STORAGE,REC-RPTSTA00_WS-WS-HEADER3,DEFINES
RPTSTA00,program_ws,WORKING-STORAGE,REC-RPTSTA00_WS-FILLER-60,DEFINES
RPTSTA00,program_ws,WORKING-STORAGE,REC-RPTSTA00_WS-WS-REPORT-DATE,DEFINES
RPTSTA00,program_ws,WORKING-STORAGE,REC-RPTSTA00_WS-FILLER-62,DEFINES
RPTSTA00,program_ws,WORKING-STORAGE,REC-RPTSTA00_WS-WS-PERFORMANCE-METRICS,DEFINES
RPTSTA00,program_ws,WORKING-STORAGE,REC-RPTSTA00_WS-WS-DB2-METRICS,DEFINES
RPTSTA00,program_ws,WORKING-STORAGE,REC-RPTSTA00_WS-WS-DB2-CALLS,DEFINES
RPTSTA00,program_ws,WORKING-STORAGE,REC-RPTSTA00_WS-WS-DB2-ELAPSED,DEFINES
RPTSTA00,program_ws,WORKING-STORAGE,REC-RPTSTA00_WS-WS-DB2-CPU,DEFINES
RPTSTA00,program_ws,WORKING-STORAGE,REC-RPTSTA00_WS-WS-DB2-WAIT,DEFINES
RPTSTA00,program_ws,WORKING-STORAGE,REC-RPTSTA00_WS-WS-BATCH-METRICS,DEFINES
RPTSTA00,program_ws,WORKING-STORAGE,REC-RPTSTA00_WS-WS-BATCH-JOBS,DEFINES
RPTSTA00,program_ws,WORKING-STORAGE,REC-RPTSTA00_WS-WS-BATCH-SUCCESS,DEFINES
RPTSTA00,program_ws,WORKING-STORAGE,REC-RPTSTA00_WS-WS-BATCH-FAILED,DEFINES
RPTSTA00,program_ws,WORKING-STORAGE,REC-RPTSTA00_WS-WS-BATCH-ELAPSED,DEFINES
RPTSTA00,program_ws,WORKING-STORAGE,REC-RPTSTA00_WS-WS-DETAIL-LINES,DEFINES
RPTSTA00,program_ws,WORKING-STORAGE,REC-RPTSTA00_WS-WS-DB2-DETAIL,DEFINES
RPTSTA00,program_ws,WORKING-STORAGE,REC-RPTSTA00_WS-FILLER-78,DEFINES
RPTSTA00,program_ws,WORKING-STORAGE,REC-RPTSTA00_WS-WS-DB2-CALLS-OUT,DEFINES
RPTSTA00,program_ws,WORKING-STORAGE,REC-RPTSTA00_WS-FILLER-80,DEFINES
RPTSTA00,program_ws,WORKING-STORAGE,REC-RPTSTA00_WS-FILLER-81,DEFINES
RPTSTA00,program_ws,WORKING-STORAGE,REC-RPTSTA00_WS-WS-DB2-AVG-RESP,DEFINES
RPTSTA00,program_ws,WORKING-STORAGE,REC-RPTSTA00_WS-FILLER-83,DEFINES
RPTSTA00,program_ws,WORKING-STORAGE,REC-RPTSTA00_WS-WS-BATCH-DETAIL,DEFINES
RPTSTA00,program_ws,WORKING-STORAGE,REC-RPTSTA00_WS-FILLER-86,DEFINES
RPTSTA00,program_ws,WORKING-STORAGE,REC-RPTSTA00_WS-WS-BATCH-TOTAL,DEFINES
RPTSTA00,program_ws,WORKING-STORAGE,REC-RPTSTA00_WS-FILLER-88,DEFINES
RPTSTA00,program_ws,WORKING-STORAGE,REC-RPTSTA00_WS-FILLER-89,DEFINES
RPTSTA00,program_ws,WORKING-STORAGE,REC-RPTSTA00_WS-WS-SUCCESS-RATE,DEFINES
RPTSTA00,program_ws,WORKING-STORAGE,REC-RPTSTA00_WS-FILLER-91,DEFINES
RPTSTA00,program_ws,WORKING-STORAGE,REC-RPTSTA00_WS-FILLER-92,DEFINES
RTNANA00,program_ws,WORKING-STORAGE,REC-RTNANA00_WS-WS-FILE-STATUS,DEFINES
RTNANA00,program_ws,WORKING-STORAGE,REC-RTNANA00_WS-WS-REPORT-STATUS,DEFINES
RTNANA00,program_ws,WORKING-STORAGE,REC-RTNANA00_WS-WS-DB2-AREA,DEFINES
RTNANA00,program_ws,WORKING-STORAGE,REC-RTNANA00_WS-WS-CURRENT-DATE-DATA,DEFINES
RTNANA00,program_ws,WORKING-STORAGE,REC-RTNANA00_WS-WS-CURRENT-DATE,DEFINES
RTNANA00,program_ws,WORKING-STORAGE,REC-RTNANA00_WS-WS-CURRENT-YEAR,DEFINES
RTNANA00,program_ws,WORKING-STORAGE,REC-RTNANA00_WS-WS-CURRENT-MONTH,DEFINES
RTNANA00,program_ws,WORKING-STORAGE,REC-RTNANA00_WS-WS-CURRENT-DAY,DEFINES
RTNANA00,program_ws,WORKING-STORAGE,REC-RTNANA00_WS-WS-CURRENT-TIME,DEFINES
RTNANA00,program_ws,WORKING-STORAGE,REC-RTNANA00_WS-WS-CURRENT-HOUR,DEFINES
RTNANA00,program_ws,WORKING-STORAGE,REC-RTNANA00_WS-WS-CURRENT-MINUTE,DEFINES
RTNANA00,program_ws,WORKING-STORAGE,REC-RTNANA00_WS-WS-CURRENT-SECOND,DEFINES
RTNANA00,program_ws,WORKING-STORAGE,REC-RTNANA00_WS-WS-CURRENT-MS,DEFINES
RTNANA00,program_ws,WORKING-STORAGE,REC-RTNANA00_WS-WS-ANALYSIS-AREA,DEFINES
RTNANA00,program_ws,WORKING-STORAGE,REC-RTNANA00_WS-WS-START-TIME,DEFINES
RTNANA00,program_ws,WORKING-STORAGE,REC-RTNANA00_WS-WS-END-TIME,DEFINES
RTNANA00,program_ws,WORKING-STORAGE,REC-RTNANA00_WS-WS-PROGRAM-COUNT,DEFINES
RTNANA00,program_ws,WORKING-STORAGE,REC-RTNANA00_WS-WS-ERROR-COUNT,DEFINES
RTNANA00,program_ws,WORKING-STORAGE,REC-RTNANA00_WS-WS-WARNING-COUNT,DEFINES
RTNANA00,program_ws,WORKING-STORAGE,REC-RTNANA00_WS-WS-SUCCESS-COUNT,DEFINES
RTNANA00,program_ws,WORKING-STORAGE,REC-RTNANA00_WS-WS-SEVERE-COUNT,DEFINES
RTNANA00,program_ws,WORKING-STORAGE,REC-RTNANA00_WS-WS-REPORT-LINES,DEFINES
RTNANA00,program_ws,WORKING-STORAGE,REC-RTNANA00_WS-WS-HEADER1,DEFINES
RTNANA00,program_ws,WORKING-STORAGE,REC-RTNANA00_WS-FILLER-55,DEFINES
RTNANA00,program_ws,WORKING-STORAGE,REC-RTNANA00_WS-WS-HEADER2,DEFINES
RTNANA00,program_ws,WORKING-STORAGE,REC-RTNANA00_WS-FILLER-57,DEFINES
RTNANA00,program_ws,WORKING-STORAGE,REC-RTNANA00_WS-FILLER-58,DEFINES
RTNANA00,program_ws,WORKING-STORAGE,REC-RTNANA00_WS-FILLER-60,DEFINES
RTNANA00,program_ws,WORKING-STORAGE,REC-RTNANA00_WS-WS-HEADER3,DEFINES
RTNANA00,program_ws,WORKING-STORAGE,REC-RTNANA00_WS-FILLER-62,DEFINES
RTNANA00,program_ws,WORKING-STORAGE,REC-RTNANA00_WS-WS-RPT-DATE,DEFINES
RTNANA00,program_ws,WORKING-STORAGE,REC-RTNANA00_WS-FILLER-64,DEFINES
RTNANA00,program_ws,WORKING-STORAGE,REC-RTNANA00_WS-FILLER-65,DEFINES
RTNANA00,program_ws,WORKING-STORAGE,REC-RTNANA00_WS-WS-RPT-TIME,DEFINES
RTNANA00,program_ws,WORKING-STORAGE,REC-RTNANA00_WS-FILLER-67,DEFINES
RTNANA00,program_ws,WORKING-STORAGE,REC-RTNANA00_WS-WS-DETAIL-HDR,DEFINES
RTNANA00,program_ws,WORKING-STORAGE,REC-RTNANA00_WS-FILLER-69,DEFINES
RTNANA00,program_ws,WORKING-STORAGE,REC-RTNANA00_WS-FILLER-70,DEFINES
RTNANA00,program_ws,WORKING-STORAGE,REC-RTNANA00_WS-FILLER-71,DEFINES
RTNANA00,program_ws,WORKING-STORAGE,REC-RTNANA00_WS-FILLER-72,DEFINES
RTNANA00,program_ws,WORKING-STORAGE,REC-RTNANA00_WS-FILLER-73,DEFINES
RTNANA00,program_ws,WORKING-STORAGE,REC-RTNANA00_WS-FILLER-74,DEFINES
RTNANA00,program_ws,WORKING-STORAGE,REC-RTNANA00_WS-FILLER-75,DEFINES
RTNANA00,program_ws,WORKING-STORAGE,REC-RTNANA00_WS-FILLER-76,DEFINES
RTNANA00,program_ws,WORKING-STORAGE,REC-RTNANA00_WS-FILLER-77,DEFINES
RTNANA00,program_ws,WORKING-STORAGE,REC-RTNANA00_WS-FILLER-78,DEFINES
RTNANA00,program_ws,WORKING-STORAGE,REC-RTNANA00_WS-FILLER-79,DEFINES
RTNANA00,program_ws,WORKING-STORAGE,REC-RTNANA00_WS-FILLER-80,DEFINES
RTNANA00,program_ws,WORKING-STORAGE,REC-RTNANA00_WS-WS-DETAIL-LINE,DEFINES
RTNANA00,program_ws,WORKING-STORAGE,REC-RTNANA00_WS-WS-DTL-PROGRAM,DEFINES
RTNANA00,program_ws,WORKING-STORAGE,REC-RTNANA00_WS-FILLER-83,DEFINES
RTNANA00,program_ws,WORKING-STORAGE,REC-RTNANA00_WS-WS-DTL-TOTAL,DEFINES
RTNANA00,program_ws,WORKING-STORAGE,REC-RTNANA00_WS-FILLER-85,DEFINES
RTNANA00,program_ws,WORKING-STORAGE,REC-RTNANA00_WS-WS-DTL-SUCCESS,DEFINES
RTNANA00,program_ws,WORKING-STORAGE,REC-RTNANA00_WS-FILLER-87,DEFINES
RTNANA00,program_ws,WORKING-STORAGE,REC-RTNANA00_WS-WS-DTL-WARNING,DEFINES
RTNANA00,program_ws,WORKING-STORAGE,REC-RTNANA00_WS-FILLER-89,DEFINES
RTNANA00,program_ws,WORKING-STORAGE,REC-RTNANA00_WS-WS-DTL-ERROR,DEFINES
RTNANA00,program_ws,WORKING-STORAGE,REC-RTNANA00_WS-FILLER-91,DEFINES
RTNANA00,program_ws,WORKING-STORAGE,REC-RTNANA00_WS-WS-DTL-SEVERE,DEFINES
RTNANA00,program_ws,WORKING-STORAGE,REC-RTNANA00_WS-FILLER-93,DEFINES
RTNCDE00,program_ws,WORKING-STORAGE,REC-RTNCDE00_WS-WS-CURRENT-TIME,DEFINES
RTNCDE00,program_ws,WORKING-STORAGE,REC-RTNCDE00_WS-WS-CURRENT-DATE,DEFINES
RTNCDE00,program_ws,WORKING-STORAGE,REC-RTNCDE00_WS-WS-CURRENT-YEAR,DEFINES
RTNCDE00,program_ws,WORKING-STORAGE,REC-RTNCDE00_WS-WS-CURRENT-MONTH,DEFINES
RTNCDE00,program_ws,WORKING-STORAGE,REC-RTNCDE00_WS-WS-CURRENT-DAY,DEFINES
RTNCDE00,program_ws,WORKING-STORAGE,REC-RTNCDE00_WS-WS-CURRENT-HOURS,DEFINES
RTNCDE00,program_ws,WORKING-STORAGE,REC-RTNCDE00_WS-WS-CURRENT-MINUTES,DEFINES
RTNCDE00,program_ws,WORKING-STORAGE,REC-RTNCDE00_WS-WS-CURRENT-SECONDS,DEFINES
RTNCDE00,program_ws,WORKING-STORAGE,REC-RTNCDE00_WS-WS-CURRENT-MILLISEC,DEFINES
RTNCDE00,program_ws,WORKING-STORAGE,REC-RTNCDE00_WS-WS-DB2-AREA,DEFINES
AUDPROC,program_ws,WORKING-STORAGE,REC-AUDPROC_WS-WS-FILE-STATUS,DEFINES
AUDPROC,program_ws,WORKING-STORAGE,REC-AUDPROC_WS-WS-FORMATTED-TIME,DEFINES
DB2CMT,program_ws,WORKING-STORAGE,REC-DB2CMT_WS-WS-SAVEPOINT-ID,DEFINES
DB2CMT,program_ws,WORKING-STORAGE,REC-DB2CMT_WS-WS-COMMIT-STATS,DEFINES
DB2CMT,program_ws,WORKING-STORAGE,REC-DB2CMT_WS-WS-COMMIT-COUNT,DEFINES
DB2CMT,program_ws,WORKING-STORAGE,REC-DB2CMT_WS-WS-ROLLBACK-COUNT,DEFINES
DB2CMT,program_ws,WORKING-STORAGE,REC-DB2CMT_WS-WS-SAVEPOINT-COUNT,DEFINES
DB2CMT,program_ws,WORKING-STORAGE,REC-DB2CMT_WS-WS-CURRENT-TIMESTAMP,DEFINES
DB2CONN,program_ws,WORKING-STORAGE,REC-DB2CONN_WS-WS-DB-NAME,DEFINES
DB2CONN,program_ws,WORKING-STORAGE,REC-DB2CONN_WS-WS-PLAN-NAME,DEFINES
DB2CONN,program_ws,WORKING-STORAGE,REC-DB2CONN_WS-WS-CONNECTION-STATE,DEFINES
DB2CONN,program_ws,WORKING-STORAGE,REC-DB2CONN_WS-WS-CONNECTED,DEFINES
DB2CONN,program_ws,WORKING-STORAGE,REC-DB2CONN_WS-WS-DISCONNECTED,DEFINES
DB2CONN,program_ws,WORKING-STORAGE,REC-DB2CONN_WS-WS-RETRY-COUNT,DEFINES
DB2CONN,program_ws,WORKING-STORAGE,REC-DB2CONN_WS-WS-MAX-RETRIES,DEFINES
DB2ERR,program_ws,WORKING-STORAGE,REC-DB2ERR_WS-WS-ERRLOG-REC,DEFINES
DB2ERR,program_ws,WORKING-STORAGE,REC-DB2ERR_WS-WS-CURRENT-TIMESTAMP,DEFINES
DB2ERR,program_ws,WORKING-STORAGE,REC-DB2ERR_WS-WS-FORMATTED-SQLCODE,DEFINES
DB2ERR,program_ws,WORKING-STORAGE,REC-DB2ERR_WS-WS-ERROR-CATEGORIES,DEFINES
DB2ERR,program_ws,WORKING-STORAGE,REC-DB2ERR_WS-WS-DEADLOCK,DEFINES
DB2ERR,program_ws,WORKING-STORAGE,REC-DB2ERR_WS-WS-TIMEOUT,DEFINES
DB2ERR,program_ws,WORKING-STORAGE,REC-DB2ERR_WS-WS-CONNECTION-ERROR,DEFINES
DB2ERR,program_ws,WORKING-STORAGE,REC-DB2ERR_WS-WS-DUP-KEY,DEFINES
DB2ERR,program_ws,WORKING-STORAGE,REC-DB2ERR_WS-WS-NOT-FOUND,DEFINES
DB2STAT,program_ws,WORKING-STORAGE,REC-DB2STAT_WS-WS-STATS-RECORD,DEFINES
DB2STAT,program_ws,WORKING-STORAGE,REC-DB2STAT_WS-WS-PROGRAM-ID,DEFINES
DB2STAT,program_ws,WORKING-STORAGE,REC-DB2STAT_WS-WS-START-TIME,DEFINES
DB2STAT,program_ws,WORKING-STORAGE,REC-DB2STAT_WS-WS-END-TIME,DEFINES
DB2STAT,program_ws,WORKING-STORAGE,REC-DB2STAT_WS-WS-ROWS-READ,DEFINES
DB2STAT,program_ws,WORKING-STORAGE,REC-DB2STAT_WS-WS-ROWS-INSERTED,DEFINES
DB2STAT,program_ws,WORKING-STORAGE,REC-DB2STAT_WS-WS-ROWS-UPDATED,DEFINES
DB2STAT,program_ws,WORKING-STORAGE,REC-DB2STAT_WS-WS-ROWS-DELETED,DEFINES
DB2STAT,program_ws,WORKING-STORAGE,REC-DB2STAT_WS-WS-COMMITS,DEFINES
DB2STAT,program_ws,WORKING-STORAGE,REC-DB2STAT_WS-WS-ROLLBACKS,DEFINES
DB2STAT,program_ws,WORKING-STORAGE,REC-DB2STAT_WS-WS-CPU-TIME,DEFINES
DB2STAT,program_ws,WORKING-STORAGE,REC-DB2STAT_WS-WS-ELAPSED-TIME,DEFINES
DB2STAT,program_ws,WORKING-STORAGE,REC-DB2STAT_WS-WS-CURRENT-TIMESTAMP,DEFINES
DB2STAT,program_ws,WORKING-STORAGE,REC-DB2STAT_WS-WS-START-TIMESTAMP,DEFINES
DB2STAT,program_ws,WORKING-STORAGE,REC-DB2STAT_WS-WS-FORMATTED-TIME,DEFINES
ERRPROC,program_ws,WORKING-STORAGE,REC-ERRPROC_WS-WS-WORK-AREAS,DEFINES
ERRPROC,program_ws,WORKING-STORAGE,REC-ERRPROC_WS-WS-LOG-STATUS,DEFINES
ERRPROC,program_ws,WORKING-STORAGE,REC-ERRPROC_WS-WS-FORMATTED-TIME,DEFINES
CURSMGR,program_ws,WORKING-STORAGE,REC-CURSMGR_WS-WS-DB2-AREA,DEFINES
CURSMGR,program_ws,WORKING-STORAGE,REC-CURSMGR_WS-WS-CURSOR-STATS,DEFINES
CURSMGR,program_ws,WORKING-STORAGE,REC-CURSMGR_WS-WS-FETCH-COUNT,DEFINES
CURSMGR,program_ws,WORKING-STORAGE,REC-CURSMGR_WS-WS-ROWS-FETCHED,DEFINES
CURSMGR,program_ws,WORKING-STORAGE,REC-CURSMGR_WS-WS-FETCH-TIME,DEFINES
CURSMGR,program_ws,WORKING-STORAGE,REC-CURSMGR_WS-WS-ARRAY-AREA,DEFINES
CURSMGR,program_ws,WORKING-STORAGE,REC-CURSMGR_WS-WS-MAX-ROWS,DEFINES
CURSMGR,program_ws,WORKING-STORAGE,REC-CURSMGR_WS-WS-ARRAY-SIZE,DEFINES
DB2ONLN,program_ws,WORKING-STORAGE,REC-DB2ONLN_WS-WS-DB2-AREA,DEFINES
DB2ONLN,program_ws,WORKING-STORAGE,REC-DB2ONLN_WS-WS-POOL-STATS,DEFINES
DB2ONLN,program_ws,WORKING-STORAGE,REC-DB2ONLN_WS-WS-TOTAL-CONNECTIONS,DEFINES
DB2ONLN,program_ws,WORKING-STORAGE,REC-DB2ONLN_WS-WS-ACTIVE-CONNECTIONS,DEFINES
DB2ONLN,program_ws,WORKING-STORAGE,REC-DB2ONLN_WS-WS-AVAILABLE-CONNECTIONS,DEFINES
DB2ONLN,program_ws,WORKING-STORAGE,REC-DB2ONLN_WS-WS-MAX-CONNECTIONS,DEFINES
DB2ONLN,program_ws,WORKING-STORAGE,REC-DB2ONLN_WS-WS-ERROR-AREA,DEFINES
DB2RECV,program_ws,WORKING-STORAGE,REC-DB2RECV_WS-WS-DB2-AREA,DEFINES
DB2RECV,program_ws,WORKING-STORAGE,REC-DB2RECV_WS-WS-RECOVERY-STATS,DEFINES
DB2RECV,program_ws,WORKING-STORAGE,REC-DB2RECV_WS-WS-RETRY-COUNT,DEFINES
DB2RECV,program_ws,WORKING-STORAGE,REC-DB2RECV_WS-WS-MAX-RETRIES,DEFINES
DB2RECV,program_ws,WORKING-STORAGE,REC-DB2RECV_WS-WS-RETRY-INTERVAL,DEFINES
DB2RECV,program_ws,WORKING-STORAGE,REC-DB2RECV_WS-WS-LAST-ERROR,DEFINES
DB2RECV,program_ws,WORKING-STORAGE,REC-DB2RECV_WS-WS-ERROR-AREA,DEFINES
DB2RECV,program_ws,WORKING-STORAGE,REC-DB2RECV_WS-WS-DB2-REQUEST,DEFINES
ERRHNDL,program_ws,WORKING-STORAGE,REC-ERRHNDL_WS-WS-ERROR-AREA,DEFINES
ERRHNDL,program_ws,WORKING-STORAGE,REC-ERRHNDL_WS-WS-DB2-AREA,DEFINES
ERRHNDL,program_ws,WORKING-STORAGE,REC-ERRHNDL_WS-WS-ERRLOG-RECORD,DEFINES
ERRHNDL,program_ws,WORKING-STORAGE,REC-ERRHNDL_WS-LOG-TIMESTAMP,DEFINES
ERRHNDL,program_ws,WORKING-STORAGE,REC-ERRHNDL_WS-LOG-PROGRAM,DEFINES
ERRHNDL,program_ws,WORKING-STORAGE,REC-ERRHNDL_WS-LOG-PARAGRAPH,DEFINES
ERRHNDL,program_ws,WORKING-STORAGE,REC-ERRHNDL_WS-LOG-SQLCODE,DEFINES
ERRHNDL,program_ws,WORKING-STORAGE,REC-ERRHNDL_WS-LOG-CICS-RESP,DEFINES
ERRHNDL,program_ws,WORKING-STORAGE,REC-ERRHNDL_WS-LOG-SEVERITY,DEFINES
ERRHNDL,program_ws,WORKING-STORAGE,REC-ERRHNDL_WS-LOG-MESSAGE,DEFINES
ERRHNDL,program_ws,WORKING-STORAGE,REC-ERRHNDL_WS-LOG-TRACE-ID,DEFINES
INQHIST,program_ws,WORKING-STORAGE,REC-INQHIST_WS-WS-COMMAREA,DEFINES
INQHIST,program_ws,WORKING-STORAGE,REC-INQHIST_WS-WS-DB2-AREA,DEFINES
INQHIST,program_ws,WORKING-STORAGE,REC-INQHIST_WS-WS-HISTORY-TABLE,DEFINES
INQHIST,program_ws,WORKING-STORAGE,REC-INQHIST_WS-WS-HISTORY-ENTRY,DEFINES
INQHIST,program_ws,WORKING-STORAGE,REC-INQHIST_WS-WS-TRANS-DATE,DEFINES
INQHIST,program_ws,WORKING-STORAGE,REC-INQHIST_WS-WS-TRANS-TYPE,DEFINES
INQHIST,program_ws,WORKING-STORAGE,REC-INQHIST_WS-WS-TRANS-UNITS,DEFINES
INQHIST,program_ws,WORKING-STORAGE,REC-INQHIST_WS-WS-TRANS-PRICE,DEFINES
INQHIST,program_ws,WORKING-STORAGE,REC-INQHIST_WS-WS-TRANS-AMOUNT,DEFINES
INQHIST,program_ws,WORKING-STORAGE,REC-INQHIST_WS-WS-FLAGS,DEFINES
INQHIST,program_ws,WORKING-STORAGE,REC-INQHIST_WS-WS-RESPONSE-CODE,DEFINES
INQHIST,program_ws,WORKING-STORAGE,REC-INQHIST_WS-WS-MORE-HISTORY,DEFINES
INQHIST,program_ws,WORKING-STORAGE,REC-INQHIST_WS-MORE-ROWS,DEFINES
INQHIST,program_ws,WORKING-STORAGE,REC-INQHIST_WS-NO-MORE-ROWS,DEFINES
INQHIST,program_ws,WORKING-STORAGE,REC-INQHIST_WS-WS-ROW-COUNT,DEFINES
INQHIST,program_ws,WORKING-STORAGE,REC-INQHIST_WS-WS-DB2-REQUEST,DEFINES
INQHIST,program_ws,WORKING-STORAGE,REC-INQHIST_WS-DB2-REQUEST-TYPE,DEFINES
INQHIST,program_ws,WORKING-STORAGE,REC-INQHIST_WS-DB2-RESPONSE-CODE,DEFINES
INQHIST,program_ws,WORKING-STORAGE,REC-INQHIST_WS-DB2-CONNECTION-TOKEN,DEFINES
INQHIST,program_ws,WORKING-STORAGE,REC-INQHIST_WS-DB2-ERROR-INFO,DEFINES
INQHIST,program_ws,WORKING-STORAGE,REC-INQHIST_WS-DB2-SQLCODE,DEFINES
INQHIST,program_ws,WORKING-STORAGE,REC-INQHIST_WS-DB2-ERROR-MSG,DEFINES
INQHIST,program_ws,WORKING-STORAGE,REC-INQHIST_WS-WS-CURSOR-REQUEST,DEFINES
INQHIST,program_ws,WORKING-STORAGE,REC-INQHIST_WS-CURS-REQUEST-TYPE,DEFINES
INQHIST,program_ws,WORKING-STORAGE,REC-INQHIST_WS-CURS-NAME,DEFINES
INQHIST,program_ws,WORKING-STORAGE,REC-INQHIST_WS-CURS-STMT,DEFINES
INQHIST,program_ws,WORKING-STORAGE,REC-INQHIST_WS-CURS-ARRAY-FETCH,DEFINES
INQHIST,program_ws,WORKING-STORAGE,REC-INQHIST_WS-CURS-RESPONSE-CODE,DEFINES
INQHIST,program_ws,WORKING-STORAGE,REC-INQHIST_WS-CURS-DATA-AREA,DEFINES
INQHIST,program_ws,WORKING-STORAGE,REC-INQHIST_WS-CURS-DATA-LENGTH,DEFINES
INQHIST,program_ws,WORKING-STORAGE,REC-INQHIST_WS-WS-RECOVERY-REQUEST,DEFINES
INQHIST,program_ws,WORKING-STORAGE,REC-INQHIST_WS-RECV-REQUEST-TYPE,DEFINES
INQHIST,program_ws,WORKING-STORAGE,REC-INQHIST_WS-RECV-RESPONSE-CODE,DEFINES
INQHIST,program_ws,WORKING-STORAGE,REC-INQHIST_WS-RECV-SQLCODE,DEFINES
INQHIST,program_ws,WORKING-STORAGE,REC-INQHIST_WS-RECV-ERROR-INFO,DEFINES
INQHIST,program_ws,WORKING-STORAGE,REC-INQHIST_WS-RECV-PROGRAM,DEFINES
INQHIST,program_ws,WORKING-STORAGE,REC-INQHIST_WS-RECV-CURSOR,DEFINES
INQHIST,program_ws,WORKING-STORAGE,REC-INQHIST_WS-RECV-MESSAGE,DEFINES
INQHIST,program_ws,WORKING-STORAGE,REC-INQHIST_WS-RECV-STATUS,DEFINES
INQHIST,program_ws,WORKING-STORAGE,REC-INQHIST_WS-RECV-SUCCESS,DEFINES
INQHIST,program_ws,WORKING-STORAGE,REC-INQHIST_WS-RECV-FAILED,DEFINES
INQHIST,program_ws,WORKING-STORAGE,REC-INQHIST_WS-RECV-RETRY,DEFINES
INQONLN,program_ws,WORKING-STORAGE,REC-INQONLN_WS-WS-COMMAREA,DEFINES
INQONLN,program_ws,WORKING-STORAGE,REC-INQONLN_WS-WS-FLAGS,DEFINES
INQONLN,program_ws,WORKING-STORAGE,REC-INQONLN_WS-WS-END-OF-SESSION,DEFINES
INQONLN,program_ws,WORKING-STORAGE,REC-INQONLN_WS-SESSION-ACTIVE,DEFINES
INQONLN,program_ws,WORKING-STORAGE,REC-INQONLN_WS-SESSION-TERMINATED,DEFINES
INQONLN,program_ws,WORKING-STORAGE,REC-INQONLN_WS-WS-RESPONSE-CODE,DEFINES
INQONLN,program_ws,WORKING-STORAGE,REC-INQONLN_WS-WS-ERROR-AREA,DEFINES
INQONLN,program_ws,WORKING-STORAGE,REC-INQONLN_WS-WS-SECURITY-REQUEST,DEFINES
INQONLN,program_ws,WORKING-STORAGE,REC-INQONLN_WS-SEC-REQUEST-TYPE,DEFINES
INQONLN,program_ws,WORKING-STORAGE,REC-INQONLN_WS-SEC-USER-ID,DEFINES
INQONLN,program_ws,WORKING-STORAGE,REC-INQONLN_WS-SEC-RESOURCE-NAME,DEFINES
INQONLN,program_ws,WORKING-STORAGE,REC-INQONLN_WS-SEC-ACCESS-TYPE,DEFINES
INQONLN,program_ws,WORKING-STORAGE,REC-INQONLN_WS-SEC-RESPONSE-CODE,DEFINES
INQONLN,program_ws,WORKING-STORAGE,REC-INQONLN_WS-SEC-ERROR-INFO,DEFINES
INQPORT,program_ws,WORKING-STORAGE,REC-INQPORT_WS-WS-COMMAREA,DEFINES
INQPORT,program_ws,WORKING-STORAGE,REC-INQPORT_WS-WS-POSITION-RECORD,DEFINES
INQPORT,program_ws,WORKING-STORAGE,REC-INQPORT_WS-WS-DB2-POSITION,DEFINES
INQPORT,program_ws,WORKING-STORAGE,REC-INQPORT_WS-WS-FLAGS,DEFINES
INQPORT,program_ws,WORKING-STORAGE,REC-INQPORT_WS-WS-RESPONSE-CODE,DEFINES
INQPORT,program_ws,WORKING-STORAGE,REC-INQPORT_WS-WS-POSITION-FOUND,DEFINES
INQPORT,program_ws,WORKING-STORAGE,REC-INQPORT_WS-POSITION-EXISTS,DEFINES
INQPORT,program_ws,WORKING-STORAGE,REC-INQPORT_WS-NO-POSITION,DEFINES
INQPORT,program_ws,WORKING-STORAGE,REC-INQPORT_WS-WS-MAP-FIELDS,DEFINES
INQPORT,program_ws,WORKING-STORAGE,REC-INQPORT_WS-WS-ACCOUNT-LABEL,DEFINES
INQPORT,program_ws,WORKING-STORAGE,REC-INQPORT_WS-WS-FUND-LABEL,DEFINES
INQPORT,program_ws,WORKING-STORAGE,REC-INQPORT_WS-WS-UNITS-LABEL,DEFINES
INQPORT,program_ws,WORKING-STORAGE,REC-INQPORT_WS-WS-COST-LABEL,DEFINES
INQPORT,program_ws,WORKING-STORAGE,REC-INQPORT_WS-WS-VALUE-LABEL,DEFINES
SECMGR,program_ws,WORKING-STORAGE,REC-SECMGR_WS-WS-DB2-AREA,DEFINES
SECMGR,program_ws,WORKING-STORAGE,REC-SECMGR_WS-WS-SECURITY-AREA,DEFINES
SECMGR,program_ws,WORKING-STORAGE,REC-SECMGR_WS-WS-USER-ID,DEFINES
SECMGR,program_ws,WORKING-STORAGE,REC-SECMGR_WS-WS-TERMINAL-ID,DEFINES
SECMGR,program_ws,WORKING-STORAGE,REC-SECMGR_WS-WS-TRANSACTION-ID,DEFINES
SECMGR,program_ws,WORKING-STORAGE,REC-SECMGR_WS-WS-PROGRAM-NAME,DEFINES
SECMGR,program_ws,WORKING-STORAGE,REC-SECMGR_WS-WS-ACCESS-TYPE,DEFINES
SECMGR,program_ws,WORKING-STORAGE,REC-SECMGR_WS-WS-TIMESTAMP,DEFINES
SECMGR,program_ws,WORKING-STORAGE,REC-SECMGR_WS-WS-ERROR-AREA,DEFINES
PORTADD,program_ws,WORKING-STORAGE,REC-PORTADD_WS-WS-CONSTANTS,DEFINES
PORTADD,program_ws,WORKING-STORAGE,REC-PORTADD_WS-WS-PROGRAM-NAME,DEFINES
PORTADD,program_ws,WORKING-STORAGE,REC-PORTADD_WS-WS-SUCCESS,DEFINES
PORTADD,program_ws,WORKING-STORAGE,REC-PORTADD_WS-WS-ERROR,DEFINES
PORTADD,program_ws,WORKING-STORAGE,REC-PORTADD_WS-WS-SWITCHES,DEFINES
PORTADD,program_ws,WORKING-STORAGE,REC-PORTADD_WS-WS-FILE-STATUS,DEFINES
PORTADD,program_ws,WORKING-STORAGE,REC-PORTADD_WS-WS-SUCCESS-STATUS,DEFINES
PORTADD,program_ws,WORKING-STORAGE,REC-PORTADD_WS-WS-DUP-STATUS,DEFINES
PORTADD,program_ws,WORKING-STORAGE,REC-PORTADD_WS-WS-EOF-STATUS,DEFINES
PORTADD,program_ws,WORKING-STORAGE,REC-PORTADD_WS-WS-INPUT-STATUS,DEFINES
PORTADD,program_ws,WORKING-STORAGE,REC-PORTADD_WS-WS-INPUT-SUCCESS,DEFINES
PORTADD,program_ws,WORKING-STORAGE,REC-PORTADD_WS-WS-INPUT-EOF,DEFINES
PORTADD,program_ws,WORKING-STORAGE,REC-PORTADD_WS-WS-END-OF-FILE-SW,DEFINES
PORTADD,program_ws,WORKING-STORAGE,REC-PORTADD_WS-END-OF-FILE,DEFINES
PORTADD,program_ws,WORKING-STORAGE,REC-PORTADD_WS-NOT-END-OF-FILE,DEFINES
PORTADD,program_ws,WORKING-STORAGE,REC-PORTADD_WS-WS-WORK-AREAS,DEFINES
PORTADD,program_ws,WORKING-STORAGE,REC-PORTADD_WS-WS-ADD-COUNT,DEFINES
PORTADD,program_ws,WORKING-STORAGE,REC-PORTADD_WS-WS-ERROR-COUNT,DEFINES
PORTADD,program_ws,WORKING-STORAGE,REC-PORTADD_WS-WS-DUP-COUNT,DEFINES
PORTADD,program_ws,WORKING-STORAGE,REC-PORTADD_WS-WS-RETURN-CODE,DEFINES
PORTADD,program_ws,WORKING-STORAGE,REC-PORTADD_WS-WS-CURRENT-DATE,DEFINES
PORTDEL,program_ws,WORKING-STORAGE,REC-PORTDEL_WS-WS-CONSTANTS,DEFINES
PORTDEL,program_ws,WORKING-STORAGE,REC-PORTDEL_WS-WS-PROGRAM-NAME,DEFINES
PORTDEL,program_ws,WORKING-STORAGE,REC-PORTDEL_WS-WS-SUCCESS,DEFINES
PORTDEL,program_ws,WORKING-STORAGE,REC-PORTDEL_WS-WS-ERROR,DEFINES
PORTDEL,program_ws,WORKING-STORAGE,REC-PORTDEL_WS-WS-SWITCHES,DEFINES
PORTDEL,program_ws,WORKING-STORAGE,REC-PORTDEL_WS-WS-FILE-STATUS,DEFINES
PORTDEL,program_ws,WORKING-STORAGE,REC-PORTDEL_WS-WS-SUCCESS-STATUS,DEFINES
PORTDEL,program_ws,WORKING-STORAGE,REC-PORTDEL_WS-WS-REC-NOT-FND,DEFINES
PORTDEL,program_ws,WORKING-STORAGE,REC-PORTDEL_WS-WS-EOF-STATUS,DEFINES
PORTDEL,program_ws,WORKING-STORAGE,REC-PORTDEL_WS-WS-DEL-STATUS,DEFINES
PORTDEL,program_ws,WORKING-STORAGE,REC-PORTDEL_WS-WS-DEL-SUCCESS,DEFINES
PORTDEL,program_ws,WORKING-STORAGE,REC-PORTDEL_WS-WS-DEL-EOF,DEFINES
PORTDEL,program_ws,WORKING-STORAGE,REC-PORTDEL_WS-WS-AUD-STATUS,DEFINES
PORTDEL,program_ws,WORKING-STORAGE,REC-PORTDEL_WS-WS-AUD-SUCCESS,DEFINES
PORTDEL,program_ws,WORKING-STORAGE,REC-PORTDEL_WS-WS-END-OF-FILE-SW,DEFINES
PORTDEL,program_ws,WORKING-STORAGE,REC-PORTDEL_WS-END-OF-FILE,DEFINES
PORTDEL,program_ws,WORKING-STORAGE,REC-PORTDEL_WS-NOT-END-OF-FILE,DEFINES
PORTDEL,program_ws,WORKING-STORAGE,REC-PORTDEL_WS-WS-WORK-AREAS,DEFINES
PORTDEL,program_ws,WORKING-STORAGE,REC-PORTDEL_WS-WS-DELETE-COUNT,DEFINES
PORTDEL,program_ws,WORKING-STORAGE,REC-PORTDEL_WS-WS-ERROR-COUNT,DEFINES
PORTDEL,program_ws,WORKING-STORAGE,REC-PORTDEL_WS-WS-NOT-FND-COUNT,DEFINES
PORTDEL,program_ws,WORKING-STORAGE,REC-PORTDEL_WS-WS-RETURN-CODE,DEFINES
PORTDEL,program_ws,WORKING-STORAGE,REC-PORTDEL_WS-WS-TIMESTAMP,DEFINES
PORTMSTR,program_ws,WORKING-STORAGE,REC-PORTMSTR_WS-WS-CONSTANTS,DEFINES
PORTMSTR,program_ws,WORKING-STORAGE,REC-PORTMSTR_WS-WS-PROGRAM-NAME,DEFINES
PORTMSTR,program_ws,WORKING-STORAGE,REC-PORTMSTR_WS-WS-SUCCESS,DEFINES
PORTMSTR,program_ws,WORKING-STORAGE,REC-PORTMSTR_WS-WS-ERROR,DEFINES
PORTMSTR,program_ws,WORKING-STORAGE,REC-PORTMSTR_WS-WS-ERROR-TEXT,DEFINES
PORTMSTR,program_ws,WORKING-STORAGE,REC-PORTMSTR_WS-WS-SWITCHES,DEFINES
PORTMSTR,program_ws,WORKING-STORAGE,REC-PORTMSTR_WS-WS-PORT-STATUS,DEFINES
PORTMSTR,program_ws,WORKING-STORAGE,REC-PORTMSTR_WS-PORT-SUCCESS,DEFINES
PORTMSTR,program_ws,WORKING-STORAGE,REC-PORTMSTR_WS-PORT-EOF,DEFINES
PORTMSTR,program_ws,WORKING-STORAGE,REC-PORTMSTR_WS-PORT-NOT-FOUND,DEFINES
PORTMSTR,program_ws,WORKING-STORAGE,REC-PORTMSTR_WS-PORT-DUP-KEY,DEFINES
PORTMSTR,program_ws,WORKING-STORAGE,REC-PORTMSTR_WS-WS-VALID-STATUS,DEFINES
PORTMSTR,program_ws,WORKING-STORAGE,REC-PORTMSTR_WS-VALID-STATUS,DEFINES
PORTMSTR,program_ws,WORKING-STORAGE,REC-PORTMSTR_WS-WS-END-OF-FILE-SW,DEFINES
PORTMSTR,program_ws,WORKING-STORAGE,REC-PORTMSTR_WS-END-OF-FILE,DEFINES
PORTMSTR,program_ws,WORKING-STORAGE,REC-PORTMSTR_WS-NOT-END-OF-FILE,DEFINES
PORTMSTR,program_ws,WORKING-STORAGE,REC-PORTMSTR_WS-WS-WORK-AREAS,DEFINES
PORTMSTR,program_ws,WORKING-STORAGE,REC-PORTMSTR_WS-WS-CURRENT-DATE,DEFINES
PORTMSTR,program_ws,WORKING-STORAGE,REC-PORTMSTR_WS-WS-RETURN-CODE,DEFINES
PORTREAD,program_ws,WORKING-STORAGE,REC-PORTREAD_WS-WS-CONSTANTS,DEFINES
PORTREAD,program_ws,WORKING-STORAGE,REC-PORTREAD_WS-WS-PROGRAM-NAME,DEFINES
PORTREAD,program_ws,WORKING-STORAGE,REC-PORTREAD_WS-WS-SUCCESS,DEFINES
PORTREAD,program_ws,WORKING-STORAGE,REC-PORTREAD_WS-WS-ERROR,DEFINES
PORTREAD,program_ws,WORKING-STORAGE,REC-PORTREAD_WS-WS-SWITCHES,DEFINES
PORTREAD,program_ws,WORKING-STORAGE,REC-PORTREAD_WS-WS-FILE-STATUS,DEFINES
PORTREAD,program_ws,WORKING-STORAGE,REC-PORTREAD_WS-WS-SUCCESS-STATUS,DEFINES
PORTREAD,program_ws,WORKING-STORAGE,REC-PORTREAD_WS-WS-EOF-STATUS,DEFINES
PORTREAD,program_ws,WORKING-STORAGE,REC-PORTREAD_WS-WS-REC-NOT-FND,DEFINES
PORTREAD,program_ws,WORKING-STORAGE,REC-PORTREAD_WS-WS-END-OF-FILE-SW,DEFINES
PORTREAD,program_ws,WORKING-STORAGE,REC-PORTREAD_WS-END-OF-FILE,DEFINES
PORTREAD,program_ws,WORKING-STORAGE,REC-PORTREAD_WS-NOT-END-OF-FILE,DEFINES
PORTREAD,program_ws,WORKING-STORAGE,REC-PORTREAD_WS-WS-WORK-AREAS,DEFINES
PORTREAD,program_ws,WORKING-STORAGE,REC-PORTREAD_WS-WS-RECORD-COUNT,DEFINES
PORTREAD,program_ws,WORKING-STORAGE,REC-PORTREAD_WS-WS-RETURN-CODE,DEFINES
PORTTEST,program_ws,WORKING-STORAGE,REC-PORTTEST_WS-WS-VARIABLES,DEFINES
PORTTEST,program_ws,WORKING-STORAGE,REC-PORTTEST_WS-WS-FILE-STATUS,DEFINES
PORTTEST,program_ws,WORKING-STORAGE,REC-PORTTEST_WS-WS-RECORD-COUNT,DEFINES
PORTTEST,program_ws,WORKING-STORAGE,REC-PORTTEST_WS-WS-MAX-RECORDS,DEFINES
PORTTEST,program_ws,WORKING-STORAGE,REC-PORTTEST_WS-WS-CURRENT-DATE,DEFINES
PORTTEST,program_ws,WORKING-STORAGE,REC-PORTTEST_WS-WS-TEST-VALUES,DEFINES
PORTTEST,program_ws,WORKING-STORAGE,REC-PORTTEST_WS-WS-CLIENT-TYPES,DEFINES
PORTTEST,program_ws,WORKING-STORAGE,REC-PORTTEST_WS-WS-STATUS-TYPES,DEFINES
PORTTEST,program_ws,WORKING-STORAGE,REC-PORTTEST_WS-WS-NAME-PREFIX,DEFINES
PORTTEST,program_ws,WORKING-STORAGE,REC-PORTTEST_WS-WS-SUBSCRIPTS,DEFINES
PORTTEST,program_ws,WORKING-STORAGE,REC-PORTTEST_WS-WS-TYPE-SUB,DEFINES
PORTTEST,program_ws,WORKING-STORAGE,REC-PORTTEST_WS-WS-STATUS-SUB,DEFINES
PORTTRAN,program_ws,WORKING-STORAGE,REC-PORTTRAN_WS-WS-FILE-STATUS,DEFINES
PORTTRAN,program_ws,WORKING-STORAGE,REC-PORTTRAN_WS-WS-TRAN-STATUS,DEFINES
PORTTRAN,program_ws,WORKING-STORAGE,REC-PORTTRAN_WS-WS-PORT-STATUS,DEFINES
PORTTRAN,program_ws,WORKING-STORAGE,REC-PORTTRAN_WS-WS-COUNTERS,DEFINES
PORTTRAN,program_ws,WORKING-STORAGE,REC-PORTTRAN_WS-WS-READ-COUNT,DEFINES
PORTTRAN,program_ws,WORKING-STORAGE,REC-PORTTRAN_WS-WS-PROCESS-COUNT,DEFINES
PORTTRAN,program_ws,WORKING-STORAGE,REC-PORTTRAN_WS-WS-ERROR-COUNT,DEFINES
PORTTRAN,program_ws,WORKING-STORAGE,REC-PORTTRAN_WS-WS-EOF-FLAG,DEFINES
PORTTRAN,program_ws,WORKING-STORAGE,REC-PORTTRAN_WS-END-OF-FILE,DEFINES
PORTTRAN,program_ws,WORKING-STORAGE,REC-PORTTRAN_WS-MORE-RECORDS,DEFINES
PORTUPDT,program_ws,WORKING-STORAGE,REC-PORTUPDT_WS-WS-CONSTANTS,DEFINES
PORTUPDT,program_ws,WORKING-STORAGE,REC-PORTUPDT_WS-WS-PROGRAM-NAME,DEFINES
PORTUPDT,program_ws,WORKING-STORAGE,REC-PORTUPDT_WS-WS-SUCCESS,DEFINES
PORTUPDT,program_ws,WORKING-STORAGE,REC-PORTUPDT_WS-WS-ERROR,DEFINES
PORTUPDT,program_ws,WORKING-STORAGE,REC-PORTUPDT_WS-WS-SWITCHES,DEFINES
PORTUPDT,program_ws,WORKING-STORAGE,REC-PORTUPDT_WS-WS-FILE-STATUS,DEFINES
PORTUPDT,program_ws,WORKING-STORAGE,REC-PORTUPDT_WS-WS-SUCCESS-STATUS,DEFINES
PORTUPDT,program_ws,WORKING-STORAGE,REC-PORTUPDT_WS-WS-EOF-STATUS,DEFINES
PORTUPDT,program_ws,WORKING-STORAGE,REC-PORTUPDT_WS-WS-REC-NOT-FND,DEFINES
PORTUPDT,program_ws,WORKING-STORAGE,REC-PORTUPDT_WS-WS-UPDT-STATUS,DEFINES
PORTUPDT,program_ws,WORKING-STORAGE,REC-PORTUPDT_WS-WS-UPDT-SUCCESS,DEFINES
PORTUPDT,program_ws,WORKING-STORAGE,REC-PORTUPDT_WS-WS-UPDT-EOF,DEFINES
PORTUPDT,program_ws,WORKING-STORAGE,REC-PORTUPDT_WS-WS-END-OF-FILE-SW,DEFINES
PORTUPDT,program_ws,WORKING-STORAGE,REC-PORTUPDT_WS-END-OF-FILE,DEFINES
PORTUPDT,program_ws,WORKING-STORAGE,REC-PORTUPDT_WS-NOT-END-OF-FILE,DEFINES
PORTUPDT,program_ws,WORKING-STORAGE,REC-PORTUPDT_WS-WS-WORK-AREAS,DEFINES
PORTUPDT,program_ws,WORKING-STORAGE,REC-PORTUPDT_WS-WS-UPDATE-COUNT,DEFINES
PORTUPDT,program_ws,WORKING-STORAGE,REC-PORTUPDT_WS-WS-ERROR-COUNT,DEFINES
PORTUPDT,program_ws,WORKING-STORAGE,REC-PORTUPDT_WS-WS-RETURN-CODE,DEFINES
PORTUPDT,program_ws,WORKING-STORAGE,REC-PORTUPDT_WS-WS-NUMERIC-WORK,DEFINES
TSTGEN00,program_ws,WORKING-STORAGE,REC-TSTGEN00_WS-WS-FILE-STATUS,DEFINES
TSTGEN00,program_ws,WORKING-STORAGE,REC-TSTGEN00_WS-WS-CFG-STATUS,DEFINES
TSTGEN00,program_ws,WORKING-STORAGE,REC-TSTGEN00_WS-WS-PORT-STATUS,DEFINES
TSTGEN00,program_ws,WORKING-STORAGE,REC-TSTGEN00_WS-WS-TRAN-STATUS,DEFINES
TSTGEN00,program_ws,WORKING-STORAGE,REC-TSTGEN00_WS-WS-RAND-STATUS,DEFINES
TSTGEN00,program_ws,WORKING-STORAGE,REC-TSTGEN00_WS-WS-TEST-TYPES,DEFINES
TSTGEN00,program_ws,WORKING-STORAGE,REC-TSTGEN00_WS-WS-PORTFOLIO,DEFINES
TSTGEN00,program_ws,WORKING-STORAGE,REC-TSTGEN00_WS-WS-TRANSACTION,DEFINES
TSTGEN00,program_ws,WORKING-STORAGE,REC-TSTGEN00_WS-WS-ERROR-TEST,DEFINES
TSTGEN00,program_ws,WORKING-STORAGE,REC-TSTGEN00_WS-WS-VOLUME-TEST,DEFINES
TSTGEN00,program_ws,WORKING-STORAGE,REC-TSTGEN00_WS-WS-PROCESSING-FLAGS,DEFINES
TSTGEN00,program_ws,WORKING-STORAGE,REC-TSTGEN00_WS-WS-END-OF-CONFIG,DEFINES
TSTGEN00,program_ws,WORKING-STORAGE,REC-TSTGEN00_WS-END-OF-CONFIG,DEFINES
TSTGEN00,program_ws,WORKING-STORAGE,REC-TSTGEN00_WS-WS-COUNTERS,DEFINES
TSTGEN00,program_ws,WORKING-STORAGE,REC-TSTGEN00_WS-WS-RECORDS-WRITTEN,DEFINES
TSTGEN00,program_ws,WORKING-STORAGE,REC-TSTGEN00_WS-WS-ERROR-COUNT,DEFINES
TSTGEN00,program_ws,WORKING-STORAGE,REC-TSTGEN00_WS-WS-RANDOM-VALUES,DEFINES
TSTGEN00,program_ws,WORKING-STORAGE,REC-TSTGEN00_WS-WS-RANDOM-SEED,DEFINES
TSTGEN00,program_ws,WORKING-STORAGE,REC-TSTGEN00_WS-WS-RANDOM-NUM,DEFINES
TSTGEN00,program_ws,WORKING-STORAGE,REC-TSTGEN00_WS-WS-RANDOM-DECIMAL,DEFINES
TSTGEN00,program_ws,WORKING-STORAGE,REC-TSTGEN00_WS-WS-PORTFOLIO-DATA,DEFINES
TSTGEN00,program_ws,WORKING-STORAGE,REC-TSTGEN00_WS-WS-PORT-ID,DEFINES
TSTGEN00,program_ws,WORKING-STORAGE,REC-TSTGEN00_WS-WS-PORT-NAME,DEFINES
TSTGEN00,program_ws,WORKING-STORAGE,REC-TSTGEN00_WS-WS-PORT-TYPE,DEFINES
TSTGEN00,program_ws,WORKING-STORAGE,REC-TSTGEN00_WS-WS-PORT-BALANCE,DEFINES
TSTGEN00,program_ws,WORKING-STORAGE,REC-TSTGEN00_WS-WS-TRANSACTION-DATA,DEFINES
TSTGEN00,program_ws,WORKING-STORAGE,REC-TSTGEN00_WS-WS-TRAN-ID,DEFINES
TSTGEN00,program_ws,WORKING-STORAGE,REC-TSTGEN00_WS-WS-TRAN-TYPE,DEFINES
TSTGEN00,program_ws,WORKING-STORAGE,REC-TSTGEN00_WS-WS-TRAN-AMOUNT,DEFINES
TSTGEN00,program_ws,WORKING-STORAGE,REC-TSTGEN00_WS-WS-TRAN-DATE,DEFINES
TSTVAL00,program_ws,WORKING-STORAGE,REC-TSTVAL00_WS-WS-FILE-STATUS,DEFINES
TSTVAL00,program_ws,WORKING-STORAGE,REC-TSTVAL00_WS-WS-TEST-STATUS,DEFINES
TSTVAL00,program_ws,WORKING-STORAGE,REC-TSTVAL00_WS-WS-EXP-STATUS,DEFINES
TSTVAL00,program_ws,WORKING-STORAGE,REC-TSTVAL00_WS-WS-ACT-STATUS,DEFINES
TSTVAL00,program_ws,WORKING-STORAGE,REC-TSTVAL00_WS-WS-RPT-STATUS,DEFINES
TSTVAL00,program_ws,WORKING-STORAGE,REC-TSTVAL00_WS-WS-TEST-TYPES,DEFINES
TSTVAL00,program_ws,WORKING-STORAGE,REC-TSTVAL00_WS-WS-FUNCTIONAL,DEFINES
TSTVAL00,program_ws,WORKING-STORAGE,REC-TSTVAL00_WS-WS-INTEGRATION,DEFINES
TSTVAL00,program_ws,WORKING-STORAGE,REC-TSTVAL00_WS-WS-PERFORMANCE,DEFINES
TSTVAL00,program_ws,WORKING-STORAGE,REC-TSTVAL00_WS-WS-ERROR,DEFINES
TSTVAL00,program_ws,WORKING-STORAGE,REC-TSTVAL00_WS-WS-PROCESSING-FLAGS,DEFINES
TSTVAL00,program_ws,WORKING-STORAGE,REC-TSTVAL00_WS-WS-END-OF-TESTS,DEFINES
TSTVAL00,program_ws,WORKING-STORAGE,REC-TSTVAL00_WS-END-OF-TESTS,DEFINES
TSTVAL00,program_ws,WORKING-STORAGE,REC-TSTVAL00_WS-WS-TEST-PASSED,DEFINES
TSTVAL00,program_ws,WORKING-STORAGE,REC-TSTVAL00_WS-TEST-PASSED,DEFINES
TSTVAL00,program_ws,WORKING-STORAGE,REC-TSTVAL00_WS-WS-TEST-METRICS,DEFINES
TSTVAL00,program_ws,WORKING-STORAGE,REC-TSTVAL00_WS-WS-TOTAL-TESTS,DEFINES
TSTVAL00,program_ws,WORKING-STORAGE,REC-TSTVAL00_WS-WS-TESTS-PASSED,DEFINES
TSTVAL00,program_ws,WORKING-STORAGE,REC-TSTVAL00_WS-WS-TESTS-FAILED,DEFINES
TSTVAL00,program_ws,WORKING-STORAGE,REC-TSTVAL00_WS-WS-START-TIME,DEFINES
TSTVAL00,program_ws,WORKING-STORAGE,REC-TSTVAL00_WS-WS-END-TIME,DEFINES
TSTVAL00,program_ws,WORKING-STORAGE,REC-TSTVAL00_WS-WS-ELAPSED-TIME,DEFINES
TSTVAL00,program_ws,WORKING-STORAGE,REC-TSTVAL00_WS-WS-REPORT-HEADERS,DEFINES
TSTVAL00,program_ws,WORKING-STORAGE,REC-TSTVAL00_WS-WS-HEADER1,DEFINES
TSTVAL00,program_ws,WORKING-STORAGE,REC-TSTVAL00_WS-FILLER-97,DEFINES
TSTVAL00,program_ws,WORKING-STORAGE,REC-TSTVAL00_WS-WS-HEADER2,DEFINES
TSTVAL00,program_ws,WORKING-STORAGE,REC-TSTVAL00_WS-FILLER-99,DEFINES
TSTVAL00,program_ws,WORKING-STORAGE,REC-TSTVAL00_WS-FILLER-100,DEFINES
TSTVAL00,program_ws,WORKING-STORAGE,REC-TSTVAL00_WS-FILLER-102,DEFINES
TSTVAL00,program_ws,WORKING-STORAGE,REC-TSTVAL00_WS-WS-TEST-DETAIL,DEFINES
TSTVAL00,program_ws,WORKING-STORAGE,REC-TSTVAL00_WS-WS-TEST-ID-OUT,DEFINES
TSTVAL00,program_ws,WORKING-STORAGE,REC-TSTVAL00_WS-FILLER-106,DEFINES
TSTVAL00,program_ws,WORKING-STORAGE,REC-TSTVAL00_WS-WS-TEST-TYPE-OUT,DEFINES
TSTVAL00,program_ws,WORKING-STORAGE,REC-TSTVAL00_WS-FILLER-108,DEFINES
TSTVAL00,program_ws,WORKING-STORAGE,REC-TSTVAL00_WS-WS-TEST-DESC-OUT,DEFINES
TSTVAL00,program_ws,WORKING-STORAGE,REC-TSTVAL00_WS-FILLER-110,DEFINES
TSTVAL00,program_ws,WORKING-STORAGE,REC-TSTVAL00_WS-WS-TEST-STATUS-OUT,DEFINES
TSTVAL00,program_ws,WORKING-STORAGE,REC-TSTVAL00_WS-FILLER-112,DEFINES
TSTVAL00,program_ws,WORKING-STORAGE,REC-TSTVAL00_WS-WS-SUMMARY-LINE,DEFINES
TSTVAL00,program_ws,WORKING-STORAGE,REC-TSTVAL00_WS-FILLER-115,DEFINES
TSTVAL00,program_ws,WORKING-STORAGE,REC-TSTVAL00_WS-WS-TOTAL-OUT,DEFINES
TSTVAL00,program_ws,WORKING-STORAGE,REC-TSTVAL00_WS-FILLER-117,DEFINES
TSTVAL00,program_ws,WORKING-STORAGE,REC-TSTVAL00_WS-WS-PASSED-OUT,DEFINES
TSTVAL00,program_ws,WORKING-STORAGE,REC-TSTVAL00_WS-FILLER-119,DEFINES
TSTVAL00,program_ws,WORKING-STORAGE,REC-TSTVAL00_WS-WS-FAILED-OUT,DEFINES
TSTVAL00,program_ws,WORKING-STORAGE,REC-TSTVAL00_WS-FILLER-121,DEFINES
TSTVAL00,program_ws,WORKING-STORAGE,REC-TSTVAL00_WS-WS-SUCCESS-RATE,DEFINES
TSTVAL00,program_ws,WORKING-STORAGE,REC-TSTVAL00_WS-FILLER-123,DEFINES
TSTVAL00,program_ws,WORKING-STORAGE,REC-TSTVAL00_WS-FILLER-124,DEFINES
UTLMNT00,program_ws,WORKING-STORAGE,REC-UTLMNT00_WS-WS-FILE-STATUS,DEFINES
UTLMNT00,program_ws,WORKING-STORAGE,REC-UTLMNT00_WS-WS-CTL-STATUS,DEFINES
UTLMNT00,program_ws,WORKING-STORAGE,REC-UTLMNT00_WS-WS-ARCH-STATUS,DEFINES
UTLMNT00,program_ws,WORKING-STORAGE,REC-UTLMNT00_WS-WS-REPORT-STATUS,DEFINES
UTLMNT00,program_ws,WORKING-STORAGE,REC-UTLMNT00_WS-WS-PROCESSING-FLAGS,DEFINES
UTLMNT00,program_ws,WORKING-STORAGE,REC-UTLMNT00_WS-WS-END-OF-CTL,DEFINES
UTLMNT00,program_ws,WORKING-STORAGE,REC-UTLMNT00_WS-END-OF-CONTROL,DEFINES
UTLMNT00,program_ws,WORKING-STORAGE,REC-UTLMNT00_WS-WS-FUNCTION-FLAG,DEFINES
UTLMNT00,program_ws,WORKING-STORAGE,REC-UTLMNT00_WS-VALID-FUNCTION,DEFINES
UTLMNT00,program_ws,WORKING-STORAGE,REC-UTLMNT00_WS-WS-FUNCTIONS,DEFINES
UTLMNT00,program_ws,WORKING-STORAGE,REC-UTLMNT00_WS-WS-ARCHIVE,DEFINES
UTLMNT00,program_ws,WORKING-STORAGE,REC-UTLMNT00_WS-WS-CLEANUP,DEFINES
UTLMNT00,program_ws,WORKING-STORAGE,REC-UTLMNT00_WS-WS-REORG,DEFINES
UTLMNT00,program_ws,WORKING-STORAGE,REC-UTLMNT00_WS-WS-ANALYZE,DEFINES
UTLMNT00,program_ws,WORKING-STORAGE,REC-UTLMNT00_WS-WS-COUNTERS,DEFINES
UTLMNT00,program_ws,WORKING-STORAGE,REC-UTLMNT00_WS-WS-RECORDS-READ,DEFINES
UTLMNT00,program_ws,WORKING-STORAGE,REC-UTLMNT00_WS-WS-RECORDS-WRITTEN,DEFINES
UTLMNT00,program_ws,WORKING-STORAGE,REC-UTLMNT00_WS-WS-ERROR-COUNT,DEFINES
UTLMNT00,program_ws,WORKING-STORAGE,REC-UTLMNT00_WS-WS-VSAM-CONTROL,DEFINES
UTLMNT00,program_ws,WORKING-STORAGE,REC-UTLMNT00_WS-WS-VSAM-NAME,DEFINES
UTLMNT00,program_ws,WORKING-STORAGE,REC-UTLMNT00_WS-WS-VSAM-FUNCTION,DEFINES
UTLMNT00,program_ws,WORKING-STORAGE,REC-UTLMNT00_WS-WS-VSAM-STATUS,DEFINES
UTLMON00,program_ws,WORKING-STORAGE,REC-UTLMON00_WS-WS-FILE-STATUS,DEFINES
UTLMON00,program_ws,WORKING-STORAGE,REC-UTLMON00_WS-WS-CFG-STATUS,DEFINES
UTLMON00,program_ws,WORKING-STORAGE,REC-UTLMON00_WS-WS-LOG-STATUS,DEFINES
UTLMON00,program_ws,WORKING-STORAGE,REC-UTLMON00_WS-WS-ALERT-STATUS,DEFINES
UTLMON00,program_ws,WORKING-STORAGE,REC-UTLMON00_WS-WS-DB2-STATUS,DEFINES
UTLMON00,program_ws,WORKING-STORAGE,REC-UTLMON00_WS-WS-RESOURCE-TYPES,DEFINES
UTLMON00,program_ws,WORKING-STORAGE,REC-UTLMON00_WS-WS-CPU,DEFINES
UTLMON00,program_ws,WORKING-STORAGE,REC-UTLMON00_WS-WS-MEMORY,DEFINES
UTLMON00,program_ws,WORKING-STORAGE,REC-UTLMON00_WS-WS-DASD,DEFINES
UTLMON00,program_ws,WORKING-STORAGE,REC-UTLMON00_WS-WS-DB2,DEFINES
UTLMON00,program_ws,WORKING-STORAGE,REC-UTLMON00_WS-WS-THRESHOLD-TYPES,DEFINES
UTLMON00,program_ws,WORKING-STORAGE,REC-UTLMON00_WS-WS-UTILIZATION,DEFINES
UTLMON00,program_ws,WORKING-STORAGE,REC-UTLMON00_WS-WS-RESPONSE,DEFINES
UTLMON00,program_ws,WORKING-STORAGE,REC-UTLMON00_WS-WS-QUEUE,DEFINES
UTLMON00,program_ws,WORKING-STORAGE,REC-UTLMON00_WS-WS-ERROR,DEFINES
UTLMON00,program_ws,WORKING-STORAGE,REC-UTLMON00_WS-WS-ALERT-LEVELS,DEFINES
UTLMON00,program_ws,WORKING-STORAGE,REC-UTLMON00_WS-WS-INFO,DEFINES
UTLMON00,program_ws,WORKING-STORAGE,REC-UTLMON00_WS-WS-WARNING,DEFINES
UTLMON00,program_ws,WORKING-STORAGE,REC-UTLMON00_WS-WS-CRITICAL,DEFINES
UTLMON00,program_ws,WORKING-STORAGE,REC-UTLMON00_WS-WS-PROCESSING-FLAGS,DEFINES
UTLMON00,program_ws,WORKING-STORAGE,REC-UTLMON00_WS-WS-END-OF-CONFIG,DEFINES
UTLMON00,program_ws,WORKING-STORAGE,REC-UTLMON00_WS-END-OF-CONFIG,DEFINES
UTLMON00,program_ws,WORKING-STORAGE,REC-UTLMON00_WS-WS-THRESHOLD-MET,DEFINES
UTLMON00,program_ws,WORKING-STORAGE,REC-UTLMON00_WS-THRESHOLD-MET,DEFINES
UTLMON00,program_ws,WORKING-STORAGE,REC-UTLMON00_WS-WS-CURRENT-METRICS,DEFINES
UTLMON00,program_ws,WORKING-STORAGE,REC-UTLMON00_WS-WS-CPU-UTIL,DEFINES
UTLMON00,program_ws,WORKING-STORAGE,REC-UTLMON00_WS-WS-MEMORY-UTIL,DEFINES
UTLMON00,program_ws,WORKING-STORAGE,REC-UTLMON00_WS-WS-DASD-UTIL,DEFINES
UTLMON00,program_ws,WORKING-STORAGE,REC-UTLMON00_WS-WS-DB2-UTIL,DEFINES
UTLMON00,program_ws,WORKING-STORAGE,REC-UTLMON00_WS-WS-DB2-RESP,DEFINES
UTLMON00,program_ws,WORKING-STORAGE,REC-UTLMON00_WS-WS-DB2-QUEUE,DEFINES
UTLMON00,program_ws,WORKING-STORAGE,REC-UTLMON00_WS-WS-DB2-ERRORS,DEFINES
UTLMON00,program_ws,WORKING-STORAGE,REC-UTLMON00_WS-WS-TIMESTAMP,DEFINES
UTLMON00,program_ws,WORKING-STORAGE,REC-UTLMON00_WS-WS-DATE,DEFINES
UTLMON00,program_ws,WORKING-STORAGE,REC-UTLMON00_WS-WS-YEAR,DEFINES
UTLMON00,program_ws,WORKING-STORAGE,REC-UTLMON00_WS-WS-MONTH,DEFINES
UTLMON00,program_ws,WORKING-STORAGE,REC-UTLMON00_WS-WS-DAY,DEFINES
UTLMON00,program_ws,WORKING-STORAGE,REC-UTLMON00_WS-WS-TIME,DEFINES
UTLMON00,program_ws,WORKING-STORAGE,REC-UTLMON00_WS-WS-HOUR,DEFINES
UTLMON00,program_ws,WORKING-STORAGE,REC-UTLMON00_WS-WS-MINUTE,DEFINES
UTLMON00,program_ws,WORKING-STORAGE,REC-UTLMON00_WS-WS-SECOND,DEFINES
UTLMON00,program_ws,WORKING-STORAGE,REC-UTLMON00_WS-WS-HUNDREDTH,DEFINES
UTLVAL00,program_ws,WORKING-STORAGE,REC-UTLVAL00_WS-WS-FILE-STATUS,DEFINES
UTLVAL00,program_ws,WORKING-STORAGE,REC-UTLVAL00_WS-WS-VAL-STATUS,DEFINES
UTLVAL00,program_ws,WORKING-STORAGE,REC-UTLVAL00_WS-WS-POS-STATUS,DEFINES
UTLVAL00,program_ws,WORKING-STORAGE,REC-UTLVAL00_WS-WS-TRAN-STATUS,DEFINES
UTLVAL00,program_ws,WORKING-STORAGE,REC-UTLVAL00_WS-WS-RPT-STATUS,DEFINES
UTLVAL00,program_ws,WORKING-STORAGE,REC-UTLVAL00_WS-WS-VALIDATION-TYPES,DEFINES
UTLVAL00,program_ws,WORKING-STORAGE,REC-UTLVAL00_WS-WS-INTEGRITY,DEFINES
UTLVAL00,program_ws,WORKING-STORAGE,REC-UTLVAL00_WS-WS-XREF,DEFINES
UTLVAL00,program_ws,WORKING-STORAGE,REC-UTLVAL00_WS-WS-FORMAT,DEFINES
UTLVAL00,program_ws,WORKING-STORAGE,REC-UTLVAL00_WS-WS-BALANCE,DEFINES
UTLVAL00,program_ws,WORKING-STORAGE,REC-UTLVAL00_WS-WS-PROCESSING-FLAGS,DEFINES
UTLVAL00,program_ws,WORKING-STORAGE,REC-UTLVAL00_WS-WS-END-OF-VAL,DEFINES
UTLVAL00,program_ws,WORKING-STORAGE,REC-UTLVAL00_WS-END-OF-VALIDATION,DEFINES
UTLVAL00,program_ws,WORKING-STORAGE,REC-UTLVAL00_WS-WS-ERROR-FOUND,DEFINES
UTLVAL00,program_ws,WORKING-STORAGE,REC-UTLVAL00_WS-ERROR-FOUND,DEFINES
UTLVAL00,program_ws,WORKING-STORAGE,REC-UTLVAL00_WS-WS-VALIDATION-TOTALS,DEFINES
UTLVAL00,program_ws,WORKING-STORAGE,REC-UTLVAL00_WS-WS-RECORDS-READ,DEFINES
UTLVAL00,program_ws,WORKING-STORAGE,REC-UTLVAL00_WS-WS-RECORDS-VALID,DEFINES
UTLVAL00,program_ws,WORKING-STORAGE,REC-UTLVAL00_WS-WS-RECORDS-ERROR,DEFINES
UTLVAL00,program_ws,WORKING-STORAGE,REC-UTLVAL00_WS-WS-TOTAL-AMOUNT,DEFINES
UTLVAL00,program_ws,WORKING-STORAGE,REC-UTLVAL00_WS-WS-CONTROL-TOTAL,DEFINES
UTLVAL00,program_ws,WORKING-STORAGE,REC-UTLVAL00_WS-WS-ERROR-LINE,DEFINES
UTLVAL00,program_ws,WORKING-STORAGE,REC-UTLVAL00_WS-WS-ERR-TYPE,DEFINES
UTLVAL00,program_ws,WORKING-STORAGE,REC-UTLVAL00_WS-FILLER-89,DEFINES
UTLVAL00,program_ws,WORKING-STORAGE,REC-UTLVAL00_WS-WS-ERR-KEY,DEFINES
UTLVAL00,program_ws,WORKING-STORAGE,REC-UTLVAL00_WS-FILLER-91,DEFINES
UTLVAL00,program_ws,WORKING-STORAGE,REC-UTLVAL00_WS-WS-ERR-DESC,DEFINES
